recorded_at,experiment,label,frame_index,elapsed_s,face_detected,head_pitch,head_yaw,eye_pitch,eye_yaw,gaze_pitch,gaze_yaw,iris_offset_x,iris_offset_y
2026-08-01T13:12:29.442939+00:00,experiment_2_laptop,natural_reading_paper_2_laptop,1,0.0890,1,-2.1262,10.2581,4.7112,0.5203,2.5851,10.7784,0.0087,-0.0785
2026-08-01T13:12:29.442939+00:00,experiment_2_laptop,natural_reading_paper_2_laptop,2,0.1797,1,-2.7244,10.1231,5.0742,0.0706,2.3498,10.1937,0.0012,-0.0846
2026-08-01T13:12:29.442939+00:00,experiment_2_laptop,natural_reading_paper_2_laptop,3,0.2740,1,-2.4532,10.3858,5.0121,0.1220,2.5590,10.5078,0.0020,-0.0835
2026-08-01T13:12:29.442939+00:00,experiment_2_laptop,natural_reading_paper_2_laptop,4,0.3644,1,-2.8593,11.2878,7.1998,-0.1178,4.3405,11.1700,-0.0020,-0.1200
2026-08-01T13:12:29.442939+00:00,experiment_2_laptop,natural_reading_paper_2_laptop,5,0.4592,1,-3.2793,10.8209,5.5819,-0.1212,2.3027,10.6998,-0.0020,-0.0930
2026-08-01T13:12:29.442939+00:00,experiment_2_laptop,natural_reading_paper_2_laptop,6,0.5601,1,-3.1902,11.7248,5.7562,0.0090,2.5661,11.7338,0.0002,-0.0959
2026-08-01T13:12:29.442939+00:00,experiment_2_laptop,natural_reading_paper_2_laptop,7,0.6448,1,-3.7219,12.2094,5.3924,3.9409,1.6705,16.1503,0.0657,-0.0899
2026-08-01T13:12:29.442939+00:00,experiment_2_laptop,natural_reading_paper_2_laptop,8,0.7382,1,-2.6163,12.5816,3.5286,3.8167,0.9124,16.3983,0.0636,-0.0588
2026-08-01T13:12:29.442939+00:00,experiment_2_laptop,natural_reading_paper_2_laptop,9,0.8317,1,-1.1612,13.7216,2.5760,4.2232,1.4148,17.9448,0.0704,-0.0429
2026-08-01T13:12:29.442939+00:00,experiment_2_laptop,natural_reading_paper_2_laptop,10,0.9280,1,-1.2075,13.5043,3.7734,3.7701,2.5659,17.2745,0.0628,-0.0629
2026-08-01T13:12:29.442939+00:00,experiment_2_laptop,natural_reading_paper_2_laptop,11,1.0171,1,-1.3769,14.2577,4.1601,0.5916,2.7832,14.8493,0.0099,-0.0693
2026-08-01T13:12:29.442939+00:00,experiment_2_laptop,natural_reading_paper_2_laptop,12,1.1098,1,-1.2840,14.6374,4.5505,1.5694,3.2665,16.2067,0.0262,-0.0758
2026-08-01T13:12:29.442939+00:00,experiment_2_laptop,natural_reading_paper_2_laptop,13,1.2061,1,-1.8818,13.7189,3.2143,1.8445,1.3325,15.5634,0.0307,-0.0536
2026-08-01T13:12:29.442939+00:00,experiment_2_laptop,natural_reading_paper_2_laptop,14,1.2969,1,-0.8182,15.1129,2.1520,2.3262,1.3338,17.4390,0.0388,-0.0359
2026-08-01T13:12:29.442939+00:00,experiment_2_laptop,natural_reading_paper_2_laptop,15,1.3898,1,-1.2578,16.1027,2.1989,1.8746,0.9411,17.9773,0.0312,-0.0366
2026-08-01T13:12:29.442939+00:00,experiment_2_laptop,natural_reading_paper_2_laptop,16,1.4824,1,0.5771,17.2939,3.2785,1.4142,3.8556,18.7081,0.0236,-0.0546
2026-08-01T13:12:29.442939+00:00,experiment_2_laptop,natural_reading_paper_2_laptop,17,1.5756,1,1.1158,17.3479,0.8784,0.9221,1.9942,18.2700,0.0154,-0.0146
2026-08-01T13:12:29.442939+00:00,experiment_2_laptop,natural_reading_paper_2_laptop,18,1.6746,1,1.0808,17.3455,2.4136,2.4718,3.4944,19.8173,0.0412,-0.0402
2026-08-01T13:12:29.442939+00:00,experiment_2_laptop,natural_reading_paper_2_laptop,19,1.7619,1,2.3913,17.2158,2.8584,2.8403,5.2497,20.0561,0.0473,-0.0476
2026-08-01T13:12:29.442939+00:00,experiment_2_laptop,natural_reading_paper_2_laptop,20,1.8575,1,2.3300,18.3959,1.1176,2.3016,3.4476,20.6975,0.0384,-0.0186
2026-08-01T13:12:29.442939+00:00,experiment_2_laptop,natural_reading_paper_2_laptop,21,1.9493,1,2.0462,15.7773,2.6180,4.8565,4.6643,20.6338,0.0809,-0.0436
2026-08-01T13:12:29.442939+00:00,experiment_2_laptop,natural_reading_paper_2_laptop,22,2.0418,1,1.8698,15.8486,3.8767,3.7555,5.7465,19.6041,0.0626,-0.0646
2026-08-01T13:12:29.442939+00:00,experiment_2_laptop,natural_reading_paper_2_laptop,23,2.1339,1,2.0100,16.4518,3.2644,3.2440,5.2743,19.6958,0.0541,-0.0544
2026-08-01T13:12:29.442939+00:00,experiment_2_laptop,natural_reading_paper_2_laptop,24,2.2270,1,1.3372,14.9019,2.9587,3.3761,4.2959,18.2779,0.0563,-0.0493
2026-08-01T13:12:29.442939+00:00,experiment_2_laptop,natural_reading_paper_2_laptop,25,2.3240,1,1.0812,13.7057,2.6559,4.2141,3.7370,17.9198,0.0702,-0.0443
2026-08-01T13:12:29.442939+00:00,experiment_2_laptop,natural_reading_paper_2_laptop,26,2.4136,1,-0.2673,13.7042,4.5129,3.5929,4.2456,17.2971,0.0599,-0.0752
2026-08-01T13:12:29.442939+00:00,experiment_2_laptop,natural_reading_paper_2_laptop,27,2.5071,1,-0.5738,15.0595,4.4595,2.6695,3.8857,17.7290,0.0445,-0.0743
2026-08-01T13:12:29.442939+00:00,experiment_2_laptop,natural_reading_paper_2_laptop,28,2.6002,1,-1.8666,13.7574,5.1211,3.3413,3.2545,17.0987,0.0557,-0.0854
2026-08-01T13:12:29.442939+00:00,experiment_2_laptop,natural_reading_paper_2_laptop,29,2.6941,1,-1.7701,12.3036,4.0791,3.2607,2.3089,15.5642,0.0543,-0.0680
2026-08-01T13:12:29.442939+00:00,experiment_2_laptop,natural_reading_paper_2_laptop,30,2.7857,1,-2.5230,12.5801,5.3680,4.0557,2.8450,16.6358,0.0676,-0.0895
2026-08-01T13:12:29.442939+00:00,experiment_2_laptop,natural_reading_paper_2_laptop,31,2.8806,1,-3.0910,12.0956,6.1696,3.0463,3.0786,15.1419,0.0508,-0.1028
2026-08-01T13:12:29.442939+00:00,experiment_2_laptop,natural_reading_paper_2_laptop,32,2.9762,1,-2.7102,11.5733,5.4521,3.6122,2.7419,15.1855,0.0602,-0.0909
2026-08-01T13:12:29.442939+00:00,experiment_2_laptop,natural_reading_paper_2_laptop,33,3.0644,1,-3.4915,11.3967,7.0347,2.9945,3.5431,14.3912,0.0499,-0.1172
2026-08-01T13:12:29.442939+00:00,experiment_2_laptop,natural_reading_paper_2_laptop,34,3.1609,1,-3.5569,11.0949,6.6529,2.7164,3.0959,13.8113,0.0453,-0.1109
2026-08-01T13:12:29.442939+00:00,experiment_2_laptop,natural_reading_paper_2_laptop,35,3.2510,1,-3.4259,11.1107,4.2523,2.3882,0.8265,13.4989,0.0398,-0.0709
2026-08-01T13:12:29.442939+00:00,experiment_2_laptop,natural_reading_paper_2_laptop,36,3.3446,1,-3.7256,11.4583,3.5829,2.3472,-0.1427,13.8055,0.0391,-0.0597
2026-08-01T13:12:29.442939+00:00,experiment_2_laptop,natural_reading_paper_2_laptop,37,3.4367,1,-3.0022,11.6507,6.6172,3.0171,3.6151,14.6678,0.0503,-0.1103
2026-08-01T13:12:29.442939+00:00,experiment_2_laptop,natural_reading_paper_2_laptop,38,3.5294,1,-3.5876,11.7089,5.0181,3.1139,1.4304,14.8228,0.0519,-0.0836
2026-08-01T13:12:29.442939+00:00,experiment_2_laptop,natural_reading_paper_2_laptop,39,3.6281,1,-4.6168,11.7899,6.4164,2.9295,1.7996,14.7195,0.0488,-0.1069
2026-08-01T13:12:29.442939+00:00,experiment_2_laptop,natural_reading_paper_2_laptop,40,3.7157,1,-4.4827,11.8245,6.6261,3.3651,2.1434,15.1896,0.0561,-0.1104
2026-08-01T13:12:29.442939+00:00,experiment_2_laptop,natural_reading_paper_2_laptop,41,3.8097,1,-3.7283,11.1414,6.7492,2.6101,3.0210,13.7516,0.0435,-0.1125
2026-08-01T13:12:29.442939+00:00,experiment_2_laptop,natural_reading_paper_2_laptop,42,3.9017,1,-3.1937,11.1862,7.0542,2.7323,3.8605,13.9185,0.0455,-0.1176
2026-08-01T13:12:29.442939+00:00,experiment_2_laptop,natural_reading_paper_2_laptop,43,3.9962,1,-4.4160,11.5657,4.7469,2.9776,0.3309,14.5433,0.0496,-0.0791
2026-08-01T13:12:29.442939+00:00,experiment_2_laptop,natural_reading_paper_2_laptop,44,4.0877,1,-3.7487,11.2799,4.3236,4.0793,0.5749,15.3592,0.0680,-0.0721
2026-08-01T13:12:29.442939+00:00,experiment_2_laptop,natural_reading_paper_2_laptop,45,4.1812,1,-4.3087,11.0718,4.5510,2.7105,0.2423,13.7823,0.0452,-0.0758
2026-08-01T13:12:29.442939+00:00,experiment_2_laptop,natural_reading_paper_2_laptop,46,4.2806,1,-4.3311,11.3039,6.1848,2.6937,1.8537,13.9976,0.0449,-0.1031
2026-08-01T13:12:29.442939+00:00,experiment_2_laptop,natural_reading_paper_2_laptop,47,4.3673,1,-4.6820,11.3563,7.8694,2.7482,3.1873,14.1045,0.0458,-0.1312
2026-08-01T13:12:29.442939+00:00,experiment_2_laptop,natural_reading_paper_2_laptop,48,4.4600,1,-4.2512,11.5656,5.3508,3.2987,1.0996,14.8643,0.0550,-0.0892
2026-08-01T13:12:29.442939+00:00,experiment_2_laptop,natural_reading_paper_2_laptop,49,4.5517,1,-4.5578,10.7780,5.9335,3.0743,1.3756,13.8523,0.0512,-0.0989
2026-08-01T13:12:29.442939+00:00,experiment_2_laptop,natural_reading_paper_2_laptop,50,4.6478,1,-4.1820,10.7876,5.9654,3.4210,1.7834,14.2086,0.0570,-0.0994
2026-08-01T13:12:29.442939+00:00,experiment_2_laptop,natural_reading_paper_2_laptop,51,4.7448,1,-4.2735,11.6847,4.9436,4.0686,0.6701,15.7533,0.0678,-0.0824
2026-08-01T13:12:29.442939+00:00,experiment_2_laptop,natural_reading_paper_2_laptop,52,4.8327,1,-3.6352,11.4624,4.5504,2.8063,0.9152,14.2687,0.0468,-0.0758
2026-08-01T13:12:29.442939+00:00,experiment_2_laptop,natural_reading_paper_2_laptop,53,4.9259,1,-3.8056,11.3552,5.9730,2.3071,2.1674,13.6623,0.0385,-0.0996
2026-08-01T13:12:29.442939+00:00,experiment_2_laptop,natural_reading_paper_2_laptop,54,5.0193,1,-4.3699,11.7889,4.7864,2.8198,0.4165,14.6088,0.0470,-0.0798
2026-08-01T13:12:29.442939+00:00,experiment_2_laptop,natural_reading_paper_2_laptop,55,5.1124,1,-4.1860,11.0935,6.8173,2.5684,2.6313,13.6618,0.0428,-0.1136
2026-08-01T13:12:29.442939+00:00,experiment_2_laptop,natural_reading_paper_2_laptop,56,5.2050,1,-4.0692,11.0635,5.3370,1.4485,1.2678,12.5119,0.0241,-0.0889
2026-08-01T13:12:29.442939+00:00,experiment_2_laptop,natural_reading_paper_2_laptop,57,5.3003,1,-3.8426,11.6555,6.1915,2.9775,2.3490,14.6330,0.0496,-0.1032
2026-08-01T13:12:29.442939+00:00,experiment_2_laptop,natural_reading_paper_2_laptop,58,5.3913,1,-3.9265,11.9422,4.7595,4.1534,0.8330,16.0956,0.0692,-0.0793
2026-08-01T13:12:29.442939+00:00,experiment_2_laptop,natural_reading_paper_2_laptop,59,5.4862,1,-4.0588,11.4147,6.8622,2.9508,2.8035,14.3654,0.0492,-0.1144
2026-08-01T13:12:29.442939+00:00,experiment_2_laptop,natural_reading_paper_2_laptop,60,5.5778,1,-4.4098,11.3384,6.2396,3.2463,1.8297,14.5846,0.0541,-0.1040
2026-08-01T13:12:29.442939+00:00,experiment_2_laptop,natural_reading_paper_2_laptop,61,5.6707,1,-4.5274,11.5333,5.6102,3.6140,1.0827,15.1473,0.0602,-0.0935
2026-08-01T13:12:29.442939+00:00,experiment_2_laptop,natural_reading_paper_2_laptop,62,5.7665,1,-4.7533,10.8183,6.4965,2.6069,1.7433,13.4252,0.0434,-0.1083
2026-08-01T13:12:29.442939+00:00,experiment_2_laptop,natural_reading_paper_2_laptop,63,5.8644,1,-3.7653,11.6113,5.0140,2.7847,1.2487,14.3960,0.0464,-0.0836
2026-08-01T13:12:29.442939+00:00,experiment_2_laptop,natural_reading_paper_2_laptop,64,5.9500,1,-3.8104,10.8679,5.5114,3.7511,1.7010,14.6190,0.0625,-0.0919
2026-08-01T13:12:29.442939+00:00,experiment_2_laptop,natural_reading_paper_2_laptop,65,6.0432,1,-4.0925,10.9151,7.5376,4.1443,3.4451,15.0594,0.0691,-0.1256
2026-08-01T13:12:29.442939+00:00,experiment_2_laptop,natural_reading_paper_2_laptop,66,6.1367,1,-4.0841,11.3041,7.4480,5.2997,3.3640,16.6038,0.0883,-0.1241
2026-08-01T13:12:29.442939+00:00,experiment_2_laptop,natural_reading_paper_2_laptop,67,6.2305,1,-4.3661,10.7746,8.5089,3.7705,4.1429,14.5451,0.0628,-0.1418
2026-08-01T13:12:29.442939+00:00,experiment_2_laptop,natural_reading_paper_2_laptop,68,6.3226,1,-4.1217,11.4317,8.6899,3.6860,4.5682,15.1177,0.0614,-0.1448
2026-08-01T13:12:29.442939+00:00,experiment_2_laptop,natural_reading_paper_2_laptop,69,6.4142,1,-4.3247,10.8411,6.0255,3.0900,1.7008,13.9311,0.0515,-0.1004
2026-08-01T13:12:29.442939+00:00,experiment_2_laptop,natural_reading_paper_2_laptop,70,6.5133,1,-4.3541,12.2869,6.8370,3.9901,2.4829,16.2771,0.0665,-0.1140
2026-08-01T13:12:29.442939+00:00,experiment_2_laptop,natural_reading_paper_2_laptop,71,6.6022,1,-4.2093,10.8917,6.9666,4.0701,2.7573,14.9617,0.0678,-0.1161
2026-08-01T13:12:29.442939+00:00,experiment_2_laptop,natural_reading_paper_2_laptop,72,6.7012,1,-4.5572,11.6771,5.2886,4.0669,0.7313,15.7440,0.0678,-0.0881
2026-08-01T13:12:29.442939+00:00,experiment_2_laptop,natural_reading_paper_2_laptop,73,6.7872,1,-4.1438,11.6412,7.1148,3.9751,2.9709,15.6162,0.0663,-0.1186
2026-08-01T13:12:29.442939+00:00,experiment_2_laptop,natural_reading_paper_2_laptop,74,6.8808,1,-4.8722,11.4157,8.0390,3.2869,3.1668,14.7025,0.0548,-0.1340
2026-08-01T13:12:29.442939+00:00,experiment_2_laptop,natural_reading_paper_2_laptop,75,6.9714,1,-4.3906,10.7727,7.8937,3.6590,3.5031,14.4318,0.0610,-0.1316
2026-08-01T13:12:29.442939+00:00,experiment_2_laptop,natural_reading_paper_2_laptop,76,7.0646,1,-4.2029,11.3589,6.4172,4.5943,2.2144,15.9532,0.0766,-0.1070
2026-08-01T13:12:29.442939+00:00,experiment_2_laptop,natural_reading_paper_2_laptop,77,7.1590,1,-4.2076,11.4388,6.7643,2.5903,2.5567,14.0291,0.0432,-0.1127
2026-08-01T13:12:29.442939+00:00,experiment_2_laptop,natural_reading_paper_2_laptop,78,7.2523,1,-4.4963,11.1443,7.9431,4.5271,3.4467,15.6714,0.0755,-0.1324
2026-08-01T13:12:29.442939+00:00,experiment_2_laptop,natural_reading_paper_2_laptop,79,7.3465,1,-4.7056,11.4821,8.5514,2.3630,3.8459,13.8451,0.0394,-0.1425
2026-08-01T13:12:29.442939+00:00,experiment_2_laptop,natural_reading_paper_2_laptop,80,7.4394,1,-3.5754,12.1132,6.8043,2.2037,3.2289,14.3169,0.0367,-0.1134
2026-08-01T13:12:29.442939+00:00,experiment_2_laptop,natural_reading_paper_2_laptop,81,7.5317,1,-4.5148,10.5643,8.5414,2.3900,4.0266,12.9542,0.0398,-0.1424
2026-08-01T13:12:29.442939+00:00,experiment_2_laptop,natural_reading_paper_2_laptop,82,7.6242,1,-4.0846,10.9266,5.6892,4.1194,1.6045,15.0460,0.0687,-0.0948
2026-08-01T13:12:29.442939+00:00,experiment_2_laptop,natural_reading_paper_2_laptop,83,7.7176,1,-4.1294,11.4555,7.7463,4.3804,3.6169,15.8359,0.0730,-0.1291
2026-08-01T13:12:29.442939+00:00,experiment_2_laptop,natural_reading_paper_2_laptop,84,7.8158,1,-4.3816,11.3613,4.5257,5.2587,0.1442,16.6199,0.0876,-0.0754
2026-08-01T13:12:29.442939+00:00,experiment_2_laptop,natural_reading_paper_2_laptop,85,7.9061,1,-4.1785,11.3226,6.9689,4.0688,2.7904,15.3914,0.0678,-0.1161
2026-08-01T13:12:29.442939+00:00,experiment_2_laptop,natural_reading_paper_2_laptop,86,7.9962,1,-4.5120,10.7583,5.9511,4.8829,1.4391,15.6412,0.0814,-0.0992
2026-08-01T13:12:29.442939+00:00,experiment_2_laptop,natural_reading_paper_2_laptop,87,8.0875,1,-4.2051,11.2118,7.3059,4.0300,3.1009,15.2418,0.0672,-0.1218
2026-08-01T13:12:29.442939+00:00,experiment_2_laptop,natural_reading_paper_2_laptop,88,8.1819,1,-4.6968,11.0146,7.2347,4.2298,2.5379,15.2445,0.0705,-0.1206
2026-08-01T13:12:29.442939+00:00,experiment_2_laptop,natural_reading_paper_2_laptop,89,8.2744,1,-4.5710,11.0062,7.3253,3.5472,2.7543,14.5534,0.0591,-0.1221
2026-08-01T13:12:29.442939+00:00,experiment_2_laptop,natural_reading_paper_2_laptop,90,8.3666,1,-4.6585,11.4054,6.4829,3.8750,1.8244,15.2804,0.0646,-0.1080
2026-08-01T13:12:29.442939+00:00,experiment_2_laptop,natural_reading_paper_2_laptop,91,8.4646,1,-4.2943,10.8059,10.6415,4.7998,6.3472,15.6057,0.0800,-0.1774
2026-08-01T13:12:29.442939+00:00,experiment_2_laptop,natural_reading_paper_2_laptop,92,8.5531,1,-3.8834,11.2577,8.8066,5.2220,4.9232,16.4797,0.0870,-0.1468
2026-08-01T13:12:29.442939+00:00,experiment_2_laptop,natural_reading_paper_2_laptop,93,8.6520,1,-4.4020,11.4368,10.4001,3.8836,5.9981,15.3204,0.0647,-0.1733
2026-08-01T13:12:29.442939+00:00,experiment_2_laptop,natural_reading_paper_2_laptop,94,8.7400,1,-4.4167,11.4065,9.2298,4.5118,4.8132,15.9182,0.0752,-0.1538
2026-08-01T13:12:29.442939+00:00,experiment_2_laptop,natural_reading_paper_2_laptop,95,8.8350,1,-4.8406,10.7125,7.9150,6.2396,3.0744,16.9521,0.1040,-0.1319
2026-08-01T13:12:29.442939+00:00,experiment_2_laptop,natural_reading_paper_2_laptop,96,8.9247,1,-4.1030,10.5794,8.0088,4.7392,3.9058,15.3187,0.0790,-0.1335
2026-08-01T13:12:29.442939+00:00,experiment_2_laptop,natural_reading_paper_2_laptop,97,9.0208,1,-5.1870,11.0183,8.4479,4.8172,3.2609,15.8355,0.0803,-0.1408
2026-08-01T13:12:29.442939+00:00,experiment_2_laptop,natural_reading_paper_2_laptop,98,9.1120,1,-4.2406,11.8286,5.8863,2.9554,1.6457,14.7840,0.0493,-0.0981
2026-08-01T13:12:29.442939+00:00,experiment_2_laptop,natural_reading_paper_2_laptop,99,9.2056,1,-5.0379,11.8677,5.5594,4.4311,0.5216,16.2988,0.0739,-0.0927
2026-08-01T13:12:29.442939+00:00,experiment_2_laptop,natural_reading_paper_2_laptop,100,9.3065,1,-3.8417,11.5269,6.1640,3.1353,2.3223,14.6622,0.0523,-0.1027
2026-08-01T13:12:29.442939+00:00,experiment_2_laptop,natural_reading_paper_2_laptop,101,9.3924,1,-4.1217,12.1495,6.1065,3.9124,1.9848,16.0619,0.0652,-0.1018
2026-08-01T13:12:29.442939+00:00,experiment_2_laptop,natural_reading_paper_2_laptop,102,9.4846,1,-4.8689,11.2998,5.2617,2.1752,0.3928,13.4750,0.0363,-0.0877
2026-08-01T13:12:29.442939+00:00,experiment_2_laptop,natural_reading_paper_2_laptop,103,9.5752,1,-4.9002,11.2341,4.6297,2.5528,-0.2705,13.7869,0.0425,-0.0772
2026-08-01T13:12:29.442939+00:00,experiment_2_laptop,natural_reading_paper_2_laptop,104,9.6715,1,-4.7577,11.3419,4.7361,2.0628,-0.0216,13.4047,0.0344,-0.0789
2026-08-01T13:12:29.442939+00:00,experiment_2_laptop,natural_reading_paper_2_laptop,105,9.7651,1,-4.6348,11.4994,5.7627,2.1193,1.1279,13.6187,0.0353,-0.0960
2026-08-01T13:12:29.442939+00:00,experiment_2_laptop,natural_reading_paper_2_laptop,106,9.8556,1,-5.0437,10.7056,5.5148,3.2741,0.4711,13.9797,0.0546,-0.0919
2026-08-01T13:12:29.442939+00:00,experiment_2_laptop,natural_reading_paper_2_laptop,107,9.9502,1,-4.6260,11.3497,4.6849,2.6419,0.0590,13.9916,0.0440,-0.0781
2026-08-01T13:12:29.442939+00:00,experiment_2_laptop,natural_reading_paper_2_laptop,108,10.0428,1,-4.8575,10.6303,6.6897,3.1016,1.8322,13.7319,0.0517,-0.1115
2026-08-01T13:12:29.442939+00:00,experiment_2_laptop,natural_reading_paper_2_laptop,109,10.1362,1,-4.8227,11.1677,4.1882,2.7402,-0.6345,13.9079,0.0457,-0.0698
2026-08-01T13:12:29.442939+00:00,experiment_2_laptop,natural_reading_paper_2_laptop,110,10.2367,1,-5.4147,11.5514,7.9298,1.5769,2.5151,13.1283,0.0263,-0.1322
2026-08-01T13:12:29.442939+00:00,experiment_2_laptop,natural_reading_paper_2_laptop,111,10.3215,1,-5.2562,11.7699,8.4949,1.7905,3.2387,13.5604,0.0298,-0.1416
2026-08-01T13:12:29.442939+00:00,experiment_2_laptop,natural_reading_paper_2_laptop,112,10.4155,1,-4.8011,11.6748,7.3017,1.8109,2.5006,13.4857,0.0302,-0.1217
2026-08-01T13:12:29.442939+00:00,experiment_2_laptop,natural_reading_paper_2_laptop,113,10.5088,1,-5.1471,11.2622,6.8496,1.6511,1.7025,12.9133,0.0275,-0.1142
2026-08-01T13:12:29.442939+00:00,experiment_2_laptop,natural_reading_paper_2_laptop,114,10.6025,1,-4.6460,11.2760,5.9695,2.9139,1.3234,14.1900,0.0486,-0.0995
2026-08-01T13:12:29.442939+00:00,experiment_2_laptop,natural_reading_paper_2_laptop,115,10.6941,1,-4.3647,11.7776,5.2805,3.0734,0.9158,14.8511,0.0512,-0.0880
2026-08-01T13:12:29.442939+00:00,experiment_2_laptop,natural_reading_paper_2_laptop,116,10.7874,1,-4.7082,10.8880,7.2364,3.8077,2.5282,14.6957,0.0635,-0.1206
2026-08-01T13:12:29.442939+00:00,experiment_2_laptop,natural_reading_paper_2_laptop,117,10.8848,1,-4.4684,11.2700,4.5364,3.4383,0.0680,14.7083,0.0573,-0.0756
2026-08-01T13:12:29.442939+00:00,experiment_2_laptop,natural_reading_paper_2_laptop,118,10.9717,1,-4.3125,11.5125,4.8504,2.9302,0.5379,14.4427,0.0488,-0.0808
2026-08-01T13:12:29.442939+00:00,experiment_2_laptop,natural_reading_paper_2_laptop,119,11.0632,1,-4.5072,11.8540,4.1037,2.5753,-0.4034,14.4293,0.0429,-0.0684
2026-08-01T13:12:29.442939+00:00,experiment_2_laptop,natural_reading_paper_2_laptop,120,11.1598,1,-4.4239,12.4725,5.3436,2.1463,0.9197,14.6188,0.0358,-0.0891
2026-08-01T13:12:29.442939+00:00,experiment_2_laptop,natural_reading_paper_2_laptop,121,11.2513,1,-4.9014,13.5737,6.4361,1.8938,1.5347,15.4675,0.0316,-0.1073
2026-08-01T13:12:29.442939+00:00,experiment_2_laptop,natural_reading_paper_2_laptop,122,11.3437,1,-4.9622,13.6553,6.8258,1.6062,1.8636,15.2615,0.0268,-0.1138
2026-08-01T13:12:29.442939+00:00,experiment_2_laptop,natural_reading_paper_2_laptop,123,11.4368,1,-4.9054,13.2327,6.3465,2.1825,1.4412,15.4152,0.0364,-0.1058
2026-08-01T13:12:29.442939+00:00,experiment_2_laptop,natural_reading_paper_2_laptop,124,11.5342,1,-4.4494,14.3705,3.6694,1.6670,-0.7800,16.0375,0.0278,-0.0612
2026-08-01T13:12:29.442939+00:00,experiment_2_laptop,natural_reading_paper_2_laptop,125,11.6252,1,-4.3351,14.7430,6.1093,2.4094,1.7742,17.1523,0.0402,-0.1018
2026-08-01T13:12:29.442939+00:00,experiment_2_laptop,natural_reading_paper_2_laptop,126,11.7177,1,-4.4057,15.9710,5.5764,1.2634,1.1707,17.2344,0.0211,-0.0929
2026-08-01T13:12:29.442939+00:00,experiment_2_laptop,natural_reading_paper_2_laptop,127,11.8104,1,-4.3996,16.0237,4.8749,2.2585,0.4753,18.2822,0.0376,-0.0812
2026-08-01T13:12:29.442939+00:00,experiment_2_laptop,natural_reading_paper_2_laptop,128,11.9041,1,-3.9098,17.0392,5.2789,1.8154,1.3691,18.8546,0.0303,-0.0880
2026-08-01T13:12:29.442939+00:00,experiment_2_laptop,natural_reading_paper_2_laptop,129,12.0015,1,-4.2724,16.3783,5.1359,1.2239,0.8635,17.6022,0.0204,-0.0856
2026-08-01T13:12:29.442939+00:00,experiment_2_laptop,natural_reading_paper_2_laptop,130,12.0885,1,-4.3637,16.7168,6.7382,1.5833,2.3745,18.3001,0.0264,-0.1123
2026-08-01T13:12:29.442939+00:00,experiment_2_laptop,natural_reading_paper_2_laptop,131,12.1830,1,-3.5042,16.7770,5.7786,2.5779,2.2745,19.3549,0.0430,-0.0963
2026-08-01T13:12:29.442939+00:00,experiment_2_laptop,natural_reading_paper_2_laptop,132,12.2754,1,-3.3999,16.5630,5.1192,0.7559,1.7194,17.3189,0.0126,-0.0853
2026-08-01T13:12:29.442939+00:00,experiment_2_laptop,natural_reading_paper_2_laptop,133,12.3689,1,-4.0273,16.3825,5.2486,1.3226,1.2213,17.7051,0.0220,-0.0875
2026-08-01T13:12:29.442939+00:00,experiment_2_laptop,natural_reading_paper_2_laptop,134,12.4619,1,-3.9585,15.6103,3.9293,0.7041,-0.0292,16.3144,0.0117,-0.0655
2026-08-01T13:12:29.442939+00:00,experiment_2_laptop,natural_reading_paper_2_laptop,135,12.5536,1,-3.6943,14.7719,4.9619,1.8953,1.2676,16.6672,0.0316,-0.0827
2026-08-01T13:12:29.442939+00:00,experiment_2_laptop,natural_reading_paper_2_laptop,136,12.6531,1,-3.8159,14.9119,6.5298,0.5208,2.7139,15.4327,0.0087,-0.1088
2026-08-01T13:12:29.442939+00:00,experiment_2_laptop,natural_reading_paper_2_laptop,137,12.7396,1,-4.6462,14.1114,6.0630,1.7715,1.4169,15.8829,0.0295,-0.1011
2026-08-01T13:12:29.442939+00:00,experiment_2_laptop,natural_reading_paper_2_laptop,138,12.8340,1,-4.6710,14.3422,5.5224,2.4004,0.8514,16.7426,0.0400,-0.0920
2026-08-01T13:12:29.442939+00:00,experiment_2_laptop,natural_reading_paper_2_laptop,139,12.9284,1,-4.2595,14.9952,6.2253,1.6360,1.9658,16.6311,0.0273,-0.1038
2026-08-01T13:12:29.442939+00:00,experiment_2_laptop,natural_reading_paper_2_laptop,140,13.0203,1,-4.9648,14.3160,5.5159,1.4455,0.5511,15.7615,0.0241,-0.0919
2026-08-01T13:12:29.442939+00:00,experiment_2_laptop,natural_reading_paper_2_laptop,141,13.1132,1,-4.5305,14.3879,5.2129,2.5999,0.6825,16.9878,0.0433,-0.0869
2026-08-01T13:12:29.442939+00:00,experiment_2_laptop,natural_reading_paper_2_laptop,142,13.2048,1,-4.9059,13.2034,5.7703,1.8146,0.8644,15.0180,0.0302,-0.0962
2026-08-01T13:12:29.442939+00:00,experiment_2_laptop,natural_reading_paper_2_laptop,143,13.2997,1,-5.2447,14.4623,4.5112,2.1125,-0.7335,16.5748,0.0352,-0.0752
2026-08-01T13:12:29.442939+00:00,experiment_2_laptop,natural_reading_paper_2_laptop,144,13.3939,1,-4.7861,13.7942,4.6102,2.9132,-0.1759,16.7074,0.0486,-0.0768
2026-08-01T13:12:29.442939+00:00,experiment_2_laptop,natural_reading_paper_2_laptop,145,13.4869,1,-4.9014,13.3831,4.1847,3.7983,-0.7168,17.1814,0.0633,-0.0697
2026-08-01T13:12:29.442939+00:00,experiment_2_laptop,natural_reading_paper_2_laptop,146,13.5795,1,-5.3018,14.0747,3.6028,2.5184,-1.6990,16.5931,0.0420,-0.0600
2026-08-01T13:12:29.442939+00:00,experiment_2_laptop,natural_reading_paper_2_laptop,147,13.6720,1,-4.6382,14.7423,4.0870,3.2622,-0.5512,18.0045,0.0544,-0.0681
2026-08-01T13:12:29.442939+00:00,experiment_2_laptop,natural_reading_paper_2_laptop,148,13.7635,1,-4.8251,14.1192,4.2504,3.4686,-0.5748,17.5878,0.0578,-0.0708
2026-08-01T13:12:29.442939+00:00,experiment_2_laptop,natural_reading_paper_2_laptop,149,13.8575,1,-5.3194,12.6153,5.1467,1.8549,-0.1727,14.4702,0.0309,-0.0858
2026-08-01T13:12:29.442939+00:00,experiment_2_laptop,natural_reading_paper_2_laptop,150,13.9529,1,-5.5283,13.0030,4.0133,1.8488,-1.5150,14.8517,0.0308,-0.0669
2026-08-01T13:12:29.442939+00:00,experiment_2_laptop,natural_reading_paper_2_laptop,151,14.0448,1,-4.9834,12.3835,6.0737,1.6065,1.0903,13.9900,0.0268,-0.1012
2026-08-01T13:12:29.442939+00:00,experiment_2_laptop,natural_reading_paper_2_laptop,152,14.1385,1,-4.7920,12.8659,4.1924,2.3270,-0.5996,15.1928,0.0388,-0.0699
2026-08-01T13:12:29.442939+00:00,experiment_2_laptop,natural_reading_paper_2_laptop,153,14.2302,1,-5.1881,11.2826,3.8702,2.4802,-1.3179,13.7627,0.0413,-0.0645
2026-08-01T13:12:29.442939+00:00,experiment_2_laptop,natural_reading_paper_2_laptop,154,14.3219,1,-5.6877,12.4034,3.7090,3.6758,-1.9786,16.0792,0.0613,-0.0618
2026-08-01T13:12:29.442939+00:00,experiment_2_laptop,natural_reading_paper_2_laptop,155,14.4145,1,-5.8592,11.9247,3.9310,2.3115,-1.9282,14.2362,0.0385,-0.0655
2026-08-01T13:12:29.442939+00:00,experiment_2_laptop,natural_reading_paper_2_laptop,156,14.5078,1,-5.1076,11.9006,4.0576,2.0340,-1.0501,13.9345,0.0339,-0.0676
2026-08-01T13:12:29.442939+00:00,experiment_2_laptop,natural_reading_paper_2_laptop,157,14.6052,1,-4.9747,10.9833,7.1712,2.3916,2.1965,13.3749,0.0399,-0.1195
2026-08-01T13:12:29.442939+00:00,experiment_2_laptop,natural_reading_paper_2_laptop,158,14.6960,1,-4.1409,11.8621,3.8984,1.9247,-0.2425,13.7868,0.0321,-0.0650
2026-08-01T13:12:29.442939+00:00,experiment_2_laptop,natural_reading_paper_2_laptop,159,14.7880,1,-4.2805,11.6228,6.3414,1.1616,2.0609,12.7844,0.0194,-0.1057
2026-08-01T13:12:29.442939+00:00,experiment_2_laptop,natural_reading_paper_2_laptop,160,14.8799,1,-3.6704,11.7864,5.5701,3.0081,1.8997,14.7945,0.0501,-0.0928
2026-08-01T13:12:29.442939+00:00,experiment_2_laptop,natural_reading_paper_2_laptop,161,14.9744,1,-3.5547,10.9932,6.1890,2.5413,2.6343,13.5345,0.0424,-0.1032
2026-08-01T13:12:29.442939+00:00,experiment_2_laptop,natural_reading_paper_2_laptop,162,15.0672,1,-3.9555,11.3689,4.0473,3.0380,0.0918,14.4069,0.0506,-0.0675
2026-08-01T13:12:29.442939+00:00,experiment_2_laptop,natural_reading_paper_2_laptop,163,15.1612,1,-4.4370,11.9152,5.3509,3.0412,0.9139,14.9564,0.0507,-0.0892
2026-08-01T13:12:29.442939+00:00,experiment_2_laptop,natural_reading_paper_2_laptop,164,15.2545,1,-4.0264,11.8967,5.0275,2.2920,1.0011,14.1886,0.0382,-0.0838
2026-08-01T13:12:29.442939+00:00,experiment_2_laptop,natural_reading_paper_2_laptop,165,15.3451,1,-3.9938,11.3476,5.0170,2.1248,1.0232,13.4724,0.0354,-0.0836
2026-08-01T13:12:29.442939+00:00,experiment_2_laptop,natural_reading_paper_2_laptop,166,15.4399,1,-4.2047,11.4260,6.5870,2.3327,2.3823,13.7587,0.0389,-0.1098
2026-08-01T13:12:29.442939+00:00,experiment_2_laptop,natural_reading_paper_2_laptop,167,15.5327,1,-3.9871,10.9081,5.4402,2.6696,1.4530,13.5777,0.0445,-0.0907
2026-08-01T13:12:29.442939+00:00,experiment_2_laptop,natural_reading_paper_2_laptop,168,15.6260,1,-4.1285,11.2192,7.6261,1.8836,3.4976,13.1028,0.0314,-0.1271
2026-08-01T13:12:29.442939+00:00,experiment_2_laptop,natural_reading_paper_2_laptop,169,15.7254,1,-4.5152,10.1107,6.3674,2.1647,1.8522,12.2754,0.0361,-0.1061
2026-08-01T13:12:29.442939+00:00,experiment_2_laptop,natural_reading_paper_2_laptop,170,15.8110,1,-4.5079,11.2356,6.9250,1.8140,2.4170,13.0496,0.0302,-0.1154
2026-08-01T13:12:29.442939+00:00,experiment_2_laptop,natural_reading_paper_2_laptop,171,15.9051,1,-3.9760,11.7661,4.8324,1.0595,0.8565,12.8256,0.0177,-0.0805
2026-08-01T13:12:29.442939+00:00,experiment_2_laptop,natural_reading_paper_2_laptop,172,15.9987,1,-4.4310,11.4186,7.1216,1.2160,2.6906,12.6347,0.0203,-0.1187
2026-08-01T13:12:29.442939+00:00,experiment_2_laptop,natural_reading_paper_2_laptop,173,16.0896,1,-4.5888,11.3128,5.4007,1.8060,0.8119,13.1188,0.0301,-0.0900
2026-08-01T13:12:29.442939+00:00,experiment_2_laptop,natural_reading_paper_2_laptop,174,16.1840,1,-4.7140,12.1040,4.4242,2.5757,-0.2897,14.6797,0.0429,-0.0737
2026-08-01T13:12:29.442939+00:00,experiment_2_laptop,natural_reading_paper_2_laptop,175,16.2762,1,-5.0814,11.8927,5.0656,1.7269,-0.0158,13.6196,0.0288,-0.0844
2026-08-01T13:12:29.442939+00:00,experiment_2_laptop,natural_reading_paper_2_laptop,176,16.3749,1,-4.5384,11.7460,7.0847,1.0630,2.5463,12.8090,0.0177,-0.1181
2026-08-01T13:12:29.442939+00:00,experiment_2_laptop,natural_reading_paper_2_laptop,177,16.4634,1,-4.5524,11.4918,5.1611,3.8960,0.6087,15.3879,0.0649,-0.0860
2026-08-01T13:12:29.442939+00:00,experiment_2_laptop,natural_reading_paper_2_laptop,178,16.5549,1,-4.6396,11.2506,4.7287,3.8179,0.0891,15.0684,0.0636,-0.0788
2026-08-01T13:12:29.442939+00:00,experiment_2_laptop,natural_reading_paper_2_laptop,179,16.6492,1,-4.7506,11.2708,5.0773,2.0211,0.3267,13.2918,0.0337,-0.0846
2026-08-01T13:12:29.442939+00:00,experiment_2_laptop,natural_reading_paper_2_laptop,180,16.7406,1,-3.8289,11.7023,3.3903,3.5457,-0.4387,15.2480,0.0591,-0.0565
2026-08-01T13:12:29.442939+00:00,experiment_2_laptop,natural_reading_paper_2_laptop,181,16.8400,1,-4.2088,11.7012,3.8554,2.9766,-0.3534,14.6778,0.0496,-0.0643
2026-08-01T13:12:29.442939+00:00,experiment_2_laptop,natural_reading_paper_2_laptop,182,16.9270,1,-4.7796,11.9987,5.3829,2.7380,0.6033,14.7368,0.0456,-0.0897
2026-08-01T13:12:29.442939+00:00,experiment_2_laptop,natural_reading_paper_2_laptop,183,17.0230,1,-4.6965,11.8245,3.8319,2.7878,-0.8645,14.6122,0.0465,-0.0639
2026-08-01T13:12:29.442939+00:00,experiment_2_laptop,natural_reading_paper_2_laptop,184,17.1128,1,-3.7704,11.4300,3.7202,3.3452,-0.0502,14.7752,0.0558,-0.0620
2026-08-01T13:12:29.442939+00:00,experiment_2_laptop,natural_reading_paper_2_laptop,185,17.2072,1,-4.8097,11.4187,3.4531,1.8869,-1.3566,13.3056,0.0314,-0.0576
2026-08-01T13:12:29.442939+00:00,experiment_2_laptop,natural_reading_paper_2_laptop,186,17.2988,1,-4.7930,11.4814,3.4236,1.5028,-1.3694,12.9842,0.0250,-0.0571
2026-08-01T13:12:29.442939+00:00,experiment_2_laptop,natural_reading_paper_2_laptop,187,17.3923,1,-4.8839,11.1503,6.9591,1.5179,2.0752,12.6682,0.0253,-0.1160
2026-08-01T13:12:29.442939+00:00,experiment_2_laptop,natural_reading_paper_2_laptop,188,17.4863,1,-4.7715,11.9061,3.8864,1.6594,-0.8851,13.5654,0.0277,-0.0648
2026-08-01T13:12:29.442939+00:00,experiment_2_laptop,natural_reading_paper_2_laptop,189,17.5814,1,-4.3618,11.0485,6.5009,0.8069,2.1390,11.8555,0.0134,-0.1083
2026-08-01T13:12:29.442939+00:00,experiment_2_laptop,natural_reading_paper_2_laptop,190,17.6757,1,-4.2536,11.1307,3.9426,1.0625,-0.3111,12.1932,0.0177,-0.0657
2026-08-01T13:12:29.442939+00:00,experiment_2_laptop,natural_reading_paper_2_laptop,191,17.7661,1,-4.4998,11.0805,6.7312,1.0184,2.2313,12.0989,0.0170,-0.1122
2026-08-01T13:12:29.442939+00:00,experiment_2_laptop,natural_reading_paper_2_laptop,192,17.8590,1,-4.6316,12.0356,6.3268,1.0018,1.6952,13.0374,0.0167,-0.1054
2026-08-01T13:12:29.442939+00:00,experiment_2_laptop,natural_reading_paper_2_laptop,193,17.9540,1,-4.4141,11.7781,4.5707,1.9078,0.1566,13.6860,0.0318,-0.0762
2026-08-01T13:12:29.442939+00:00,experiment_2_laptop,natural_reading_paper_2_laptop,194,18.0462,1,-4.3452,10.9960,5.7359,1.7102,1.3907,12.7062,0.0285,-0.0956
2026-08-01T13:12:29.442939+00:00,experiment_2_laptop,natural_reading_paper_2_laptop,195,18.1419,1,-4.6853,11.2115,5.4985,1.6105,0.8132,12.8220,0.0268,-0.0916
2026-08-01T13:12:29.442939+00:00,experiment_2_laptop,natural_reading_paper_2_laptop,196,18.2316,1,-5.3447,10.8883,5.6287,2.3810,0.2840,13.2694,0.0397,-0.0938
2026-08-01T13:12:29.442939+00:00,experiment_2_laptop,natural_reading_paper_2_laptop,197,18.3249,1,-5.5258,11.0286,3.3492,2.8244,-2.1766,13.8530,0.0471,-0.0558
2026-08-01T13:12:29.442939+00:00,experiment_2_laptop,natural_reading_paper_2_laptop,198,18.4159,1,-4.5080,11.4991,5.2920,2.2947,0.7840,13.7937,0.0382,-0.0882
2026-08-01T13:12:29.442939+00:00,experiment_2_laptop,natural_reading_paper_2_laptop,199,18.5105,1,-5.1778,11.8778,5.9011,1.3124,0.7233,13.1902,0.0219,-0.0984
2026-08-01T13:12:29.442939+00:00,experiment_2_laptop,natural_reading_paper_2_laptop,200,18.6038,1,-4.7971,11.4504,6.8942,1.0233,2.0971,12.4737,0.0171,-0.1149
2026-08-01T13:12:29.442939+00:00,experiment_2_laptop,natural_reading_paper_2_laptop,201,18.6966,1,-5.5814,10.6701,4.9877,1.4617,-0.5937,12.1319,0.0244,-0.0831
2026-08-01T13:12:29.442939+00:00,experiment_2_laptop,natural_reading_paper_2_laptop,202,18.7942,1,-5.2321,11.1571,5.3149,0.7818,0.0828,11.9389,0.0130,-0.0886
2026-08-01T13:12:29.442939+00:00,experiment_2_laptop,natural_reading_paper_2_laptop,203,18.8830,1,-5.2763,11.2758,5.3213,0.8098,0.0449,12.0857,0.0135,-0.0887
2026-08-01T13:12:29.442939+00:00,experiment_2_laptop,natural_reading_paper_2_laptop,204,18.9761,1,-5.6379,11.1239,4.7653,2.4599,-0.8726,13.5838,0.0410,-0.0794
2026-08-01T13:12:29.442939+00:00,experiment_2_laptop,natural_reading_paper_2_laptop,205,19.0686,1,-5.3082,11.5879,5.1379,3.4687,-0.1703,15.0566,0.0578,-0.0856
2026-08-01T13:12:29.442939+00:00,experiment_2_laptop,natural_reading_paper_2_laptop,206,19.1627,1,-5.1270,12.1107,5.8653,1.8580,0.7384,13.9687,0.0310,-0.0978
2026-08-01T13:12:29.442939+00:00,experiment_2_laptop,natural_reading_paper_2_laptop,207,19.2527,1,-5.0332,10.7549,4.1696,2.4871,-0.8636,13.2419,0.0415,-0.0695
2026-08-01T13:12:29.442939+00:00,experiment_2_laptop,natural_reading_paper_2_laptop,208,19.3477,1,-5.1122,10.5900,4.0662,2.5066,-1.0460,13.0965,0.0418,-0.0678
2026-08-01T13:12:29.442939+00:00,experiment_2_laptop,natural_reading_paper_2_laptop,209,19.4405,1,-5.2411,11.0530,4.5776,2.0520,-0.6636,13.1050,0.0342,-0.0763
2026-08-01T13:12:29.442939+00:00,experiment_2_laptop,natural_reading_paper_2_laptop,210,19.5343,1,-4.7078,11.6189,5.0353,1.5544,0.3275,13.1733,0.0259,-0.0839
2026-08-01T13:12:29.442939+00:00,experiment_2_laptop,natural_reading_paper_2_laptop,211,19.6288,1,-5.1380,11.4509,5.1851,1.3384,0.0471,12.7893,0.0223,-0.0864
2026-08-01T13:12:29.442939+00:00,experiment_2_laptop,natural_reading_paper_2_laptop,212,19.7198,1,-5.1119,11.4467,6.3114,1.4612,1.1995,12.9079,0.0244,-0.1052
2026-08-01T13:12:29.442939+00:00,experiment_2_laptop,natural_reading_paper_2_laptop,213,19.8117,1,-4.8962,11.1289,3.9414,1.9577,-0.9547,13.0866,0.0326,-0.0657
2026-08-01T13:12:29.442939+00:00,experiment_2_laptop,natural_reading_paper_2_laptop,214,19.9093,1,-4.8366,11.0474,5.5072,1.8054,0.6706,12.8528,0.0301,-0.0918
2026-08-01T13:12:29.442939+00:00,experiment_2_laptop,natural_reading_paper_2_laptop,215,19.9984,1,-5.5239,10.4391,6.2290,2.1915,0.7051,12.6307,0.0365,-0.1038
2026-08-01T13:12:29.442939+00:00,experiment_2_laptop,natural_reading_paper_2_laptop,216,20.0914,1,-5.4911,11.0480,6.2001,1.1534,0.7090,12.2014,0.0192,-0.1033
2026-08-01T13:12:29.442939+00:00,experiment_2_laptop,natural_reading_paper_2_laptop,217,20.1833,1,-5.0515,11.4542,5.1563,2.9390,0.1048,14.3933,0.0490,-0.0859
2026-08-01T13:12:29.442939+00:00,experiment_2_laptop,natural_reading_paper_2_laptop,218,20.2775,1,-5.6250,11.0534,3.9473,2.5281,-1.6778,13.5814,0.0421,-0.0658
2026-08-01T13:12:29.442939+00:00,experiment_2_laptop,natural_reading_paper_2_laptop,219,20.3707,1,-5.8271,11.4506,5.4667,2.4010,-0.3603,13.8516,0.0400,-0.0911
2026-08-01T13:12:29.442939+00:00,experiment_2_laptop,natural_reading_paper_2_laptop,220,20.4626,1,-4.7653,11.1544,4.3466,2.0948,-0.4186,13.2492,0.0349,-0.0724
2026-08-01T13:12:29.442939+00:00,experiment_2_laptop,natural_reading_paper_2_laptop,221,20.5602,1,-5.7095,11.3552,4.6984,3.0922,-1.0111,14.4474,0.0515,-0.0783
2026-08-01T13:12:29.442939+00:00,experiment_2_laptop,natural_reading_paper_2_laptop,222,20.6483,1,-5.5713,11.0122,5.8787,1.6524,0.3074,12.6647,0.0275,-0.0980
2026-08-01T13:12:29.442939+00:00,experiment_2_laptop,natural_reading_paper_2_laptop,223,20.7461,1,-5.7041,11.7202,5.9614,1.2589,0.2573,12.9791,0.0210,-0.0994
2026-08-01T13:12:29.442939+00:00,experiment_2_laptop,natural_reading_paper_2_laptop,224,20.8341,1,-4.3394,11.9625,5.3579,0.8840,1.0186,12.8465,0.0147,-0.0893
2026-08-01T13:12:29.442939+00:00,experiment_2_laptop,natural_reading_paper_2_laptop,225,20.9291,1,-5.2263,11.4874,4.6369,1.5960,-0.5894,13.0834,0.0266,-0.0773
2026-08-01T13:12:29.442939+00:00,experiment_2_laptop,natural_reading_paper_2_laptop,226,21.0224,1,-4.3223,11.5501,4.8384,1.8151,0.5162,13.3652,0.0303,-0.0806
2026-08-01T13:12:29.442939+00:00,experiment_2_laptop,natural_reading_paper_2_laptop,227,21.1146,1,-5.2653,11.2439,5.5477,1.0451,0.2824,12.2890,0.0174,-0.0925
2026-08-01T13:12:29.442939+00:00,experiment_2_laptop,natural_reading_paper_2_laptop,228,21.2114,1,-4.9829,10.9318,5.4289,1.1394,0.4460,12.0712,0.0190,-0.0905
2026-08-01T13:12:29.442939+00:00,experiment_2_laptop,natural_reading_paper_2_laptop,229,21.2996,1,-5.5930,11.6933,4.2472,1.8543,-1.3457,13.5476,0.0309,-0.0708
2026-08-01T13:12:29.442939+00:00,experiment_2_laptop,natural_reading_paper_2_laptop,230,21.3943,1,-5.1899,11.4739,6.4364,1.7719,1.2464,13.2458,0.0295,-0.1073
2026-08-01T13:12:29.442939+00:00,experiment_2_laptop,natural_reading_paper_2_laptop,231,21.4867,1,-5.8996,11.0828,7.5905,2.2045,1.6909,13.2873,0.0367,-0.1265
2026-08-01T13:12:29.442939+00:00,experiment_2_laptop,natural_reading_paper_2_laptop,232,21.5818,1,-5.5985,11.1031,5.2486,2.9586,-0.3500,14.0617,0.0493,-0.0875
2026-08-01T13:12:29.442939+00:00,experiment_2_laptop,natural_reading_paper_2_laptop,233,21.6716,1,-5.4175,11.4825,5.3645,2.9738,-0.0530,14.4563,0.0496,-0.0894
2026-08-01T13:12:29.442939+00:00,experiment_2_laptop,natural_reading_paper_2_laptop,234,21.7647,1,-5.1397,10.6639,4.3202,2.8860,-0.8195,13.5499,0.0481,-0.0720
2026-08-01T13:12:29.442939+00:00,experiment_2_laptop,natural_reading_paper_2_laptop,235,21.8642,1,-5.3080,11.3735,4.4234,1.9594,-0.8846,13.3329,0.0327,-0.0737
2026-08-01T13:12:29.442939+00:00,experiment_2_laptop,natural_reading_paper_2_laptop,236,21.9515,1,-5.1991,11.7490,4.6039,1.6968,-0.5952,13.4458,0.0283,-0.0767
2026-08-01T13:12:29.442939+00:00,experiment_2_laptop,natural_reading_paper_2_laptop,237,22.0459,1,-4.7785,11.6524,5.5633,2.7016,0.7848,14.3541,0.0450,-0.0927
2026-08-01T13:12:29.442939+00:00,experiment_2_laptop,natural_reading_paper_2_laptop,238,22.1369,1,-4.9615,10.9701,4.8751,2.7150,-0.0863,13.6852,0.0453,-0.0813
2026-08-01T13:12:29.442939+00:00,experiment_2_laptop,natural_reading_paper_2_laptop,239,22.2311,1,-5.3989,10.8540,5.5550,3.8979,0.1561,14.7519,0.0650,-0.0926
2026-08-01T13:12:29.442939+00:00,experiment_2_laptop,natural_reading_paper_2_laptop,240,22.3229,1,-5.6629,11.4262,4.2422,3.2206,-1.4207,14.6467,0.0537,-0.0707
2026-08-01T13:12:29.442939+00:00,experiment_2_laptop,natural_reading_paper_2_laptop,241,22.4156,1,-4.7086,11.7433,4.6160,3.8615,-0.0926,15.6048,0.0644,-0.0769
2026-08-01T13:12:29.442939+00:00,experiment_2_laptop,natural_reading_paper_2_laptop,242,22.5117,1,-5.0278,11.3366,4.8468,2.8500,-0.1810,14.1866,0.0475,-0.0808
2026-08-01T13:12:29.442939+00:00,experiment_2_laptop,natural_reading_paper_2_laptop,243,22.6020,1,-5.0034,11.1550,4.3995,1.6880,-0.6039,12.8430,0.0281,-0.0733
2026-08-01T13:12:29.442939+00:00,experiment_2_laptop,natural_reading_paper_2_laptop,244,22.6977,1,-5.8660,10.9301,5.9652,2.6045,0.0991,13.5346,0.0434,-0.0994
2026-08-01T13:12:29.442939+00:00,experiment_2_laptop,natural_reading_paper_2_laptop,245,22.7899,1,-5.6916,11.6025,4.9879,2.8655,-0.7037,14.4680,0.0478,-0.0831
2026-08-01T13:12:29.442939+00:00,experiment_2_laptop,natural_reading_paper_2_laptop,246,22.8831,1,-5.2094,11.9432,4.3205,3.8533,-0.8889,15.7965,0.0642,-0.0720
2026-08-01T13:12:29.442939+00:00,experiment_2_laptop,natural_reading_paper_2_laptop,247,22.9820,1,-5.4766,10.7854,4.5604,3.1245,-0.9162,13.9099,0.0521,-0.0760
2026-08-01T13:12:29.442939+00:00,experiment_2_laptop,natural_reading_paper_2_laptop,248,23.0701,1,-4.8137,11.4674,5.5038,2.2170,0.6901,13.6845,0.0370,-0.0917
2026-08-01T13:12:29.442939+00:00,experiment_2_laptop,natural_reading_paper_2_laptop,249,23.1634,1,-5.6762,10.9826,4.2127,1.7083,-1.4635,12.6909,0.0285,-0.0702
2026-08-01T13:12:29.442939+00:00,experiment_2_laptop,natural_reading_paper_2_laptop,250,23.2563,1,-4.4730,11.2668,5.1094,2.4879,0.6364,13.7547,0.0415,-0.0852
2026-08-01T13:12:29.442939+00:00,experiment_2_laptop,natural_reading_paper_2_laptop,251,23.3496,1,-5.4516,11.3742,3.6414,2.5879,-1.8102,13.9620,0.0431,-0.0607
2026-08-01T13:12:29.442939+00:00,experiment_2_laptop,natural_reading_paper_2_laptop,252,23.4416,1,-5.0861,11.4921,6.4026,2.4753,1.3165,13.9674,0.0413,-0.1067
2026-08-01T13:12:29.442939+00:00,experiment_2_laptop,natural_reading_paper_2_laptop,253,23.5347,1,-4.8392,11.4119,6.1763,2.4683,1.3371,13.8802,0.0411,-0.1029
2026-08-01T13:12:29.442939+00:00,experiment_2_laptop,natural_reading_paper_2_laptop,254,23.6324,1,-5.0883,11.3242,6.3892,1.5748,1.3009,12.8990,0.0262,-0.1065
2026-08-01T13:12:29.442939+00:00,experiment_2_laptop,natural_reading_paper_2_laptop,255,23.7211,1,-5.5070,11.2212,5.8045,2.1911,0.2976,13.4123,0.0365,-0.0967
2026-08-01T13:12:29.442939+00:00,experiment_2_laptop,natural_reading_paper_2_laptop,256,23.8134,1,-4.9674,11.8992,4.3690,3.1447,-0.5984,15.0439,0.0524,-0.0728
2026-08-01T13:12:29.442939+00:00,experiment_2_laptop,natural_reading_paper_2_laptop,257,23.9049,1,-4.8890,10.3248,4.0160,3.1575,-0.8730,13.4824,0.0526,-0.0669
2026-08-01T13:12:29.442939+00:00,experiment_2_laptop,natural_reading_paper_2_laptop,258,23.9995,1,-5.2356,11.1841,6.1507,2.2131,0.9152,13.3973,0.0369,-0.1025
2026-08-01T13:12:29.442939+00:00,experiment_2_laptop,natural_reading_paper_2_laptop,259,24.0970,1,-5.4110,11.1139,6.2906,1.7846,0.8796,12.8985,0.0297,-0.1048
2026-08-01T13:12:29.442939+00:00,experiment_2_laptop,natural_reading_paper_2_laptop,260,24.1857,1,-4.9721,10.9202,4.1890,2.0258,-0.7830,12.9460,0.0338,-0.0698
2026-08-01T13:12:29.442939+00:00,experiment_2_laptop,natural_reading_paper_2_laptop,261,24.2791,1,-4.9646,10.9300,5.9388,1.7693,0.9742,12.6993,0.0295,-0.0990
2026-08-01T13:12:29.442939+00:00,experiment_2_laptop,natural_reading_paper_2_laptop,262,24.3723,1,-5.5058,10.9677,5.8322,2.6850,0.3264,13.6527,0.0448,-0.0972
2026-08-01T13:12:29.442939+00:00,experiment_2_laptop,natural_reading_paper_2_laptop,263,24.4651,1,-5.0949,10.6616,4.2111,4.6455,-0.8838,15.3071,0.0774,-0.0702
2026-08-01T13:12:29.442939+00:00,experiment_2_laptop,natural_reading_paper_2_laptop,264,24.5583,1,-4.9322,10.4528,4.1412,4.0558,-0.7910,14.5086,0.0676,-0.0690
2026-08-01T13:12:29.442939+00:00,experiment_2_laptop,natural_reading_paper_2_laptop,265,24.6506,1,-5.5555,11.4034,3.9919,4.9753,-1.5637,16.3787,0.0829,-0.0665
2026-08-01T13:12:29.442939+00:00,experiment_2_laptop,natural_reading_paper_2_laptop,266,24.7429,1,-5.1193,11.0675,4.3070,3.5281,-0.8123,14.5957,0.0588,-0.0718
2026-08-01T13:12:29.442939+00:00,experiment_2_laptop,natural_reading_paper_2_laptop,267,24.8376,1,-5.0914,11.5860,3.9012,3.3457,-1.1902,14.9317,0.0558,-0.0650
2026-08-01T13:12:29.442939+00:00,experiment_2_laptop,natural_reading_paper_2_laptop,268,24.9320,1,-5.5795,10.8654,5.7838,3.7766,0.2043,14.6420,0.0629,-0.0964
2026-08-01T13:12:29.442939+00:00,experiment_2_laptop,natural_reading_paper_2_laptop,269,25.0221,1,-5.7503,11.3308,3.6857,4.1718,-2.0646,15.5026,0.0695,-0.0614
2026-08-01T13:12:29.442939+00:00,experiment_2_laptop,natural_reading_paper_2_laptop,270,25.1161,1,-5.3730,10.6474,5.4261,2.9870,0.0531,13.6345,0.0498,-0.0904
2026-08-01T13:12:29.442939+00:00,experiment_2_laptop,natural_reading_paper_2_laptop,271,25.2092,1,-5.3347,11.0861,4.8618,2.6829,-0.4729,13.7691,0.0447,-0.0810
2026-08-01T13:12:29.442939+00:00,experiment_2_laptop,natural_reading_paper_2_laptop,272,25.3009,1,-4.9202,11.8001,3.9770,3.4997,-0.9432,15.2998,0.0583,-0.0663
2026-08-01T13:12:29.442939+00:00,experiment_2_laptop,natural_reading_paper_2_laptop,273,25.4032,1,-5.4949,11.8459,5.5533,2.8197,0.0584,14.6656,0.0470,-0.0926
2026-08-01T13:12:29.442939+00:00,experiment_2_laptop,natural_reading_paper_2_laptop,274,25.4884,1,-5.0526,11.5862,8.8612,3.1277,3.8086,14.7139,0.0521,-0.1477
2026-08-01T13:12:29.442939+00:00,experiment_2_laptop,natural_reading_paper_2_laptop,275,25.5824,1,-4.9659,12.9370,13.3786,3.0944,8.4127,16.0314,0.0516,-0.2230
2026-08-01T13:12:29.442939+00:00,experiment_2_laptop,natural_reading_paper_2_laptop,276,25.6713,1,-4.0562,11.7273,9.0588,5.3933,5.0025,17.1205,0.0899,-0.1510
2026-08-01T13:12:29.442939+00:00,experiment_2_laptop,natural_reading_paper_2_laptop,277,25.7675,1,-4.8981,12.3072,13.2286,3.0317,8.3305,15.3389,0.0505,-0.2205
2026-08-01T13:12:29.442939+00:00,experiment_2_laptop,natural_reading_paper_2_laptop,278,25.8609,1,-5.8045,12.7612,11.4335,4.8054,5.6290,17.5667,0.0801,-0.1906
2026-08-01T13:12:29.442939+00:00,experiment_2_laptop,natural_reading_paper_2_laptop,279,25.9522,1,-0.0780,16.0772,-1.4619,-0.4564,-1.5398,15.6207,-0.0076,0.0244
2026-08-01T13:12:29.442939+00:00,experiment_2_laptop,natural_reading_paper_2_laptop,280,26.0482,1,3.3463,19.4253,6.7925,-0.1834,10.1388,19.2420,-0.0031,-0.1132
2026-08-01T13:12:29.442939+00:00,experiment_2_laptop,natural_reading_paper_2_laptop,281,26.1372,1,4.1080,18.5882,4.2112,3.5238,8.3192,22.1121,0.0587,-0.0702
2026-08-01T13:12:29.442939+00:00,experiment_2_laptop,natural_reading_paper_2_laptop,282,26.2356,1,5.3183,20.1133,7.6762,1.1437,12.9945,21.2570,0.0191,-0.1279
2026-08-01T13:12:29.442939+00:00,experiment_2_laptop,natural_reading_paper_2_laptop,283,26.3244,1,5.1321,18.4937,5.4926,4.1070,10.6247,22.6007,0.0685,-0.0915
2026-08-01T13:12:29.442939+00:00,experiment_2_laptop,natural_reading_paper_2_laptop,284,26.4179,1,3.2482,16.7277,5.8268,2.9737,9.0750,19.7014,0.0496,-0.0971
2026-08-01T13:12:29.442939+00:00,experiment_2_laptop,natural_reading_paper_2_laptop,285,26.5165,1,2.4496,16.3569,6.2951,2.6745,8.7448,19.0314,0.0446,-0.1049
2026-08-01T13:12:29.442939+00:00,experiment_2_laptop,natural_reading_paper_2_laptop,286,26.6050,1,-1.8979,10.9201,9.3500,4.9534,7.4521,15.8735,0.0826,-0.1558
2026-08-01T13:12:29.442939+00:00,experiment_2_laptop,natural_reading_paper_2_laptop,287,26.6964,1,-0.1437,9.2673,9.1753,3.6608,9.0316,12.9281,0.0610,-0.1529
2026-08-01T13:12:29.442939+00:00,experiment_2_laptop,natural_reading_paper_2_laptop,288,26.7927,1,1.6643,9.0767,3.3760,3.3665,5.0403,12.4432,0.0561,-0.0563
2026-08-01T13:12:29.442939+00:00,experiment_2_laptop,natural_reading_paper_2_laptop,289,26.8866,1,-0.1647,9.8075,5.9494,4.5908,5.7846,14.3983,0.0765,-0.0992
2026-08-01T13:12:29.442939+00:00,experiment_2_laptop,natural_reading_paper_2_laptop,290,26.9766,1,0.8189,10.4092,8.0299,5.6324,8.8487,16.0417,0.0939,-0.1338
2026-08-01T13:12:29.442939+00:00,experiment_2_laptop,natural_reading_paper_2_laptop,291,27.0709,1,1.2155,10.7561,3.4027,1.3514,4.6182,12.1075,0.0225,-0.0567
2026-08-01T13:12:29.442939+00:00,experiment_2_laptop,natural_reading_paper_2_laptop,292,27.1618,1,-0.8324,11.3501,4.2922,2.7058,3.4598,14.0559,0.0451,-0.0715
2026-08-01T13:12:29.442939+00:00,experiment_2_laptop,natural_reading_paper_2_laptop,293,27.2571,1,-0.5548,11.8672,7.7028,2.6653,7.1481,14.5325,0.0444,-0.1284
2026-08-01T13:12:29.442939+00:00,experiment_2_laptop,natural_reading_paper_2_laptop,294,27.3492,1,-1.8372,12.4727,5.4514,2.3678,3.6142,14.8405,0.0395,-0.0909
2026-08-01T13:12:29.442939+00:00,experiment_2_laptop,natural_reading_paper_2_laptop,295,27.4407,1,-2.4173,12.9883,6.0304,3.5144,3.6131,16.5027,0.0586,-0.1005
2026-08-01T13:12:29.442939+00:00,experiment_2_laptop,natural_reading_paper_2_laptop,296,27.5352,1,-3.2193,12.3396,6.6969,2.8309,3.4777,15.1705,0.0472,-0.1116
2026-08-01T13:12:29.442939+00:00,experiment_2_laptop,natural_reading_paper_2_laptop,297,27.6285,1,-4.3379,11.3532,8.0573,2.7107,3.7194,14.0639,0.0452,-0.1343
2026-08-01T13:12:29.442939+00:00,experiment_2_laptop,natural_reading_paper_2_laptop,298,27.7202,1,-2.8089,11.6301,2.0782,3.4315,-0.7307,15.0615,0.0572,-0.0346
2026-08-01T13:12:29.442939+00:00,experiment_2_laptop,natural_reading_paper_2_laptop,299,27.8144,1,-2.3747,11.8792,13.5655,3.3984,11.1908,15.2776,0.0566,-0.2261
2026-08-01T13:12:29.442939+00:00,experiment_2_laptop,natural_reading_paper_2_laptop,300,27.9080,1,-3.5199,11.3228,12.1928,3.7265,8.6729,15.0493,0.0621,-0.2032
2026-08-01T13:12:29.442939+00:00,experiment_2_laptop,natural_reading_paper_2_laptop,301,28.0008,1,-2.2531,13.1331,4.3919,2.2688,2.1389,15.4018,0.0378,-0.0732
2026-08-01T13:12:29.442939+00:00,experiment_2_laptop,natural_reading_paper_2_laptop,302,28.0922,1,-0.6407,13.9622,4.4207,2.7192,3.7799,16.6813,0.0453,-0.0737
2026-08-01T13:12:29.442939+00:00,experiment_2_laptop,natural_reading_paper_2_laptop,303,28.1877,1,-0.2826,14.2420,3.4041,3.4868,3.1215,17.7289,0.0581,-0.0567
2026-08-01T13:12:29.442939+00:00,experiment_2_laptop,natural_reading_paper_2_laptop,304,28.2803,1,-0.5830,14.1092,6.8393,2.1698,6.2564,16.2790,0.0362,-0.1140
2026-08-01T13:12:29.442939+00:00,experiment_2_laptop,natural_reading_paper_2_laptop,305,28.3737,1,-0.9788,15.5682,6.2571,-0.8568,5.2783,14.7115,-0.0143,-0.1043
2026-08-01T13:12:29.442939+00:00,experiment_2_laptop,natural_reading_paper_2_laptop,306,28.4679,1,-2.3384,14.4086,8.4705,0.0775,6.1321,14.4862,0.0013,-0.1412
2026-08-01T13:12:29.442939+00:00,experiment_2_laptop,natural_reading_paper_2_laptop,307,28.5577,1,-2.2354,15.2439,6.0652,-1.6312,3.8298,13.6127,-0.0272,-0.1011
2026-08-01T13:12:29.442939+00:00,experiment_2_laptop,natural_reading_paper_2_laptop,308,28.6516,1,-2.5692,14.4300,6.3053,0.8853,3.7361,15.3153,0.0148,-0.1051
2026-08-01T13:12:29.442939+00:00,experiment_2_laptop,natural_reading_paper_2_laptop,309,28.7440,1,-1.9930,13.5537,9.4640,-5.6882,7.4710,7.8654,-0.0948,-0.1577
2026-08-01T13:12:29.442939+00:00,experiment_2_laptop,natural_reading_paper_2_laptop,310,28.8384,1,-4.0077,10.6898,6.1253,-4.7854,2.1175,5.9043,-0.0798,-0.1021
2026-08-01T13:12:29.442939+00:00,experiment_2_laptop,natural_reading_paper_2_laptop,311,28.9384,1,-4.4589,9.5819,4.2682,-3.2810,-0.1907,6.3009,-0.0547,-0.0711
2026-08-01T13:12:29.442939+00:00,experiment_2_laptop,natural_reading_paper_2_laptop,312,29.0228,1,-4.1705,9.2711,5.3565,-1.7588,1.1859,7.5122,-0.0293,-0.0893
2026-08-01T13:12:29.442939+00:00,experiment_2_laptop,natural_reading_paper_2_laptop,313,29.1205,1,-3.9768,6.6879,6.4427,0.0048,2.4659,6.6926,0.0001,-0.1074
2026-08-01T13:12:29.442939+00:00,experiment_2_laptop,natural_reading_paper_2_laptop,314,29.2106,1,-3.2602,5.9630,6.4646,0.4360,3.2044,6.3990,0.0073,-0.1077
2026-08-01T13:12:29.442939+00:00,experiment_2_laptop,natural_reading_paper_2_laptop,315,29.3033,1,-2.7066,6.0521,6.2570,-0.1434,3.5504,5.9087,-0.0024,-0.1043
2026-08-01T13:12:29.442939+00:00,experiment_2_laptop,natural_reading_paper_2_laptop,316,29.3965,1,-2.1359,5.8227,6.1403,-0.0319,4.0044,5.7908,-0.0005,-0.1023
2026-08-01T13:12:29.442939+00:00,experiment_2_laptop,natural_reading_paper_2_laptop,317,29.4899,1,-2.3663,5.9954,6.1657,-0.4517,3.7994,5.5437,-0.0075,-0.1028
2026-08-01T13:12:29.442939+00:00,experiment_2_laptop,natural_reading_paper_2_laptop,318,29.5809,1,-1.9848,6.0400,6.6808,-0.0711,4.6960,5.9689,-0.0012,-0.1113
2026-08-01T13:12:29.442939+00:00,experiment_2_laptop,natural_reading_paper_2_laptop,319,29.6746,1,-1.6087,6.0313,4.9156,0.3299,3.3069,6.3612,0.0055,-0.0819
2026-08-01T13:12:29.442939+00:00,experiment_2_laptop,natural_reading_paper_2_laptop,320,29.7718,1,-1.6832,5.8366,5.9931,0.1643,4.3098,6.0009,0.0027,-0.0999
2026-08-01T13:12:29.442939+00:00,experiment_2_laptop,natural_reading_paper_2_laptop,321,29.8607,1,-2.1035,5.8247,6.5554,-0.4277,4.4520,5.3970,-0.0071,-0.1093
2026-08-01T13:12:29.442939+00:00,experiment_2_laptop,natural_reading_paper_2_laptop,322,29.9536,1,-1.7637,5.6882,3.8023,-0.1247,2.0386,5.5635,-0.0021,-0.0634
2026-08-01T13:12:29.442939+00:00,experiment_2_laptop,natural_reading_paper_2_laptop,323,30.0483,1,-2.2358,6.2000,7.1790,0.7865,4.9432,6.9865,0.0131,-0.1196
2026-08-01T13:12:29.442939+00:00,experiment_2_laptop,natural_reading_paper_2_laptop,324,30.1391,1,-2.2361,5.9868,7.8409,1.0367,5.6048,7.0235,0.0173,-0.1307
2026-08-01T13:12:29.442939+00:00,experiment_2_laptop,natural_reading_paper_2_laptop,325,30.2328,1,-1.8975,7.0613,6.1248,0.4928,4.2273,7.5541,0.0082,-0.1021
2026-08-01T13:12:29.442939+00:00,experiment_2_laptop,natural_reading_paper_2_laptop,326,30.3273,1,-2.2543,7.0169,5.9621,0.8723,3.7077,7.8892,0.0145,-0.0994
2026-08-01T13:12:29.442939+00:00,experiment_2_laptop,natural_reading_paper_2_laptop,327,30.4215,1,-2.6782,6.9029,7.9738,1.5186,5.2956,8.4215,0.0253,-0.1329
2026-08-01T13:12:29.442939+00:00,experiment_2_laptop,natural_reading_paper_2_laptop,328,30.5111,1,-3.2502,6.8907,10.2974,3.1424,7.0472,10.0332,0.0524,-0.1716
2026-08-01T13:12:29.442939+00:00,experiment_2_laptop,natural_reading_paper_2_laptop,329,30.6042,1,-3.6748,9.3984,2.2051,1.3838,-1.4697,10.7822,0.0231,-0.0368
2026-08-01T13:12:29.442939+00:00,experiment_2_laptop,natural_reading_paper_2_laptop,330,30.7037,1,-4.5397,9.7193,2.8382,3.0801,-1.7015,12.7995,0.0513,-0.0473
2026-08-01T13:12:29.442939+00:00,experiment_2_laptop,natural_reading_paper_2_laptop,331,30.7907,1,-2.4137,13.2275,5.4171,1.3437,3.0034,14.5712,0.0224,-0.0903
2026-08-01T13:12:29.442939+00:00,experiment_2_laptop,natural_reading_paper_2_laptop,332,30.8868,1,-3.9778,13.4498,7.1491,2.8893,3.1713,16.3391,0.0482,-0.1192
2026-08-01T13:12:29.442939+00:00,experiment_2_laptop,natural_reading_paper_2_laptop,333,30.9768,1,-3.6226,12.6504,5.6259,1.7126,2.0033,14.3630,0.0285,-0.0938
2026-08-01T13:12:29.442939+00:00,experiment_2_laptop,natural_reading_paper_2_laptop,334,31.0718,1,-4.3066,13.2028,6.7374,1.4157,2.4308,14.6185,0.0236,-0.1123
2026-08-01T13:12:29.442939+00:00,experiment_2_laptop,natural_reading_paper_2_laptop,335,31.1651,1,-4.8844,12.3888,5.5911,1.0686,0.7067,13.4574,0.0178,-0.0932
2026-08-01T13:12:29.442939+00:00,experiment_2_laptop,natural_reading_paper_2_laptop,336,31.2598,1,-5.0763,12.3411,4.8654,0.5938,-0.2108,12.9349,0.0099,-0.0811
2026-08-01T13:12:29.442939+00:00,experiment_2_laptop,natural_reading_paper_2_laptop,337,31.3505,1,-4.4112,12.2861,6.2150,1.5062,1.8037,13.7924,0.0251,-0.1036
2026-08-01T13:12:29.442939+00:00,experiment_2_laptop,natural_reading_paper_2_laptop,338,31.4449,1,-4.9748,12.1685,6.1251,0.7678,1.1504,12.9363,0.0128,-0.1021
2026-08-01T13:12:29.442939+00:00,experiment_2_laptop,natural_reading_paper_2_laptop,339,31.5349,1,-3.8003,12.4596,5.7472,1.2688,1.9470,13.7284,0.0211,-0.0958
2026-08-01T13:12:29.442939+00:00,experiment_2_laptop,natural_reading_paper_2_laptop,340,31.6304,1,-4.2024,12.3467,5.0729,2.2820,0.8704,14.6288,0.0380,-0.0845
2026-08-01T13:12:29.442939+00:00,experiment_2_laptop,natural_reading_paper_2_laptop,341,31.7222,1,-4.1872,12.1461,4.9099,3.1126,0.7228,15.2587,0.0519,-0.0818
2026-08-01T13:12:29.442939+00:00,experiment_2_laptop,natural_reading_paper_2_laptop,342,31.8139,1,-4.5678,12.0823,3.8756,3.2506,-0.6923,15.3329,0.0542,-0.0646
2026-08-01T13:12:29.442939+00:00,experiment_2_laptop,natural_reading_paper_2_laptop,343,31.9088,1,-5.1348,12.3144,4.0487,1.5253,-1.0861,13.8397,0.0254,-0.0675
2026-08-01T13:12:29.442939+00:00,experiment_2_laptop,natural_reading_paper_2_laptop,344,32.0044,1,-5.4304,11.5685,4.5294,2.6774,-0.9011,14.2460,0.0446,-0.0755
2026-08-01T13:12:29.442939+00:00,experiment_2_laptop,natural_reading_paper_2_laptop,345,32.0934,1,-4.5913,11.1496,5.9000,3.2357,1.3087,14.3853,0.0539,-0.0983
2026-08-01T13:12:29.442939+00:00,experiment_2_laptop,natural_reading_paper_2_laptop,346,32.1876,1,-5.0632,11.7461,5.0183,3.2411,-0.0449,14.9872,0.0540,-0.0836
2026-08-01T13:12:29.442939+00:00,experiment_2_laptop,natural_reading_paper_2_laptop,347,32.2807,1,-5.0118,11.0821,4.3983,2.5845,-0.6135,13.6666,0.0431,-0.0733
2026-08-01T13:12:29.442939+00:00,experiment_2_laptop,natural_reading_paper_2_laptop,348,32.3746,1,-4.9499,12.5542,5.4308,1.8088,0.4809,14.3630,0.0301,-0.0905
2026-08-01T13:12:29.442939+00:00,experiment_2_laptop,natural_reading_paper_2_laptop,349,32.4733,1,-4.2439,11.2907,5.2849,2.4075,1.0410,13.6982,0.0401,-0.0881
2026-08-01T13:12:29.442939+00:00,experiment_2_laptop,natural_reading_paper_2_laptop,350,32.5588,1,-5.0957,11.3315,3.7622,3.7794,-1.3335,15.1108,0.0630,-0.0627
2026-08-01T13:12:29.442939+00:00,experiment_2_laptop,natural_reading_paper_2_laptop,351,32.6529,1,-4.8213,11.1602,3.2677,3.7018,-1.5536,14.8619,0.0617,-0.0545
2026-08-01T13:12:29.442939+00:00,experiment_2_laptop,natural_reading_paper_2_laptop,352,32.7480,1,-4.7093,11.8921,4.7860,2.2683,0.0767,14.1604,0.0378,-0.0798
2026-08-01T13:12:29.442939+00:00,experiment_2_laptop,natural_reading_paper_2_laptop,353,32.8393,1,-4.4697,11.7790,5.7206,1.8598,1.2509,13.6388,0.0310,-0.0953
2026-08-01T13:12:29.442939+00:00,experiment_2_laptop,natural_reading_paper_2_laptop,354,32.9314,1,-5.3505,11.3568,5.0493,3.5080,-0.3012,14.8647,0.0585,-0.0842
2026-08-01T13:12:29.442939+00:00,experiment_2_laptop,natural_reading_paper_2_laptop,355,33.0258,1,-5.1197,11.5026,4.7254,2.0659,-0.3943,13.5685,0.0344,-0.0788
2026-08-01T13:12:29.442939+00:00,experiment_2_laptop,natural_reading_paper_2_laptop,356,33.1240,1,-4.7959,11.2151,3.9912,1.3518,-0.8047,12.5668,0.0225,-0.0665
2026-08-01T13:12:29.442939+00:00,experiment_2_laptop,natural_reading_paper_2_laptop,357,33.2098,1,-4.6712,11.1601,6.1152,1.3854,1.4440,12.5456,0.0231,-0.1019
2026-08-01T13:12:29.442939+00:00,experiment_2_laptop,natural_reading_paper_2_laptop,358,33.3029,1,-4.9043,11.0602,4.5694,2.2609,-0.3349,13.3210,0.0377,-0.0762
2026-08-01T13:12:29.442939+00:00,experiment_2_laptop,natural_reading_paper_2_laptop,359,33.3975,1,-4.4926,11.9121,5.2053,2.4071,0.7128,14.3193,0.0401,-0.0868
2026-08-01T13:12:29.442939+00:00,experiment_2_laptop,natural_reading_paper_2_laptop,360,33.4905,1,-5.1060,11.5572,5.6573,1.6126,0.5513,13.1697,0.0269,-0.0943
2026-08-01T13:12:29.442939+00:00,experiment_2_laptop,natural_reading_paper_2_laptop,361,33.5833,1,-3.8802,12.3244,6.2922,2.7225,2.4119,15.0469,0.0454,-0.1049
2026-08-01T13:12:29.442939+00:00,experiment_2_laptop,natural_reading_paper_2_laptop,362,33.6779,1,-5.0678,11.5655,6.2287,2.3372,1.1609,13.9027,0.0390,-0.1038
2026-08-01T13:12:29.442939+00:00,experiment_2_laptop,natural_reading_paper_2_laptop,363,33.7680,1,-5.3845,11.1862,2.7403,3.5124,-2.6442,14.6986,0.0585,-0.0457
2026-08-01T13:12:29.442939+00:00,experiment_2_laptop,natural_reading_paper_2_laptop,364,33.8631,1,-3.9493,11.7940,4.5674,3.0381,0.6181,14.8322,0.0506,-0.0761
2026-08-01T13:12:29.442939+00:00,experiment_2_laptop,natural_reading_paper_2_laptop,365,33.9569,1,-4.4273,12.0016,6.7501,1.9195,2.3228,13.9211,0.0320,-0.1125
2026-08-01T13:12:29.442939+00:00,experiment_2_laptop,natural_reading_paper_2_laptop,366,34.0490,1,-4.2386,11.5626,5.8959,1.5538,1.6573,13.1164,0.0259,-0.0983
2026-08-01T13:12:29.442939+00:00,experiment_2_laptop,natural_reading_paper_2_laptop,367,34.1419,1,-4.2123,11.4858,5.4464,1.4071,1.2341,12.8929,0.0235,-0.0908
2026-08-01T13:12:29.442939+00:00,experiment_2_laptop,natural_reading_paper_2_laptop,368,34.2319,1,-3.9652,11.0556,3.1906,2.4313,-0.7745,13.4869,0.0405,-0.0532
2026-08-01T13:12:29.442939+00:00,experiment_2_laptop,natural_reading_paper_2_laptop,369,34.3266,1,-4.3217,11.2022,5.0132,2.1849,0.6915,13.3870,0.0364,-0.0836
2026-08-01T13:12:29.442939+00:00,experiment_2_laptop,natural_reading_paper_2_laptop,370,34.4193,1,-4.4727,11.3344,4.5253,2.2762,0.0526,13.6106,0.0379,-0.0754
2026-08-01T13:12:29.442939+00:00,experiment_2_laptop,natural_reading_paper_2_laptop,371,34.5124,1,-4.1627,11.2209,4.4263,1.8444,0.2636,13.0653,0.0307,-0.0738
2026-08-01T13:12:29.442939+00:00,experiment_2_laptop,natural_reading_paper_2_laptop,372,34.6081,1,-4.3219,11.1807,4.0415,4.1852,-0.2804,15.3659,0.0698,-0.0674
2026-08-01T13:12:29.442939+00:00,experiment_2_laptop,natural_reading_paper_2_laptop,373,34.6987,1,-4.9506,11.6449,4.7066,3.0783,-0.2440,14.7231,0.0513,-0.0784
2026-08-01T13:12:29.442939+00:00,experiment_2_laptop,natural_reading_paper_2_laptop,374,34.7950,1,-4.4689,11.0950,6.1645,3.4853,1.6956,14.5804,0.0581,-0.1027
2026-08-01T13:12:29.442939+00:00,experiment_2_laptop,natural_reading_paper_2_laptop,375,34.8863,1,-4.8078,11.2676,6.3279,3.5692,1.5201,14.8368,0.0595,-0.1055
2026-08-01T13:12:29.442939+00:00,experiment_2_laptop,natural_reading_paper_2_laptop,376,34.9778,1,-4.8925,11.3436,5.3876,2.7940,0.4951,14.1376,0.0466,-0.0898
2026-08-01T13:12:29.442939+00:00,experiment_2_laptop,natural_reading_paper_2_laptop,377,35.0772,1,-4.3892,11.3566,6.5783,2.2238,2.1891,13.5804,0.0371,-0.1096
2026-08-01T13:12:29.442939+00:00,experiment_2_laptop,natural_reading_paper_2_laptop,378,35.1641,1,-4.9957,10.5640,5.9744,2.1803,0.9787,12.7442,0.0363,-0.0996
2026-08-01T13:12:29.442939+00:00,experiment_2_laptop,natural_reading_paper_2_laptop,379,35.2582,1,-5.0275,11.3795,6.8749,3.2371,1.8474,14.6166,0.0540,-0.1146
2026-08-01T13:12:29.442939+00:00,experiment_2_laptop,natural_reading_paper_2_laptop,380,35.3516,1,-5.3145,10.7577,5.4714,2.7926,0.1569,13.5503,0.0465,-0.0912
2026-08-01T13:12:29.442939+00:00,experiment_2_laptop,natural_reading_paper_2_laptop,381,35.4431,1,-4.7746,9.8224,6.3684,2.3314,1.5938,12.1538,0.0389,-0.1061
2026-08-01T13:12:29.442939+00:00,experiment_2_laptop,natural_reading_paper_2_laptop,382,35.5361,1,-5.0686,9.8873,6.6206,1.6395,1.5520,11.5268,0.0273,-0.1103
2026-08-01T13:12:29.442939+00:00,experiment_2_laptop,natural_reading_paper_2_laptop,383,35.6295,1,-5.0482,10.6792,6.9120,2.5145,1.8638,13.1937,0.0419,-0.1152
2026-08-01T13:12:29.442939+00:00,experiment_2_laptop,natural_reading_paper_2_laptop,384,35.7249,1,-5.1893,10.3240,5.1281,2.0243,-0.0611,12.3483,0.0337,-0.0855
2026-08-01T13:12:29.442939+00:00,experiment_2_laptop,natural_reading_paper_2_laptop,385,35.8148,1,-4.6699,10.1950,3.7634,4.9137,-0.9065,15.1086,0.0819,-0.0627
2026-08-01T13:12:29.442939+00:00,experiment_2_laptop,natural_reading_paper_2_laptop,386,35.9109,1,-5.1717,10.3286,6.8427,3.0033,1.6710,13.3319,0.0501,-0.1140
2026-08-01T13:12:29.442939+00:00,experiment_2_laptop,natural_reading_paper_2_laptop,387,36.0032,1,-4.5732,10.8269,5.2057,2.9566,0.6325,13.7835,0.0493,-0.0868
2026-08-01T13:12:29.442939+00:00,experiment_2_laptop,natural_reading_paper_2_laptop,388,36.0942,1,-4.5116,11.1636,4.8825,2.3929,0.3709,13.5566,0.0399,-0.0814
2026-08-01T13:12:29.442939+00:00,experiment_2_laptop,natural_reading_paper_2_laptop,389,36.1871,1,-4.9943,10.4110,4.2437,3.8112,-0.7506,14.2222,0.0635,-0.0707
2026-08-01T13:12:29.442939+00:00,experiment_2_laptop,natural_reading_paper_2_laptop,390,36.2801,1,-4.9721,10.4965,8.1459,3.7150,3.1738,14.2114,0.0619,-0.1358
2026-08-01T13:12:29.442939+00:00,experiment_2_laptop,natural_reading_paper_2_laptop,391,36.3748,1,-4.6501,10.1678,5.7511,1.7765,1.1010,11.9443,0.0296,-0.0959
2026-08-01T13:12:29.442939+00:00,experiment_2_laptop,natural_reading_paper_2_laptop,392,36.4679,1,-5.2235,10.1456,9.1623,2.0154,3.9388,12.1610,0.0336,-0.1527
2026-08-01T13:12:29.442939+00:00,experiment_2_laptop,natural_reading_paper_2_laptop,393,36.5603,1,-4.5106,9.7848,5.6121,3.4550,1.1015,13.2398,0.0576,-0.0935
2026-08-01T13:12:29.442939+00:00,experiment_2_laptop,natural_reading_paper_2_laptop,394,36.6540,1,-5.3069,10.4411,6.3280,1.7843,1.0212,12.2253,0.0297,-0.1055
2026-08-01T13:12:29.442939+00:00,experiment_2_laptop,natural_reading_paper_2_laptop,395,36.7458,1,-5.3494,9.7874,6.5631,2.9279,1.2137,12.7153,0.0488,-0.1094
2026-08-01T13:12:29.442939+00:00,experiment_2_laptop,natural_reading_paper_2_laptop,396,36.8431,1,-4.3041,10.8489,3.8843,1.6717,-0.4198,12.5206,0.0279,-0.0647
2026-08-01T13:12:29.442939+00:00,experiment_2_laptop,natural_reading_paper_2_laptop,397,36.9325,1,-4.7747,10.3496,6.8080,1.6718,2.0333,12.0214,0.0279,-0.1135
2026-08-01T13:12:29.442939+00:00,experiment_2_laptop,natural_reading_paper_2_laptop,398,37.0259,1,-4.9425,10.1106,6.0614,0.5958,1.1189,10.7065,0.0099,-0.1010
2026-08-01T13:12:29.442939+00:00,experiment_2_laptop,natural_reading_paper_2_laptop,399,37.1196,1,-4.7162,10.3035,7.0129,3.1171,2.2967,13.4207,0.0520,-0.1169
2026-08-01T13:12:29.442939+00:00,experiment_2_laptop,natural_reading_paper_2_laptop,400,37.2111,1,-4.3390,10.8524,2.7159,3.2425,-1.6231,14.0949,0.0540,-0.0453
2026-08-01T13:12:29.442939+00:00,experiment_2_laptop,natural_reading_paper_2_laptop,401,37.3033,1,-4.4249,10.9957,2.9705,3.0337,-1.4544,14.0294,0.0506,-0.0495
2026-08-01T13:12:29.442939+00:00,experiment_2_laptop,natural_reading_paper_2_laptop,402,37.3990,1,-4.3540,10.7169,4.3989,4.0076,0.0449,14.7245,0.0668,-0.0733
2026-08-01T13:12:29.442939+00:00,experiment_2_laptop,natural_reading_paper_2_laptop,403,37.4947,1,-4.8665,9.8166,7.5232,3.4776,2.6567,13.2942,0.0580,-0.1254
2026-08-01T13:12:29.442939+00:00,experiment_2_laptop,natural_reading_paper_2_laptop,404,37.5829,1,-4.1846,9.8666,6.8755,1.9133,2.6909,11.7800,0.0319,-0.1146
2026-08-01T13:12:29.442939+00:00,experiment_2_laptop,natural_reading_paper_2_laptop,405,37.6772,1,-4.2855,10.7887,5.7601,2.5590,1.4746,13.3476,0.0426,-0.0960
2026-08-01T13:12:29.442939+00:00,experiment_2_laptop,natural_reading_paper_2_laptop,406,37.7676,1,-4.1004,10.5964,4.1386,3.2104,0.0382,13.8068,0.0535,-0.0690
2026-08-01T13:12:29.442939+00:00,experiment_2_laptop,natural_reading_paper_2_laptop,407,37.8638,1,-3.7020,9.9983,6.0841,2.2434,2.3821,12.2417,0.0374,-0.1014
2026-08-01T13:12:29.442939+00:00,experiment_2_laptop,natural_reading_paper_2_laptop,408,37.9545,1,-3.6344,11.0684,8.5559,2.5767,4.9215,13.6451,0.0429,-0.1426
2026-08-01T13:12:29.442939+00:00,experiment_2_laptop,natural_reading_paper_2_laptop,409,38.0492,1,-3.6682,9.9649,8.5289,1.5951,4.8606,11.5600,0.0266,-0.1421
2026-08-01T13:12:29.442939+00:00,experiment_2_laptop,natural_reading_paper_2_laptop,410,38.1439,1,-3.6514,9.8796,8.6759,2.1109,5.0245,11.9905,0.0352,-0.1446
2026-08-01T13:12:29.442939+00:00,experiment_2_laptop,natural_reading_paper_2_laptop,411,38.2357,1,-4.8004,10.0835,7.0200,3.0170,2.2196,13.1004,0.0503,-0.1170
2026-08-01T13:12:29.442939+00:00,experiment_2_laptop,natural_reading_paper_2_laptop,412,38.3285,1,-3.7994,10.6119,7.1780,1.4129,3.3785,12.0248,0.0235,-0.1196
2026-08-01T13:12:29.442939+00:00,experiment_2_laptop,natural_reading_paper_2_laptop,413,38.4209,1,-3.9287,10.7121,5.1783,2.5882,1.2496,13.3003,0.0431,-0.0863
2026-08-01T13:12:29.442939+00:00,experiment_2_laptop,natural_reading_paper_2_laptop,414,38.5146,1,-4.3457,10.0410,7.1528,2.7105,2.8071,12.7515,0.0452,-0.1192
2026-08-01T13:12:29.442939+00:00,experiment_2_laptop,natural_reading_paper_2_laptop,415,38.6124,1,-4.2587,9.8232,7.3590,2.0750,3.1003,11.8982,0.0346,-0.1226
2026-08-01T13:12:29.442939+00:00,experiment_2_laptop,natural_reading_paper_2_laptop,416,38.6987,1,-3.7932,9.7278,8.0344,1.6880,4.2412,11.4159,0.0281,-0.1339
2026-08-01T13:12:29.442939+00:00,experiment_2_laptop,natural_reading_paper_2_laptop,417,38.7922,1,-3.8155,9.4163,7.6169,2.0339,3.8014,11.4502,0.0339,-0.1269
2026-08-01T13:12:29.442939+00:00,experiment_2_laptop,natural_reading_paper_2_laptop,418,38.8867,1,-3.8780,10.0912,5.1174,1.2694,1.2394,11.3605,0.0212,-0.0853
2026-08-01T13:12:29.442939+00:00,experiment_2_laptop,natural_reading_paper_2_laptop,419,38.9811,1,-4.4860,9.5149,8.7403,1.8802,4.2544,11.3950,0.0313,-0.1457
2026-08-01T13:12:29.442939+00:00,experiment_2_laptop,natural_reading_paper_2_laptop,420,39.0732,1,-4.5031,9.8648,7.2463,3.9149,2.7432,13.7798,0.0652,-0.1208
2026-08-01T13:12:29.442939+00:00,experiment_2_laptop,natural_reading_paper_2_laptop,421,39.1660,1,-3.9373,10.0958,5.4331,3.8920,1.4957,13.9878,0.0649,-0.0906
2026-08-01T13:12:29.442939+00:00,experiment_2_laptop,natural_reading_paper_2_laptop,422,39.2574,1,-4.1284,9.5301,5.7334,3.9576,1.6050,13.4877,0.0660,-0.0956
2026-08-01T13:12:29.442939+00:00,experiment_2_laptop,natural_reading_paper_2_laptop,423,39.3506,1,-4.3855,10.1475,5.8371,3.4109,1.4516,13.5584,0.0568,-0.0973
2026-08-01T13:12:29.442939+00:00,experiment_2_laptop,natural_reading_paper_2_laptop,424,39.4459,1,-4.8607,9.2201,6.1384,3.8887,1.2777,13.1088,0.0648,-0.1023
2026-08-01T13:12:29.442939+00:00,experiment_2_laptop,natural_reading_paper_2_laptop,425,39.5387,1,-4.8803,9.1117,7.6259,2.2650,2.7456,11.3767,0.0378,-0.1271
2026-08-01T13:12:29.442939+00:00,experiment_2_laptop,natural_reading_paper_2_laptop,426,39.6292,1,-4.9030,9.7265,6.3398,2.5396,1.4368,12.2661,0.0423,-0.1057
2026-08-01T13:12:29.442939+00:00,experiment_2_laptop,natural_reading_paper_2_laptop,427,39.7237,1,-4.7020,8.7089,4.7316,3.2074,0.0296,11.9163,0.0535,-0.0789
2026-08-01T13:12:29.442939+00:00,experiment_2_laptop,natural_reading_paper_2_laptop,428,39.8156,1,-5.3512,9.2072,8.4233,3.6070,3.0721,12.8142,0.0601,-0.1404
2026-08-01T13:12:29.442939+00:00,experiment_2_laptop,natural_reading_paper_2_laptop,429,39.9146,1,-4.3796,9.6254,6.5064,2.4451,2.1267,12.0705,0.0408,-0.1084
2026-08-01T13:12:29.442939+00:00,experiment_2_laptop,natural_reading_paper_2_laptop,430,40.0021,1,-5.2729,9.3215,6.2897,3.6693,1.0169,12.9908,0.0612,-0.1048
2026-08-01T13:12:29.442939+00:00,experiment_2_laptop,natural_reading_paper_2_laptop,431,40.0963,1,-4.8369,9.7423,6.4513,2.8705,1.6144,12.6127,0.0478,-0.1075
2026-08-01T13:12:29.442939+00:00,experiment_2_laptop,natural_reading_paper_2_laptop,432,40.1899,1,-5.3421,9.1039,7.0780,2.8991,1.7359,12.0029,0.0483,-0.1180
2026-08-01T13:12:29.442939+00:00,experiment_2_laptop,natural_reading_paper_2_laptop,433,40.2808,1,-4.7468,9.5019,4.3213,2.6496,-0.4255,12.1515,0.0442,-0.0720
2026-08-01T13:12:29.442939+00:00,experiment_2_laptop,natural_reading_paper_2_laptop,434,40.3754,1,-5.0398,9.3623,5.3820,2.9906,0.3423,12.3529,0.0498,-0.0897
2026-08-01T13:12:29.442939+00:00,experiment_2_laptop,natural_reading_paper_2_laptop,435,40.4686,1,-5.3447,9.6202,4.7175,3.4238,-0.6272,13.0440,0.0571,-0.0786
2026-08-01T13:12:29.442939+00:00,experiment_2_laptop,natural_reading_paper_2_laptop,436,40.5598,1,-5.0545,8.9540,7.4505,2.7981,2.3960,11.7521,0.0466,-0.1242
2026-08-01T13:12:29.442939+00:00,experiment_2_laptop,natural_reading_paper_2_laptop,437,40.6540,1,-5.2424,8.8932,7.2078,3.1527,1.9653,12.0459,0.0525,-0.1201
2026-08-01T13:12:29.442939+00:00,experiment_2_laptop,natural_reading_paper_2_laptop,438,40.7470,1,-5.1635,9.1345,6.9277,2.9737,1.7643,12.1082,0.0496,-0.1155
2026-08-01T13:12:29.442939+00:00,experiment_2_laptop,natural_reading_paper_2_laptop,439,40.8406,1,-4.8966,9.3859,6.0641,3.4890,1.1675,12.8749,0.0582,-0.1011
2026-08-01T13:12:29.442939+00:00,experiment_2_laptop,natural_reading_paper_2_laptop,440,40.9331,1,-4.6722,9.1968,6.3397,2.1205,1.6675,11.3173,0.0353,-0.1057
2026-08-01T13:12:29.442939+00:00,experiment_2_laptop,natural_reading_paper_2_laptop,441,41.0261,1,-4.8069,9.1548,5.6459,2.9970,0.8390,12.1519,0.0500,-0.0941
2026-08-01T13:12:29.442939+00:00,experiment_2_laptop,natural_reading_paper_2_laptop,442,41.1200,1,-5.5281,9.0339,7.4114,2.5978,1.8834,11.6317,0.0433,-0.1235
2026-08-01T13:12:29.442939+00:00,experiment_2_laptop,natural_reading_paper_2_laptop,443,41.2139,1,-4.6157,9.5403,6.6542,3.0140,2.0385,12.5543,0.0502,-0.1109
2026-08-01T13:12:29.442939+00:00,experiment_2_laptop,natural_reading_paper_2_laptop,444,41.3041,1,-4.8545,9.0256,6.9305,3.0568,2.0760,12.0824,0.0509,-0.1155
2026-08-01T13:12:29.442939+00:00,experiment_2_laptop,natural_reading_paper_2_laptop,445,41.3965,1,-5.2258,8.9163,9.1181,2.0884,3.8923,11.0048,0.0348,-0.1520
2026-08-01T13:12:29.442939+00:00,experiment_2_laptop,natural_reading_paper_2_laptop,446,41.4902,1,-4.7814,9.2609,6.6702,3.5508,1.8888,12.8118,0.0592,-0.1112
2026-08-01T13:12:29.442939+00:00,experiment_2_laptop,natural_reading_paper_2_laptop,447,41.5828,1,-4.8172,8.8230,6.8496,3.7341,2.0324,12.5571,0.0622,-0.1142
2026-08-01T13:12:29.442939+00:00,experiment_2_laptop,natural_reading_paper_2_laptop,448,41.6843,1,-5.1580,9.0232,5.7644,3.2626,0.6064,12.2858,0.0544,-0.0961
2026-08-01T13:12:29.442939+00:00,experiment_2_laptop,natural_reading_paper_2_laptop,449,41.7697,1,-4.7209,9.5884,5.2453,3.5171,0.5244,13.1056,0.0586,-0.0874
2026-08-01T13:12:29.442939+00:00,experiment_2_laptop,natural_reading_paper_2_laptop,450,41.8679,1,-5.2677,9.6662,4.6247,3.3893,-0.6430,13.0556,0.0565,-0.0771
2026-08-01T13:12:29.442939+00:00,experiment_2_laptop,natural_reading_paper_2_laptop,451,41.9575,1,-4.1629,9.2953,6.6862,3.6894,2.5233,12.9847,0.0615,-0.1114
2026-08-01T13:12:29.442939+00:00,experiment_2_laptop,natural_reading_paper_2_laptop,452,42.0491,1,-4.3580,8.9930,3.1353,2.8482,-1.2227,11.8413,0.0475,-0.0523
2026-08-01T13:12:29.442939+00:00,experiment_2_laptop,natural_reading_paper_2_laptop,453,42.1422,1,-4.6319,9.1817,5.7699,3.9435,1.1381,13.1252,0.0657,-0.0962
2026-08-01T13:12:29.442939+00:00,experiment_2_laptop,natural_reading_paper_2_laptop,454,42.2373,1,-4.8649,9.0464,5.2204,3.7601,0.3555,12.8064,0.0627,-0.0870
2026-08-01T13:12:29.442939+00:00,experiment_2_laptop,natural_reading_paper_2_laptop,455,42.3333,1,-4.6038,8.9292,10.2314,2.7311,5.6276,11.6603,0.0455,-0.1705
2026-08-01T13:12:29.442939+00:00,experiment_2_laptop,natural_reading_paper_2_laptop,456,42.4219,1,-3.9565,9.0157,4.8270,2.5853,0.8705,11.6010,0.0431,-0.0804
2026-08-01T13:12:29.442939+00:00,experiment_2_laptop,natural_reading_paper_2_laptop,457,42.5144,1,-3.9905,9.4514,7.5030,1.8236,3.5126,11.2750,0.0304,-0.1251
2026-08-01T13:12:29.442939+00:00,experiment_2_laptop,natural_reading_paper_2_laptop,458,42.6067,1,-4.8911,9.2109,4.7932,2.3241,-0.0979,11.5350,0.0387,-0.0799
2026-08-01T13:12:29.442939+00:00,experiment_2_laptop,natural_reading_paper_2_laptop,459,42.6991,1,-4.6289,9.4617,5.9564,1.8552,1.3275,11.3169,0.0309,-0.0993
2026-08-01T13:12:29.442939+00:00,experiment_2_laptop,natural_reading_paper_2_laptop,460,42.7934,1,-4.4959,9.0683,6.6447,1.5968,2.1488,10.6651,0.0266,-0.1107
2026-08-01T13:12:29.442939+00:00,experiment_2_laptop,natural_reading_paper_2_laptop,461,42.8859,1,-4.5403,9.0178,5.5187,2.0064,0.9785,11.0243,0.0334,-0.0920
2026-08-01T13:12:29.442939+00:00,experiment_2_laptop,natural_reading_paper_2_laptop,462,42.9834,1,-4.8256,9.3064,6.1423,2.5778,1.3166,11.8842,0.0430,-0.1024
2026-08-01T13:12:29.442939+00:00,experiment_2_laptop,natural_reading_paper_2_laptop,463,43.0746,1,-5.1877,8.7955,6.0582,2.0938,0.8705,10.8893,0.0349,-0.1010
2026-08-01T13:12:29.442939+00:00,experiment_2_laptop,natural_reading_paper_2_laptop,464,43.1665,1,-4.7077,9.3840,6.0383,2.0864,1.3306,11.4704,0.0348,-0.1006
2026-08-01T13:12:29.442939+00:00,experiment_2_laptop,natural_reading_paper_2_laptop,465,43.2591,1,-4.9923,9.0237,5.7188,3.1719,0.7264,12.1956,0.0529,-0.0953
2026-08-01T13:12:29.442939+00:00,experiment_2_laptop,natural_reading_paper_2_laptop,466,43.3509,1,-5.0465,8.9237,4.7569,2.8671,-0.2896,11.7908,0.0478,-0.0793
2026-08-01T13:12:29.442939+00:00,experiment_2_laptop,natural_reading_paper_2_laptop,467,43.4502,1,-5.2200,9.4604,7.9225,3.5664,2.7025,13.0268,0.0594,-0.1320
2026-08-01T13:12:29.442939+00:00,experiment_2_laptop,natural_reading_paper_2_laptop,468,43.5391,1,-5.0283,9.4114,5.3093,2.2998,0.2810,11.7112,0.0383,-0.0885
2026-08-01T13:12:29.442939+00:00,experiment_2_laptop,natural_reading_paper_2_laptop,469,43.6329,1,-4.9798,8.5237,6.0564,2.7702,1.0766,11.2940,0.0462,-0.1009
2026-08-01T13:12:29.442939+00:00,experiment_2_laptop,natural_reading_paper_2_laptop,470,43.7250,1,-4.6965,9.3306,5.7639,2.5072,1.0674,11.8378,0.0418,-0.0961
2026-08-01T13:12:29.442939+00:00,experiment_2_laptop,natural_reading_paper_2_laptop,471,43.8175,1,-4.4969,8.4611,9.5165,1.7516,5.0197,10.2127,0.0292,-0.1586
2026-08-01T13:12:29.442939+00:00,experiment_2_laptop,natural_reading_paper_2_laptop,472,43.9088,1,-5.2290,9.1187,10.7032,2.6696,5.4743,11.7882,0.0445,-0.1784
2026-08-01T13:12:29.442939+00:00,experiment_2_laptop,natural_reading_paper_2_laptop,473,44.0035,1,-5.1390,9.0039,7.8483,2.8152,2.7093,11.8191,0.0469,-0.1308
2026-08-01T13:12:29.442939+00:00,experiment_2_laptop,natural_reading_paper_2_laptop,474,44.1019,1,-4.9736,9.0291,5.6946,2.6163,0.7211,11.6454,0.0436,-0.0949
2026-08-01T13:12:29.442939+00:00,experiment_2_laptop,natural_reading_paper_2_laptop,475,44.1887,1,-4.9454,9.1716,6.9062,2.6045,1.9608,11.7762,0.0434,-0.1151
2026-08-01T13:12:29.442939+00:00,experiment_2_laptop,natural_reading_paper_2_laptop,476,44.2827,1,-5.2893,9.0829,7.2813,2.9249,1.9920,12.0078,0.0487,-0.1214
2026-08-01T13:12:29.442939+00:00,experiment_2_laptop,natural_reading_paper_2_laptop,477,44.3744,1,-5.3843,9.0645,7.3098,1.9790,1.9255,11.0435,0.0330,-0.1218
2026-08-01T13:12:29.442939+00:00,experiment_2_laptop,natural_reading_paper_2_laptop,478,44.4690,1,-5.4034,9.3919,7.8465,2.1254,2.4431,11.5173,0.0354,-0.1308
2026-08-01T13:12:29.442939+00:00,experiment_2_laptop,natural_reading_paper_2_laptop,479,44.5608,1,-4.5347,9.6421,7.4187,2.3864,2.8840,12.0285,0.0398,-0.1236
2026-08-01T13:12:29.442939+00:00,experiment_2_laptop,natural_reading_paper_2_laptop,480,44.6547,1,-4.4605,9.9039,7.5060,2.8449,3.0455,12.7488,0.0474,-0.1251
2026-08-01T13:12:29.442939+00:00,experiment_2_laptop,natural_reading_paper_2_laptop,481,44.7513,1,-4.5327,9.4603,8.2470,2.6423,3.7143,12.1026,0.0440,-0.1374
2026-08-01T13:12:29.442939+00:00,experiment_2_laptop,natural_reading_paper_2_laptop,482,44.8397,1,-5.1022,9.2364,4.8640,1.8876,-0.2382,11.1239,0.0315,-0.0811
2026-08-01T13:12:29.442939+00:00,experiment_2_laptop,natural_reading_paper_2_laptop,483,44.9325,1,-5.1102,9.4339,6.5931,3.3404,1.4829,12.7743,0.0557,-0.1099
2026-08-01T13:12:29.442939+00:00,experiment_2_laptop,natural_reading_paper_2_laptop,484,45.0273,1,-5.2328,8.7325,5.8254,1.0293,0.5926,9.7619,0.0172,-0.0971
2026-08-01T13:14:24.061287+00:00,experiment_2_laptop,natural_writting,1,0.0884,1,-5.4102,13.2938,2.5732,-0.3163,-2.8369,12.9775,-0.0053,-0.0429
2026-08-01T13:14:24.061287+00:00,experiment_2_laptop,natural_writting,2,0.1756,1,-5.4271,12.8036,3.5334,-0.0669,-1.8938,12.7368,-0.0011,-0.0589
2026-08-01T13:14:24.061287+00:00,experiment_2_laptop,natural_writting,3,0.2671,1,-6.4155,13.6516,3.6446,-0.3165,-2.7709,13.3351,-0.0053,-0.0607
2026-08-01T13:14:24.061287+00:00,experiment_2_laptop,natural_writting,4,0.3635,1,-5.6358,12.9890,3.8074,-0.2545,-1.8283,12.7345,-0.0042,-0.0635
2026-08-01T13:14:24.061287+00:00,experiment_2_laptop,natural_writting,5,0.4559,1,-5.8941,13.0117,3.8592,-0.1978,-2.0350,12.8139,-0.0033,-0.0643
2026-08-01T13:14:24.061287+00:00,experiment_2_laptop,natural_writting,6,0.5492,1,-6.0855,14.2049,2.7407,0.1860,-3.3447,14.3910,0.0031,-0.0457
2026-08-01T13:14:24.061287+00:00,experiment_2_laptop,natural_writting,7,0.6393,1,-5.8679,13.1967,3.7707,0.0449,-2.0973,13.2416,0.0007,-0.0628
2026-08-01T13:14:24.061287+00:00,experiment_2_laptop,natural_writting,8,0.7394,1,-6.5218,14.2777,6.7003,-0.4205,0.1785,13.8572,-0.0070,-0.1117
2026-08-01T13:14:24.061287+00:00,experiment_2_laptop,natural_writting,9,0.8298,1,-6.2513,12.9987,7.6910,-1.8095,1.4397,11.1892,-0.0302,-0.1282
2026-08-01T13:14:24.061287+00:00,experiment_2_laptop,natural_writting,10,0.9213,1,-5.8179,13.4774,6.3364,-0.6889,0.5185,12.7885,-0.0115,-0.1056
2026-08-01T13:14:24.061287+00:00,experiment_2_laptop,natural_writting,11,1.0139,1,-5.4838,13.8244,6.2702,-1.6024,0.7864,12.2220,-0.0267,-0.1045
2026-08-01T13:14:24.061287+00:00,experiment_2_laptop,natural_writting,12,1.1062,1,-6.1905,13.8547,7.9136,-1.1469,1.7231,12.7077,-0.0191,-0.1319
2026-08-01T13:14:24.061287+00:00,experiment_2_laptop,natural_writting,13,1.2036,1,-5.7339,13.9063,8.0105,-0.4390,2.2766,13.4672,-0.0073,-0.1335
2026-08-01T13:14:24.061287+00:00,experiment_2_laptop,natural_writting,14,1.2927,1,-6.9872,13.4014,10.8778,-0.8413,3.8906,12.5601,-0.0140,-0.1813
2026-08-01T13:14:24.061287+00:00,experiment_2_laptop,natural_writting,15,1.3879,1,-7.4885,13.3292,9.9699,0.0370,2.4814,13.3663,0.0006,-0.1662
2026-08-01T13:14:24.061287+00:00,experiment_2_laptop,natural_writting,16,1.4812,1,-7.6493,12.9772,9.1082,-0.2196,1.4588,12.7576,-0.0037,-0.1518
2026-08-01T13:14:24.061287+00:00,experiment_2_laptop,natural_writting,17,1.5728,1,-7.7104,14.1421,10.1017,0.0273,2.3913,14.1694,0.0005,-0.1684
2026-08-01T13:14:24.061287+00:00,experiment_2_laptop,natural_writting,18,1.6658,1,-8.7687,14.7663,9.4401,0.8041,0.6714,15.5704,0.0134,-0.1573
2026-08-01T13:14:24.061287+00:00,experiment_2_laptop,natural_writting,19,1.7590,1,-9.0857,14.8058,10.9601,0.3625,1.8744,15.1683,0.0060,-0.1827
2026-08-01T13:14:24.061287+00:00,experiment_2_laptop,natural_writting,20,1.8545,1,-8.9383,14.9055,10.3352,0.9604,1.3969,15.8659,0.0160,-0.1723
2026-08-01T13:14:24.061287+00:00,experiment_2_laptop,natural_writting,21,1.9450,1,-9.4787,15.2020,11.1477,0.4384,1.6690,15.6404,0.0073,-0.1858
2026-08-01T13:14:24.061287+00:00,experiment_2_laptop,natural_writting,22,2.0381,1,-11.3931,15.6216,8.7038,0.8278,-2.6893,16.4494,0.0138,-0.1451
2026-08-01T13:14:24.061287+00:00,experiment_2_laptop,natural_writting,23,2.1313,1,-10.5635,15.6177,7.0793,0.2204,-3.4842,15.8380,0.0037,-0.1180
2026-08-01T13:14:24.061287+00:00,experiment_2_laptop,natural_writting,24,2.2223,1,-12.3940,15.7389,10.3232,0.5463,-2.0708,16.2852,0.0091,-0.1721
2026-08-01T13:14:24.061287+00:00,experiment_2_laptop,natural_writting,25,2.3167,1,-12.1843,15.1374,7.3325,0.3992,-4.8518,15.5366,0.0067,-0.1222
2026-08-01T13:14:24.061287+00:00,experiment_2_laptop,natural_writting,26,2.4105,1,-12.5412,14.8838,9.1839,0.4359,-3.3573,15.3197,0.0073,-0.1531
2026-08-01T13:14:24.061287+00:00,experiment_2_laptop,natural_writting,27,2.5061,1,-13.6369,16.0936,13.1422,1.3614,-0.4947,17.4550,0.0227,-0.2190
2026-08-01T13:14:24.061287+00:00,experiment_2_laptop,natural_writting,28,2.5949,1,-14.2633,14.8310,11.9335,0.7965,-2.3297,15.6275,0.0133,-0.1989
2026-08-01T13:14:24.061287+00:00,experiment_2_laptop,natural_writting,29,2.6891,1,-16.3543,16.3534,10.5366,0.5375,-5.8178,16.8909,0.0090,-0.1756
2026-08-01T13:14:24.061287+00:00,experiment_2_laptop,natural_writting,30,2.7794,1,-16.0030,15.3526,9.1407,0.7230,-6.8622,16.0756,0.0120,-0.1523
2026-08-01T13:14:24.061287+00:00,experiment_2_laptop,natural_writting,31,2.8755,1,-16.9124,16.0467,14.3810,0.7355,-2.5314,16.7822,0.0123,-0.2397
2026-08-01T13:14:24.061287+00:00,experiment_2_laptop,natural_writting,32,2.9688,1,-15.3603,15.8977,10.3225,0.1461,-5.0379,16.0438,0.0024,-0.1720
2026-08-01T13:14:24.061287+00:00,experiment_2_laptop,natural_writting,33,3.0618,1,-13.1702,14.4361,7.5871,-0.0717,-5.5830,14.3645,-0.0012,-0.1265
2026-08-01T13:14:24.061287+00:00,experiment_2_laptop,natural_writting,34,3.1559,1,-13.8224,15.6302,7.0907,0.3017,-6.7316,15.9319,0.0050,-0.1182
2026-08-01T13:14:24.061287+00:00,experiment_2_laptop,natural_writting,35,3.2443,1,-14.4469,14.8092,7.0675,0.4095,-7.3793,15.2187,0.0068,-0.1178
2026-08-01T13:14:24.061287+00:00,experiment_2_laptop,natural_writting,36,3.3396,1,-14.5401,14.0669,7.6814,0.3434,-6.8587,14.4103,0.0057,-0.1280
2026-08-01T13:14:24.061287+00:00,experiment_2_laptop,natural_writting,37,3.4339,1,-15.4122,16.6083,-3.1640,1.8859,-18.5762,18.4942,0.0314,0.0527
2026-08-01T13:14:24.061287+00:00,experiment_2_laptop,natural_writting,38,3.5267,1,-16.6704,16.1581,-12.5702,2.2532,-29.2405,18.4113,0.0376,0.2095
2026-08-01T13:14:24.061287+00:00,experiment_2_laptop,natural_writting,39,3.6195,1,-15.9608,15.9426,-9.0038,-1.8162,-24.9646,14.1265,-0.0303,0.1501
2026-08-01T13:14:24.061287+00:00,experiment_2_laptop,natural_writting,40,3.7127,1,-14.9009,14.6258,9.6675,-1.1906,-5.2334,13.4352,-0.0198,-0.1611
2026-08-01T13:14:24.061287+00:00,experiment_2_laptop,natural_writting,41,3.8076,1,-14.6951,13.9148,8.4082,1.0551,-6.2868,14.9699,0.0176,-0.1401
2026-08-01T13:14:24.061287+00:00,experiment_2_laptop,natural_writting,42,3.8995,1,-15.5212,14.7287,9.6351,0.8123,-5.8861,15.5410,0.0135,-0.1606
2026-08-01T13:14:24.061287+00:00,experiment_2_laptop,natural_writting,43,3.9917,1,-15.7990,13.7526,8.4355,-0.2770,-7.3635,13.4755,-0.0046,-0.1406
2026-08-01T13:14:24.061287+00:00,experiment_2_laptop,natural_writting,44,4.0836,1,-14.9117,13.4103,10.6506,-1.0351,-4.2611,12.3753,-0.0173,-0.1775
2026-08-01T13:14:24.061287+00:00,experiment_2_laptop,natural_writting,45,4.1769,1,-14.1476,10.3250,15.9146,-2.0888,1.7670,8.2362,-0.0348,-0.2652
2026-08-01T13:14:24.061287+00:00,experiment_2_laptop,natural_writting,46,4.2734,1,-14.9589,8.4147,17.1480,-1.4136,2.1892,7.0011,-0.0236,-0.2858
2026-08-01T13:14:24.061287+00:00,experiment_2_laptop,natural_writting,47,4.3632,1,-14.7829,5.5866,10.6639,-1.0807,-4.1191,4.5059,-0.0180,-0.1777
2026-08-01T13:14:24.061287+00:00,experiment_2_laptop,natural_writting,48,4.4573,1,-15.2563,5.8528,0.4916,-1.6155,-14.7647,4.2373,-0.0269,-0.0082
2026-08-01T13:14:24.061287+00:00,experiment_2_laptop,natural_writting,49,4.5495,1,-15.7958,5.8017,4.5974,-0.6125,-11.1984,5.1893,-0.0102,-0.0766
2026-08-01T13:14:24.061287+00:00,experiment_2_laptop,natural_writting,50,4.6437,1,-15.3435,7.6531,-2.3995,-5.8132,-17.7430,1.8399,-0.0969,0.0400
2026-08-01T13:14:24.061287+00:00,experiment_2_laptop,natural_writting,51,4.7416,1,-16.5131,7.2412,2.0803,-3.0055,-14.4328,4.2357,-0.0501,-0.0347
2026-08-01T13:14:24.061287+00:00,experiment_2_laptop,natural_writting,52,4.8317,1,-17.0685,6.9581,3.7003,-4.1134,-13.3682,2.8447,-0.0686,-0.0617
2026-08-01T13:14:24.061287+00:00,experiment_2_laptop,natural_writting,53,4.9238,1,-16.2223,6.2324,-1.3734,-1.0558,-17.5957,5.1766,-0.0176,0.0229
2026-08-01T13:14:24.061287+00:00,experiment_2_laptop,natural_writting,54,5.0164,1,-15.7159,6.3394,16.0641,-6.4915,0.3482,-0.1521,-0.1082,-0.2677
2026-08-01T13:14:24.061287+00:00,experiment_2_laptop,natural_writting,55,5.1077,1,-15.1270,5.8557,11.5748,-6.6396,-3.5522,-0.7839,-0.1107,-0.1929
2026-08-01T13:14:24.061287+00:00,experiment_2_laptop,natural_writting,56,5.2026,1,-15.6582,9.5664,15.7253,-3.2272,0.0671,6.3392,-0.0538,-0.2621
2026-08-01T13:14:24.061287+00:00,experiment_2_laptop,natural_writting,57,5.2938,1,-15.2752,10.0897,3.4100,-3.6314,-11.8652,6.4583,-0.0605,-0.0568
2026-08-01T13:14:24.061287+00:00,experiment_2_laptop,natural_writting,58,5.3944,1,-15.2890,10.7326,-10.1280,-1.9066,-25.4170,8.8260,-0.0318,0.1688
2026-08-01T13:14:24.061287+00:00,experiment_2_laptop,natural_writting,59,5.4816,1,-16.0249,11.3307,0.1724,-2.0779,-15.8525,9.2528,-0.0346,-0.0029
2026-08-01T13:14:24.061287+00:00,experiment_2_laptop,natural_writting,60,5.5802,1,-16.6230,12.0174,1.1738,-1.1812,-15.4492,10.8362,-0.0197,-0.0196
2026-08-01T13:14:24.061287+00:00,experiment_2_laptop,natural_writting,61,5.6665,1,-16.8419,12.8635,6.6503,-1.1541,-10.1916,11.7094,-0.0192,-0.1108
2026-08-01T13:14:24.061287+00:00,experiment_2_laptop,natural_writting,62,5.7604,1,-16.7978,12.6095,4.4019,-1.4420,-12.3959,11.1675,-0.0240,-0.0734
2026-08-01T13:14:24.061287+00:00,experiment_2_laptop,natural_writting,63,5.8535,1,-17.1096,14.0803,-12.8368,0.7141,-29.9464,14.7944,0.0119,0.2139
2026-08-01T13:14:24.061287+00:00,experiment_2_laptop,natural_writting,64,5.9449,1,-17.3743,13.1471,2.0676,-2.3287,-15.3067,10.8184,-0.0388,-0.0345
2026-08-01T13:14:24.061287+00:00,experiment_2_laptop,natural_writting,65,6.0432,1,-18.0074,12.1490,0.4528,-1.6136,-17.5546,10.5354,-0.0269,-0.0075
2026-08-01T13:14:24.061287+00:00,experiment_2_laptop,natural_writting,66,6.1314,1,-18.0986,12.7273,-2.8274,-0.9182,-20.9260,11.8090,-0.0153,0.0471
2026-08-01T13:14:24.061287+00:00,experiment_2_laptop,natural_writting,67,6.2262,1,-19.7029,12.8585,-8.8909,0.6690,-28.5938,13.5275,0.0112,0.1482
2026-08-01T13:14:24.061287+00:00,experiment_2_laptop,natural_writting,68,6.3182,1,-19.3241,11.9309,0.0417,-2.2861,-19.2824,9.6448,-0.0381,-0.0007
2026-08-01T13:14:24.061287+00:00,experiment_2_laptop,natural_writting,69,6.4121,1,-19.3769,12.5362,-10.4933,-0.1387,-29.8703,12.3975,-0.0023,0.1749
2026-08-01T13:14:24.061287+00:00,experiment_2_laptop,natural_writting,70,6.5049,1,-19.1224,12.1824,-9.1306,-3.9990,-28.2531,8.1834,-0.0667,0.1522
2026-08-01T13:14:24.061287+00:00,experiment_2_laptop,natural_writting,71,6.5973,1,-19.0945,11.6383,-3.2729,2.8678,-22.3674,14.5060,0.0478,0.0545
2026-08-01T13:14:24.061287+00:00,experiment_2_laptop,natural_writting,72,6.6933,1,-16.9746,13.2124,1.1355,0.5245,-15.8391,13.7369,0.0087,-0.0189
2026-08-01T13:14:24.061287+00:00,experiment_2_laptop,natural_writting,73,6.7837,1,-17.5528,13.8454,-2.5696,-0.3594,-20.1224,13.4860,-0.0060,0.0428
2026-08-01T13:14:24.061287+00:00,experiment_2_laptop,natural_writting,74,6.8810,1,-16.6888,12.2169,4.5695,-1.2021,-12.1193,11.0148,-0.0200,-0.0762
2026-08-01T13:14:24.061287+00:00,experiment_2_laptop,natural_writting,75,6.9705,1,-16.2279,12.7857,3.6755,-2.1876,-12.5524,10.5981,-0.0365,-0.0613
2026-08-01T13:14:24.061287+00:00,experiment_2_laptop,natural_writting,76,7.0619,1,-17.3642,12.1981,5.3619,-1.5230,-12.0023,10.6751,-0.0254,-0.0894
2026-08-01T13:14:24.061287+00:00,experiment_2_laptop,natural_writting,77,7.1611,1,-16.7099,10.7619,1.5764,-0.8744,-15.1335,9.8875,-0.0146,-0.0263
2026-08-01T13:14:24.061287+00:00,experiment_2_laptop,natural_writting,78,7.2478,1,-16.6044,11.7951,2.4624,-2.0697,-14.1419,9.7254,-0.0345,-0.0410
2026-08-01T13:14:24.061287+00:00,experiment_2_laptop,natural_writting,79,7.3425,1,-16.9419,12.8427,-1.0753,-0.4099,-18.0172,12.4328,-0.0068,0.0179
2026-08-01T13:14:24.061287+00:00,experiment_2_laptop,natural_writting,80,7.4361,1,-17.8986,13.7447,-27.3244,0.1968,-45.2230,13.9415,0.0033,0.4554
2026-08-01T13:14:24.061287+00:00,experiment_2_laptop,natural_writting,81,7.5298,1,-17.6080,13.5069,-14.4297,-0.8444,-32.0377,12.6625,-0.0141,0.2405
2026-08-01T13:14:24.061287+00:00,experiment_2_laptop,natural_writting,82,7.6202,1,-16.5565,13.7675,6.6722,1.4525,-9.8843,15.2200,0.0242,-0.1112
2026-08-01T13:14:24.061287+00:00,experiment_2_laptop,natural_writting,83,7.7141,1,-16.0604,13.5870,6.1755,0.8771,-9.8849,14.4641,0.0146,-0.1029
2026-08-01T13:14:24.061287+00:00,experiment_2_laptop,natural_writting,84,7.8123,1,-15.4250,14.7821,8.1787,-0.4975,-7.2463,14.2846,-0.0083,-0.1363
2026-08-01T13:14:24.061287+00:00,experiment_2_laptop,natural_writting,85,7.8988,1,-16.5756,15.7226,7.8159,-0.1475,-8.7598,15.5751,-0.0025,-0.1303
2026-08-01T13:14:24.061287+00:00,experiment_2_laptop,natural_writting,86,7.9937,1,-14.7165,14.5207,8.2047,0.0764,-6.5117,14.5971,0.0013,-0.1367
2026-08-01T13:14:24.061287+00:00,experiment_2_laptop,natural_writting,87,8.0877,1,-16.8487,14.7179,9.9456,1.8246,-6.9030,16.5424,0.0304,-0.1658
2026-08-01T13:14:24.061287+00:00,experiment_2_laptop,natural_writting,88,8.1795,1,-19.1494,16.6197,6.4216,1.4776,-12.7278,18.0972,0.0246,-0.1070
2026-08-01T13:14:24.061287+00:00,experiment_2_laptop,natural_writting,89,8.2707,1,-19.4812,16.3936,6.0085,0.3504,-13.4727,16.7440,0.0058,-0.1001
2026-08-01T13:14:24.061287+00:00,experiment_2_laptop,natural_writting,90,8.3643,1,-19.0363,15.8266,4.9220,1.4647,-14.1143,17.2913,0.0244,-0.0820
2026-08-01T13:14:24.061287+00:00,experiment_2_laptop,natural_writting,91,8.4619,1,-18.7090,15.4870,4.7117,1.3927,-13.9973,16.8797,0.0232,-0.0785
2026-08-01T13:14:24.061287+00:00,experiment_2_laptop,natural_writting,92,8.5518,1,-18.4054,16.1490,5.1757,1.6586,-13.2296,17.8076,0.0276,-0.0863
2026-08-01T13:14:24.061287+00:00,experiment_2_laptop,natural_writting,93,8.6457,1,-18.8549,15.8496,4.3753,2.2082,-14.4796,18.0577,0.0368,-0.0729
2026-08-01T13:14:24.061287+00:00,experiment_2_laptop,natural_writting,94,8.7370,1,-19.4797,15.3340,4.3722,2.6615,-15.1075,17.9955,0.0444,-0.0729
2026-08-01T13:14:24.061287+00:00,experiment_2_laptop,natural_writting,95,8.8315,1,-19.5889,15.2791,4.8043,1.2551,-14.7845,16.5342,0.0209,-0.0801
2026-08-01T13:14:24.061287+00:00,experiment_2_laptop,natural_writting,96,8.9246,1,-21.0872,14.8880,6.0575,0.4380,-15.0297,15.3260,0.0073,-0.1010
2026-08-01T13:14:24.061287+00:00,experiment_2_laptop,natural_writting,97,9.0189,1,-19.7505,12.5352,5.2451,1.5022,-14.5055,14.0374,0.0250,-0.0874
2026-08-01T13:14:24.061287+00:00,experiment_2_laptop,natural_writting,98,9.1137,1,-21.2568,15.2702,8.1849,2.9893,-13.0718,18.2596,0.0498,-0.1364
2026-08-01T13:14:24.061287+00:00,experiment_2_laptop,natural_writting,99,9.2036,1,-20.8793,14.0403,10.2442,9.0763,-10.6352,23.1166,0.1513,-0.1707
2026-08-01T13:14:24.061287+00:00,experiment_2_laptop,natural_writting,100,9.2970,1,-22.2085,14.8017,-0.6980,5.8734,-22.9066,20.6751,0.0979,0.0116
2026-08-01T13:14:24.061287+00:00,experiment_2_laptop,natural_writting,101,9.3887,1,-20.5246,15.6833,-4.3421,10.6442,-24.8666,26.3275,0.1774,0.0724
2026-08-01T13:14:24.061287+00:00,experiment_2_laptop,natural_writting,102,9.4823,1,-19.4211,15.9068,-35.1478,-5.1924,-54.5689,10.7144,-0.0865,0.5858
2026-08-01T13:14:24.061287+00:00,experiment_2_laptop,natural_writting,103,9.5814,1,-19.1972,15.9713,-20.6236,-0.8532,-39.8208,15.1181,-0.0142,0.3437
2026-08-01T13:14:24.061287+00:00,experiment_2_laptop,natural_writting,104,9.6692,1,-18.8129,15.0337,-15.4482,-0.1328,-34.2611,14.9009,-0.0022,0.2575
2026-08-01T13:14:24.061287+00:00,experiment_2_laptop,natural_writting,105,9.7644,1,-18.7376,13.1006,7.4584,0.8612,-11.2792,13.9618,0.0144,-0.1243
2026-08-01T13:14:24.061287+00:00,experiment_2_laptop,natural_writting,106,9.8532,1,-17.1410,13.0929,3.9774,-0.8298,-13.1636,12.2631,-0.0138,-0.0663
2026-08-01T13:14:24.061287+00:00,experiment_2_laptop,natural_writting,107,9.9477,1,-17.3799,12.2743,0.1038,-0.6394,-17.2760,11.6349,-0.0107,-0.0017
2026-08-01T13:14:24.061287+00:00,experiment_2_laptop,natural_writting,108,10.0406,1,-16.5988,13.3522,6.3634,-0.7240,-10.2355,12.6282,-0.0121,-0.1061
2026-08-01T13:14:24.061287+00:00,experiment_2_laptop,natural_writting,109,10.1323,1,-16.6352,12.8206,5.2961,0.3520,-11.3390,13.1726,0.0059,-0.0883
2026-08-01T13:14:24.061287+00:00,experiment_2_laptop,natural_writting,110,10.2313,1,-16.5773,11.6838,8.5742,-0.1269,-8.0031,11.5569,-0.0021,-0.1429
2026-08-01T13:14:24.061287+00:00,experiment_2_laptop,natural_writting,111,10.3192,1,-17.6086,12.1531,9.1308,-0.9996,-8.4778,11.1535,-0.0167,-0.1522
2026-08-01T13:14:24.061287+00:00,experiment_2_laptop,natural_writting,112,10.4156,1,-15.7608,12.2509,15.0393,1.2633,-0.7215,13.5142,0.0211,-0.2507
2026-08-01T13:14:24.061287+00:00,experiment_2_laptop,natural_writting,113,10.5047,1,-15.8751,13.1483,10.1799,-0.7863,-5.6952,12.3620,-0.0131,-0.1697
2026-08-01T13:14:24.061287+00:00,experiment_2_laptop,natural_writting,114,10.5987,1,-15.8954,12.8278,8.2817,0.4069,-7.6137,13.2347,0.0068,-0.1380
2026-08-01T13:14:24.061287+00:00,experiment_2_laptop,natural_writting,115,10.6924,1,-15.2369,12.8671,10.2455,-0.1499,-4.9914,12.7172,-0.0025,-0.1708
2026-08-01T13:14:24.061287+00:00,experiment_2_laptop,natural_writting,116,10.7855,1,-15.0260,14.0659,10.7310,0.6257,-4.2951,14.6916,0.0104,-0.1788
2026-08-01T13:14:24.061287+00:00,experiment_2_laptop,natural_writting,117,10.8782,1,-13.4994,14.0452,13.3176,0.4535,-0.1818,14.4987,0.0076,-0.2220
2026-08-01T13:14:24.061287+00:00,experiment_2_laptop,natural_writting,118,10.9723,1,-11.6922,13.8055,11.8905,0.2252,0.1984,14.0307,0.0038,-0.1982
2026-08-01T13:14:24.061287+00:00,experiment_2_laptop,natural_writting,119,11.0648,1,-10.0127,13.2488,11.3516,-0.0939,1.3389,13.1550,-0.0016,-0.1892
2026-08-01T13:14:24.061287+00:00,experiment_2_laptop,natural_writting,120,11.1564,1,-10.9141,13.2642,11.2941,-0.2624,0.3801,13.0018,-0.0044,-0.1882
2026-08-01T13:14:24.061287+00:00,experiment_2_laptop,natural_writting,121,11.2489,1,-9.1064,12.1084,1.2799,0.8306,-7.8265,12.9391,0.0138,-0.0213
2026-08-01T13:14:24.061287+00:00,experiment_2_laptop,natural_writting,122,11.3434,1,-10.0632,13.7850,3.2008,-0.2865,-6.8624,13.4985,-0.0048,-0.0533
2026-08-01T13:14:24.061287+00:00,experiment_2_laptop,natural_writting,123,11.4349,1,-10.7238,13.7983,2.0743,0.9966,-8.6496,14.7949,0.0166,-0.0346
2026-08-01T13:14:24.061287+00:00,experiment_2_laptop,natural_writting,124,11.5344,1,-11.2463,13.6338,1.8183,0.2982,-9.4280,13.9320,0.0050,-0.0303
2026-08-01T13:14:24.061287+00:00,experiment_2_laptop,natural_writting,125,11.6235,1,-11.0530,13.0496,-0.7151,0.0361,-11.7681,13.0857,0.0006,0.0119
2026-08-01T13:14:24.061287+00:00,experiment_2_laptop,natural_writting,126,11.7154,1,-10.7931,12.8692,2.8499,0.7918,-7.9432,13.6610,0.0132,-0.0475
2026-08-01T13:14:24.061287+00:00,experiment_2_laptop,natural_writting,127,11.8075,1,-10.8541,13.5308,3.9111,-0.3595,-6.9430,13.1713,-0.0060,-0.0652
2026-08-01T13:14:24.061287+00:00,experiment_2_laptop,natural_writting,128,11.9018,1,-11.5007,13.7226,5.4576,0.7975,-6.0431,14.5201,0.0133,-0.0910
2026-08-01T13:14:24.061287+00:00,experiment_2_laptop,natural_writting,129,11.9947,1,-11.3789,14.0379,1.5721,1.2886,-9.8068,15.3264,0.0215,-0.0262
2026-08-01T13:14:24.061287+00:00,experiment_2_laptop,natural_writting,130,12.0877,1,-12.6953,14.2001,4.8060,0.4307,-7.8893,14.6309,0.0072,-0.0801
2026-08-01T13:14:24.061287+00:00,experiment_2_laptop,natural_writting,131,12.1854,1,-12.6218,14.3963,0.9284,0.0076,-11.6934,14.4039,0.0001,-0.0155
2026-08-01T13:14:24.061287+00:00,experiment_2_laptop,natural_writting,132,12.2728,1,-13.2038,15.1058,-1.7103,1.4564,-14.9141,16.5622,0.0243,0.0285
2026-08-01T13:14:24.061287+00:00,experiment_2_laptop,natural_writting,133,12.3668,1,-12.5718,14.5861,-1.1520,1.1725,-13.7238,15.7586,0.0195,0.0192
2026-08-01T13:14:24.061287+00:00,experiment_2_laptop,natural_writting,134,12.4597,1,-12.7495,14.3357,1.0958,-0.3726,-11.6537,13.9632,-0.0062,-0.0183
2026-08-01T13:14:24.061287+00:00,experiment_2_laptop,natural_writting,135,12.5513,1,-12.1794,13.7046,3.4547,-1.2563,-8.7246,12.4482,-0.0209,-0.0576
2026-08-01T13:14:24.061287+00:00,experiment_2_laptop,natural_writting,136,12.6485,1,-11.3056,13.7779,3.6039,-0.6814,-7.7017,13.0965,-0.0114,-0.0601
2026-08-01T13:14:24.061287+00:00,experiment_2_laptop,natural_writting,137,12.7395,1,-11.7750,13.3366,7.3212,0.7946,-4.4538,14.1312,0.0132,-0.1220
2026-08-01T13:14:24.061287+00:00,experiment_2_laptop,natural_writting,138,12.8333,1,-11.7986,13.3146,2.9529,-1.5504,-8.8458,11.7642,-0.0258,-0.0492
2026-08-01T13:14:24.061287+00:00,experiment_2_laptop,natural_writting,139,12.9262,1,-11.4613,14.5226,5.2914,-0.7990,-6.1698,13.7236,-0.0133,-0.0882
2026-08-01T13:14:24.061287+00:00,experiment_2_laptop,natural_writting,140,13.0181,1,-11.7611,14.8933,5.7647,-0.1246,-5.9963,14.7687,-0.0021,-0.0961
2026-08-01T13:14:24.061287+00:00,experiment_2_laptop,natural_writting,141,13.1115,1,-12.4362,14.6080,-0.2196,0.1616,-12.6559,14.7696,0.0027,0.0037
2026-08-01T13:14:24.061287+00:00,experiment_2_laptop,natural_writting,142,13.2030,1,-13.3759,15.2322,6.8648,0.7090,-6.5111,15.9413,0.0118,-0.1144
2026-08-01T13:14:24.061287+00:00,experiment_2_laptop,natural_writting,143,13.3003,1,-15.6435,16.0158,-4.2802,-0.1172,-19.9237,15.8986,-0.0020,0.0713
2026-08-01T13:14:24.061287+00:00,experiment_2_laptop,natural_writting,144,13.3910,1,-17.3587,16.0554,-5.4244,-2.6762,-22.7831,13.3792,-0.0446,0.0904
2026-08-01T13:14:24.061287+00:00,experiment_2_laptop,natural_writting,145,13.4835,1,-18.8587,16.5028,-12.4745,-1.7463,-31.3331,14.7565,-0.0291,0.2079
2026-08-01T13:14:24.061287+00:00,experiment_2_laptop,natural_writting,146,13.5756,0,0.0000,0.0000,0.0000,0.0000,0.0000,0.0000,0.0000,0.0000
2026-08-01T13:14:24.061287+00:00,experiment_2_laptop,natural_writting,147,13.6708,1,-18.4524,13.1788,-38.4289,-3.8605,-56.8814,9.3183,-0.0643,0.6405
2026-08-01T13:14:24.061287+00:00,experiment_2_laptop,natural_writting,148,13.7628,1,-20.4409,15.4369,-36.7885,-5.0141,-57.2295,10.4228,-0.0836,0.6131
2026-08-01T13:14:24.061287+00:00,experiment_2_laptop,natural_writting,149,13.8573,1,-19.5723,15.2469,-31.5255,-4.7547,-51.0978,10.4922,-0.0792,0.5254
2026-08-01T13:14:24.061287+00:00,experiment_2_laptop,natural_writting,150,13.9487,1,-20.2582,14.5925,-11.3908,1.1110,-31.6489,15.7035,0.0185,0.1898
2026-08-01T13:14:24.061287+00:00,experiment_2_laptop,natural_writting,151,14.0428,1,-18.8461,13.8990,-32.0499,2.6487,-50.8960,16.5477,0.0441,0.5342
2026-08-01T13:14:24.061287+00:00,experiment_2_laptop,natural_writting,152,14.1371,1,-18.5264,12.6564,-26.3239,0.6569,-44.8504,13.3132,0.0109,0.4387
2026-08-01T13:14:24.061287+00:00,experiment_2_laptop,natural_writting,153,14.2276,1,-20.0159,14.9672,-37.2744,1.8384,-57.2904,16.8056,0.0306,0.6212
2026-08-01T13:14:24.061287+00:00,experiment_2_laptop,natural_writting,154,14.3223,1,-18.3006,12.7880,-1.0728,0.1557,-19.3734,12.9437,0.0026,0.0179
2026-08-01T13:14:24.061287+00:00,experiment_2_laptop,natural_writting,155,14.4150,1,-19.0432,13.6605,-5.3652,-1.0266,-24.4084,12.6339,-0.0171,0.0894
2026-08-01T13:14:24.061287+00:00,experiment_2_laptop,natural_writting,156,14.5091,1,-19.6542,13.9008,-20.4046,-0.4075,-40.0588,13.4933,-0.0068,0.3401
2026-08-01T13:14:24.061287+00:00,experiment_2_laptop,natural_writting,157,14.6015,1,-19.1316,14.3293,-7.5917,1.1102,-26.7233,15.4395,0.0185,0.1265
2026-08-01T13:14:24.061287+00:00,experiment_2_laptop,natural_writting,158,14.6942,1,-19.4540,13.6388,-3.2369,-0.9635,-22.6909,12.6753,-0.0161,0.0539
2026-08-01T13:14:24.061287+00:00,experiment_2_laptop,natural_writting,159,14.7867,1,-19.6556,12.3061,-3.1181,0.1809,-22.7737,12.4870,0.0030,0.0520
2026-08-01T13:14:24.061287+00:00,experiment_2_laptop,natural_writting,160,14.8803,1,-20.6962,13.0954,-10.7915,0.7501,-31.4877,13.8455,0.0125,0.1799
2026-08-01T13:14:24.061287+00:00,experiment_2_laptop,natural_writting,161,14.9730,1,-18.4569,12.0456,5.0022,-4.7865,-13.4547,7.2592,-0.0798,-0.0834
2026-08-01T13:14:24.061287+00:00,experiment_2_laptop,natural_writting,162,15.0714,1,-20.1182,14.1427,6.4491,-0.0785,-13.6690,14.0643,-0.0013,-0.1075
2026-08-01T13:14:24.061287+00:00,experiment_2_laptop,natural_writting,163,15.1575,1,-16.0186,10.4198,-1.4482,-1.5369,-17.4669,8.8829,-0.0256,0.0241
2026-08-01T13:14:24.061287+00:00,experiment_2_laptop,natural_writting,164,15.2524,1,-19.6404,11.7985,14.0285,-5.9502,-5.6119,5.8483,-0.0992,-0.2338
2026-08-01T13:14:24.061287+00:00,experiment_2_laptop,natural_writting,165,15.3438,1,-19.8959,11.0341,-1.5661,2.9253,-21.4620,13.9594,0.0488,0.0261
2026-08-01T13:14:24.061287+00:00,experiment_2_laptop,natural_writting,166,15.4376,1,-19.6714,10.0846,0.0479,1.1917,-19.6235,11.2763,0.0199,-0.0008
2026-08-01T13:14:24.061287+00:00,experiment_2_laptop,natural_writting,167,15.5310,1,-20.0785,11.2528,-3.1727,2.9569,-23.2512,14.2097,0.0493,0.0529
2026-08-01T13:14:24.061287+00:00,experiment_2_laptop,natural_writting,168,15.6224,1,-18.2767,10.5899,5.2830,0.6306,-12.9937,11.2205,0.0105,-0.0880
2026-08-01T13:14:24.061287+00:00,experiment_2_laptop,natural_writting,169,15.7213,1,-19.8765,11.9643,6.4736,0.3514,-13.4029,12.3157,0.0059,-0.1079
2026-08-01T13:14:24.061287+00:00,experiment_2_laptop,natural_writting,170,15.8091,1,-19.1477,11.6737,7.0879,-0.1605,-12.0598,11.5133,-0.0027,-0.1181
2026-08-01T13:14:24.061287+00:00,experiment_2_laptop,natural_writting,171,15.9015,1,-18.9689,11.1363,6.6418,-0.0249,-12.3271,11.1114,-0.0004,-0.1107
2026-08-01T13:14:24.061287+00:00,experiment_2_laptop,natural_writting,172,15.9959,1,-18.0143,10.9724,6.6840,0.5182,-11.3303,11.4906,0.0086,-0.1114
2026-08-01T13:14:24.061287+00:00,experiment_2_laptop,natural_writting,173,16.0894,1,-18.0400,11.4908,6.2320,0.7853,-11.8080,12.2761,0.0131,-0.1039
2026-08-01T13:14:24.061287+00:00,experiment_2_laptop,natural_writting,174,16.1817,1,-16.4892,9.4325,4.3272,0.3661,-12.1620,9.7986,0.0061,-0.0721
2026-08-01T13:14:24.061287+00:00,experiment_2_laptop,natural_writting,175,16.2740,1,-19.0197,11.3821,8.4236,0.7826,-10.5961,12.1647,0.0130,-0.1404
2026-08-01T13:14:24.061287+00:00,experiment_2_laptop,natural_writting,176,16.3725,1,-15.8516,9.1035,9.5474,-2.0855,-6.3043,7.0180,-0.0348,-0.1591
2026-08-01T13:14:24.061287+00:00,experiment_2_laptop,natural_writting,177,16.4593,1,-14.2701,7.2111,7.0839,0.7491,-7.1862,7.9602,0.0125,-0.1181
2026-08-01T13:14:24.061287+00:00,experiment_2_laptop,natural_writting,178,16.5551,1,-17.3381,7.6966,11.4166,-0.6354,-5.9214,7.0612,-0.0106,-0.1903
2026-08-01T13:14:24.061287+00:00,experiment_2_laptop,natural_writting,179,16.6463,1,-15.8022,8.0116,13.7015,1.5074,-2.1007,9.5189,0.0251,-0.2284
2026-08-01T13:14:24.061287+00:00,experiment_2_laptop,natural_writting,180,16.7402,1,-17.2494,8.8429,7.6816,1.6592,-9.5678,10.5021,0.0277,-0.1280
2026-08-01T13:14:24.061287+00:00,experiment_2_laptop,natural_writting,181,16.8367,1,-21.7082,11.0436,14.8033,-2.0616,-6.9050,8.9820,-0.0344,-0.2467
2026-08-01T13:14:24.061287+00:00,experiment_2_laptop,natural_writting,182,16.9242,1,-20.5247,12.2409,5.5101,-6.2385,-15.0146,6.0024,-0.1040,-0.0918
2026-08-01T13:14:24.061287+00:00,experiment_2_laptop,natural_writting,183,17.0207,1,-20.3739,11.1695,5.9187,-0.2747,-14.4553,10.8948,-0.0046,-0.0986
2026-08-01T13:14:24.061287+00:00,experiment_2_laptop,natural_writting,184,17.1129,1,-18.4881,10.2678,6.9439,-3.1319,-11.5441,7.1359,-0.0522,-0.1157
2026-08-01T13:14:24.061287+00:00,experiment_2_laptop,natural_writting,185,17.2064,1,-18.4578,10.0462,6.1810,-2.1281,-12.2768,7.9180,-0.0355,-0.1030
2026-08-01T13:14:24.061287+00:00,experiment_2_laptop,natural_writting,186,17.2996,1,-16.7744,11.4250,6.1446,-1.1113,-10.6298,10.3138,-0.0185,-0.1024
2026-08-01T13:14:24.061287+00:00,experiment_2_laptop,natural_writting,187,17.3929,1,-16.3745,11.3094,4.6033,-1.1375,-11.7712,10.1719,-0.0190,-0.0767
2026-08-01T13:14:24.061287+00:00,experiment_2_laptop,natural_writting,188,17.4896,1,-16.8994,11.8457,4.4386,-1.0387,-12.4607,10.8071,-0.0173,-0.0740
2026-08-01T13:14:24.061287+00:00,experiment_2_laptop,natural_writting,189,17.5762,1,-15.9805,13.1865,6.2027,0.5864,-9.7778,13.7729,0.0098,-0.1034
2026-08-01T13:14:24.061287+00:00,experiment_2_laptop,natural_writting,190,17.6708,1,-16.5012,14.5977,4.8131,0.4599,-11.6881,15.0576,0.0077,-0.0802
2026-08-01T13:14:24.061287+00:00,experiment_2_laptop,natural_writting,191,17.7637,1,-17.2445,13.4440,5.1012,-0.7579,-12.1433,12.6861,-0.0126,-0.0850
2026-08-01T13:14:24.061287+00:00,experiment_2_laptop,natural_writting,192,17.8569,1,-17.9357,13.9905,5.8829,-0.1644,-12.0528,13.8261,-0.0027,-0.0980
2026-08-01T13:14:24.061287+00:00,experiment_2_laptop,natural_writting,193,17.9488,1,-16.8582,14.8573,5.7454,-0.4397,-11.1128,14.4175,-0.0073,-0.0958
2026-08-01T13:14:24.061287+00:00,experiment_2_laptop,natural_writting,194,18.0432,1,-15.5280,14.4708,6.9224,-0.7255,-8.6056,13.7453,-0.0121,-0.1154
2026-08-01T13:14:24.061287+00:00,experiment_2_laptop,natural_writting,195,18.1391,1,-15.9577,14.1046,7.7168,-0.1807,-8.2409,13.9239,-0.0030,-0.1286
2026-08-01T13:14:24.061287+00:00,experiment_2_laptop,natural_writting,196,18.2302,1,-11.7852,15.5137,8.8347,-0.9896,-2.9505,14.5241,-0.0165,-0.1472
2026-08-01T13:14:24.061287+00:00,experiment_2_laptop,natural_writting,197,18.3216,1,-10.4408,15.0029,5.7714,-1.5390,-4.6694,13.4639,-0.0257,-0.0962
2026-08-01T13:14:24.061287+00:00,experiment_2_laptop,natural_writting,198,18.4153,1,-6.9087,10.7109,6.8454,-1.7391,-0.0633,8.9717,-0.0290,-0.1141
2026-08-01T13:14:24.061287+00:00,experiment_2_laptop,natural_writting,199,18.5084,1,-5.2875,3.6803,9.5664,-0.9179,4.2789,2.7624,-0.0153,-0.1594
2026-08-01T13:14:24.061287+00:00,experiment_2_laptop,natural_writting,200,18.6008,1,-3.8642,2.7530,9.8015,-1.4630,5.9373,1.2900,-0.0244,-0.1634
2026-08-01T13:14:24.061287+00:00,experiment_2_laptop,natural_writting,201,18.6949,1,-6.4756,-0.1077,6.7137,-2.1167,0.2381,-2.2244,-0.0353,-0.1119
2026-08-01T13:14:24.061287+00:00,experiment_2_laptop,natural_writting,202,18.7879,1,-10.7243,-1.2652,2.6302,-2.2655,-8.0942,-3.5307,-0.0378,-0.0438
2026-08-01T13:14:24.061287+00:00,experiment_2_laptop,natural_writting,203,18.8793,1,-12.9772,-3.6434,-0.9272,-2.8108,-13.9044,-6.4542,-0.0468,0.0155
2026-08-01T13:14:24.061287+00:00,experiment_2_laptop,natural_writting,204,18.9755,1,-15.0316,-2.7530,-4.6955,-2.5108,-19.7271,-5.2637,-0.0418,0.0783
2026-08-01T13:14:24.061287+00:00,experiment_2_laptop,natural_writting,205,19.0654,1,-15.7614,-2.8186,-8.1669,-1.5842,-23.9283,-4.4028,-0.0264,0.1361
2026-08-01T13:14:24.061287+00:00,experiment_2_laptop,natural_writting,206,19.1600,1,-16.3044,-0.1605,-19.4776,1.2246,-35.7820,1.0641,0.0204,0.3246
2026-08-01T13:14:24.061287+00:00,experiment_2_laptop,natural_writting,207,19.2529,1,-17.3539,0.8510,-19.7738,-0.6692,-37.1278,0.1817,-0.0112,0.3296
2026-08-01T13:14:24.061287+00:00,experiment_2_laptop,natural_writting,208,19.3446,1,-12.1483,4.1007,-12.3730,-1.1200,-24.5213,2.9808,-0.0187,0.2062
2026-08-01T13:14:24.061287+00:00,experiment_2_laptop,natural_writting,209,19.4440,1,-13.9221,3.3818,-7.7934,-0.7381,-21.7155,2.6436,-0.0123,0.1299
2026-08-01T13:14:24.061287+00:00,experiment_2_laptop,natural_writting,210,19.5302,1,-18.8938,5.5821,-14.6293,-3.5126,-33.5231,2.0695,-0.0585,0.2438
2026-08-01T13:14:24.061287+00:00,experiment_2_laptop,natural_writting,211,19.6255,1,-19.0259,6.5509,-7.0379,-1.9985,-26.0639,4.5524,-0.0333,0.1173
2026-08-01T13:14:24.061287+00:00,experiment_2_laptop,natural_writting,212,19.7177,1,-17.9778,3.6249,-2.2781,-2.5221,-20.2559,1.1028,-0.0420,0.0380
2026-08-01T13:14:24.061287+00:00,experiment_2_laptop,natural_writting,213,19.8096,1,-17.4235,3.5247,-4.0575,-1.9494,-21.4809,1.5753,-0.0325,0.0676
2026-08-01T13:14:24.061287+00:00,experiment_2_laptop,natural_writting,214,19.9026,1,-17.2918,3.8371,-5.7628,-1.1953,-23.0545,2.6418,-0.0199,0.0960
2026-08-01T13:14:24.061287+00:00,experiment_2_laptop,natural_writting,215,19.9954,1,-16.1221,2.2528,-4.3118,-1.8218,-20.4339,0.4310,-0.0304,0.0719
2026-08-01T13:14:24.061287+00:00,experiment_2_laptop,natural_writting,216,20.0912,1,-16.8465,2.2491,-4.9141,-0.1532,-21.7606,2.0959,-0.0026,0.0819
2026-08-01T13:14:24.061287+00:00,experiment_2_laptop,natural_writting,217,20.1815,1,-17.1117,1.9874,-5.3943,-1.9642,-22.5060,0.0232,-0.0327,0.0899
2026-08-01T13:14:24.061287+00:00,experiment_2_laptop,natural_writting,218,20.2765,1,-17.6271,2.9263,-11.1158,-1.8773,-28.7430,1.0490,-0.0313,0.1853
2026-08-01T13:14:24.061287+00:00,experiment_2_laptop,natural_writting,219,20.3686,1,-15.9164,2.2369,-9.0482,-0.9998,-24.9646,1.2372,-0.0167,0.1508
2026-08-01T13:14:24.061287+00:00,experiment_2_laptop,natural_writting,220,20.4604,1,-17.1238,1.7677,-4.6896,-0.7234,-21.8134,1.0443,-0.0121,0.0782
2026-08-01T13:14:24.061287+00:00,experiment_2_laptop,natural_writting,221,20.5548,1,-16.5194,1.7276,-3.4224,-2.2108,-19.9418,-0.4832,-0.0368,0.0570
2026-08-01T13:14:24.061287+00:00,experiment_2_laptop,natural_writting,222,20.6487,1,-15.8941,1.9827,-11.9925,-2.0640,-27.8866,-0.0813,-0.0344,0.1999
2026-08-01T13:14:24.061287+00:00,experiment_2_laptop,natural_writting,223,20.7427,1,-16.5956,2.3759,-4.0889,-2.3496,-20.6845,0.0263,-0.0392,0.0681
2026-08-01T13:14:24.061287+00:00,experiment_2_laptop,natural_writting,224,20.8334,1,-16.2214,3.2746,-2.0468,1.6698,-18.2681,4.9443,0.0278,0.0341
2026-08-01T13:14:24.061287+00:00,experiment_2_laptop,natural_writting,225,20.9276,1,-17.4088,3.2660,-8.9910,-1.2042,-26.3998,2.0617,-0.0201,0.1498
2026-08-01T13:14:24.061287+00:00,experiment_2_laptop,natural_writting,226,21.0220,1,-16.6286,3.2555,-7.8326,-1.9691,-24.4612,1.2864,-0.0328,0.1305
2026-08-01T13:14:24.061287+00:00,experiment_2_laptop,natural_writting,227,21.1135,1,-16.4753,3.4700,-5.7578,-0.1381,-22.2332,3.3319,-0.0023,0.0960
2026-08-01T13:14:24.061287+00:00,experiment_2_laptop,natural_writting,228,21.2077,1,-16.6527,2.9420,-7.6529,-1.5876,-24.3056,1.3544,-0.0265,0.1275
2026-08-01T13:14:24.061287+00:00,experiment_2_laptop,natural_writting,229,21.2989,1,-16.9643,2.8520,-12.9328,-1.1414,-29.8971,1.7107,-0.0190,0.2155
2026-08-01T13:14:24.061287+00:00,experiment_2_laptop,natural_writting,230,21.3929,1,-15.6628,2.6546,-8.3975,-1.2620,-24.0604,1.3926,-0.0210,0.1400
2026-08-01T13:14:24.061287+00:00,experiment_2_laptop,natural_writting,231,21.4836,1,-16.0042,4.9552,7.2083,-2.6937,-8.7959,2.2614,-0.0449,-0.1201
2026-08-01T13:14:24.061287+00:00,experiment_2_laptop,natural_writting,232,21.5797,1,-15.5136,4.7434,-29.2605,4.3701,-44.7741,9.1135,0.0728,0.4877
2026-08-01T13:14:24.061287+00:00,experiment_2_laptop,natural_writting,233,21.6784,1,-14.0287,8.5560,-22.4895,0.9667,-36.5182,9.5227,0.0161,0.3748
2026-08-01T13:14:24.061287+00:00,experiment_2_laptop,natural_writting,234,21.7643,1,-14.5159,10.5089,-16.1003,-4.0570,-30.6162,6.4519,-0.0676,0.2683
2026-08-01T13:14:24.061287+00:00,experiment_2_laptop,natural_writting,235,21.8596,1,-15.2096,12.0309,-14.7128,-3.2814,-29.9224,8.7496,-0.0547,0.2452
2026-08-01T13:14:24.061287+00:00,experiment_2_laptop,natural_writting,236,21.9500,1,-16.8152,10.7414,-5.2125,-1.0509,-22.0276,9.6905,-0.0175,0.0869
2026-08-01T13:14:24.061287+00:00,experiment_2_laptop,natural_writting,237,22.0455,1,-18.0477,11.0587,16.7952,-0.6041,-1.2525,10.4546,-0.0101,-0.2799
2026-08-01T13:14:24.061287+00:00,experiment_2_laptop,natural_writting,238,22.1370,1,-17.3256,10.9554,4.2200,0.8675,-13.1056,11.8229,0.0145,-0.0703
2026-08-01T13:14:24.061287+00:00,experiment_2_laptop,natural_writting,239,22.2311,1,-19.1475,11.1328,-2.4664,-0.6101,-21.6139,10.5228,-0.0102,0.0411
2026-08-01T13:14:24.061287+00:00,experiment_2_laptop,natural_writting,240,22.3265,1,-19.1619,11.9234,1.7618,-1.4961,-17.4001,10.4272,-0.0249,-0.0294
2026-08-01T13:14:24.061287+00:00,experiment_2_laptop,natural_writting,241,22.4161,1,-18.3841,11.9262,2.8297,0.3751,-15.5545,12.3013,0.0063,-0.0472
2026-08-01T13:14:24.061287+00:00,experiment_2_laptop,natural_writting,242,22.5123,1,-19.6188,12.5333,1.4613,1.8631,-18.1575,14.3964,0.0311,-0.0244
2026-08-01T13:14:24.061287+00:00,experiment_2_laptop,natural_writting,243,22.6009,1,-19.1270,11.6643,-7.7948,-1.1384,-26.9218,10.5260,-0.0190,0.1299
2026-08-01T13:14:24.061287+00:00,experiment_2_laptop,natural_writting,244,22.6958,1,-18.8362,13.2759,-17.1494,-3.4757,-35.9855,9.8002,-0.0579,0.2858
2026-08-01T13:14:24.061287+00:00,experiment_2_laptop,natural_writting,245,22.7933,1,-19.5674,11.6171,-18.0939,-4.9034,-37.6613,6.7138,-0.0817,0.3016
2026-08-01T13:14:24.061287+00:00,experiment_2_laptop,natural_writting,246,22.8818,1,-21.1708,11.6836,4.3044,8.4602,-16.8664,20.1438,0.1410,-0.0717
2026-08-01T13:14:24.061287+00:00,experiment_2_laptop,natural_writting,247,22.9749,1,-22.0026,12.9825,0.6847,9.9444,-21.3179,22.9269,0.1657,-0.0114
2026-08-01T13:14:24.061287+00:00,experiment_2_laptop,natural_writting,248,23.0679,1,-21.0348,11.1214,-22.0016,7.0652,-43.0364,18.1867,0.1178,0.3667
2026-08-01T13:14:24.061287+00:00,experiment_2_laptop,natural_writting,249,23.1606,1,-21.4782,11.1915,-12.0843,0.4951,-33.5625,11.6866,0.0083,0.2014
2026-08-01T13:14:24.061287+00:00,experiment_2_laptop,natural_writting,250,23.2542,1,-21.5692,12.2834,-0.8012,1.1854,-22.3704,13.4689,0.0198,0.0134
2026-08-01T13:14:24.061287+00:00,experiment_2_laptop,natural_writting,251,23.3474,1,-22.3342,13.9213,-21.8952,7.1289,-44.2294,21.0502,0.1188,0.3649
2026-08-01T13:14:24.061287+00:00,experiment_2_laptop,natural_writting,252,23.4464,1,-22.7489,12.9986,-20.5571,4.6259,-43.3060,17.6246,0.0771,0.3426
2026-08-01T13:14:24.061287+00:00,experiment_2_laptop,natural_writting,253,23.5317,1,-21.8435,14.3374,-35.1970,2.9388,-57.0405,17.2763,0.0490,0.5866
2026-08-01T13:14:24.061287+00:00,experiment_2_laptop,natural_writting,254,23.6266,1,-21.6191,12.2279,-12.0264,-4.6324,-33.6456,7.5955,-0.0772,0.2004
2026-08-01T13:14:24.061287+00:00,experiment_2_laptop,natural_writting,255,23.7179,1,-22.9677,14.6059,-4.0166,7.1074,-26.9843,21.7133,0.1185,0.0669
2026-08-01T13:14:24.061287+00:00,experiment_2_laptop,natural_writting,256,23.8123,1,-22.5475,16.5466,-3.7893,0.3928,-26.3368,16.9394,0.0065,0.0632
2026-08-01T13:14:24.061287+00:00,experiment_2_laptop,natural_writting,257,23.9052,1,-19.9589,11.7026,-15.8124,-3.8364,-35.7713,7.8662,-0.0639,0.2635
2026-08-01T13:14:24.061287+00:00,experiment_2_laptop,natural_writting,258,23.9969,1,-20.6716,10.8038,8.6783,1.4236,-11.9932,12.2275,0.0237,-0.1446
2026-08-01T13:14:24.061287+00:00,experiment_2_laptop,natural_writting,259,24.0895,1,-20.7874,10.8449,8.1626,-4.7129,-12.6248,6.1320,-0.0785,-0.1360
2026-08-01T13:14:24.061287+00:00,experiment_2_laptop,natural_writting,260,24.1841,1,-21.6702,11.2610,6.8969,-3.0694,-14.7733,8.1916,-0.0512,-0.1149
2026-08-01T13:14:24.061287+00:00,experiment_2_laptop,natural_writting,261,24.2782,1,-22.2662,11.7578,-1.0452,3.0497,-23.3114,14.8075,0.0508,0.0174
2026-08-01T13:14:24.061287+00:00,experiment_2_laptop,natural_writting,262,24.3700,1,-21.1804,10.8975,-13.0555,3.0723,-34.2359,13.9698,0.0512,0.2176
2026-08-01T13:14:24.061287+00:00,experiment_2_laptop,natural_writting,263,24.4624,1,-17.8233,6.6683,-25.6529,6.7206,-43.4762,13.3889,0.1120,0.4275
2026-08-01T13:14:24.061287+00:00,experiment_2_laptop,natural_writting,264,24.5549,1,-20.8969,7.5531,23.1279,6.1412,2.2310,13.6942,0.1024,-0.3855
2026-08-01T13:14:24.061287+00:00,experiment_2_laptop,natural_writting,265,24.6481,1,-15.7169,6.5906,21.2438,0.1308,5.5269,6.7214,0.0022,-0.3541
2026-08-01T13:14:24.061287+00:00,experiment_2_laptop,natural_writting,266,24.7446,1,-18.1418,7.1617,21.9028,-1.1586,3.7610,6.0030,-0.0193,-0.3650
2026-08-01T13:14:24.061287+00:00,experiment_2_laptop,natural_writting,267,24.8347,1,-19.2749,6.5715,16.7117,1.5966,-2.5632,8.1681,0.0266,-0.2785
2026-08-01T13:14:24.061287+00:00,experiment_2_laptop,natural_writting,268,24.9292,1,-19.7137,7.2379,-6.9408,6.4028,-26.6545,13.6407,0.1067,0.1157
2026-08-01T13:14:24.061287+00:00,experiment_2_laptop,natural_writting,269,25.0219,1,-21.4388,9.0094,-7.4383,4.4068,-28.8771,13.4163,0.0734,0.1240
2026-08-01T13:14:24.061287+00:00,experiment_2_laptop,natural_writting,270,25.1154,1,-22.3382,10.6489,-14.5122,6.7998,-36.8503,17.4487,0.1133,0.2419
2026-08-01T13:14:24.061287+00:00,experiment_2_laptop,natural_writting,271,25.2087,1,-20.7862,8.8936,-7.8352,5.7550,-28.6214,14.6486,0.0959,0.1306
2026-08-01T13:14:24.061287+00:00,experiment_2_laptop,natural_writting,272,25.2996,1,-19.9210,8.4869,-6.8579,3.2758,-26.7789,11.7627,0.0546,0.1143
2026-08-01T13:14:24.061287+00:00,experiment_2_laptop,natural_writting,273,25.3984,1,-19.5710,9.5868,7.5395,-0.6525,-12.0315,8.9343,-0.0109,-0.1257
2026-08-01T13:14:24.061287+00:00,experiment_2_laptop,natural_writting,274,25.4839,1,-19.4854,9.0297,6.1781,-0.2387,-13.3073,8.7910,-0.0040,-0.1030
2026-08-01T13:14:24.061287+00:00,experiment_2_laptop,natural_writting,275,25.5851,1,-18.8604,9.8946,10.5089,-6.4358,-8.3515,3.4588,-0.1073,-0.1751
2026-08-01T13:14:24.061287+00:00,experiment_2_laptop,natural_writting,276,25.6720,1,-19.1759,11.6357,8.1477,-4.3807,-11.0282,7.2550,-0.0730,-0.1358
2026-08-01T13:14:24.061287+00:00,experiment_2_laptop,natural_writting,277,25.7665,1,-18.8148,10.2822,3.1986,-5.1685,-15.6162,5.1137,-0.0861,-0.0533
2026-08-01T13:14:24.061287+00:00,experiment_2_laptop,natural_writting,278,25.8639,1,-18.4042,12.0584,12.1378,-0.0262,-6.2664,12.0321,-0.0004,-0.2023
2026-08-01T13:14:24.061287+00:00,experiment_2_laptop,natural_writting,279,25.9507,1,-19.9730,14.7426,-8.9242,4.2546,-28.8972,18.9972,0.0709,0.1487
2026-08-01T13:14:24.061287+00:00,experiment_2_laptop,natural_writting,280,26.0471,1,-21.1475,14.8206,-16.0493,2.0301,-37.1968,16.8507,0.0338,0.2675
2026-08-01T13:14:24.061287+00:00,experiment_2_laptop,natural_writting,281,26.1366,1,-21.1785,13.7602,2.3564,6.8609,-18.8221,20.6211,0.1143,-0.0393
2026-08-01T13:14:24.061287+00:00,experiment_2_laptop,natural_writting,282,26.2325,1,-20.6388,14.8360,14.5791,2.0029,-6.0597,16.8389,0.0334,-0.2430
2026-08-01T13:14:24.061287+00:00,experiment_2_laptop,natural_writting,283,26.3227,1,-20.3954,10.9626,5.5718,11.2721,-14.8236,22.2347,0.1879,-0.0929
2026-08-01T13:14:24.061287+00:00,experiment_2_laptop,natural_writting,284,26.4172,1,-21.4459,13.9989,3.9243,3.6708,-17.5216,17.6698,0.0612,-0.0654
2026-08-01T13:14:24.061287+00:00,experiment_2_laptop,natural_writting,285,26.5150,1,-20.5901,13.6671,9.1470,7.4964,-11.4431,21.1635,0.1249,-0.1525
2026-08-01T13:14:24.061287+00:00,experiment_2_laptop,natural_writting,286,26.6037,1,-20.3685,14.0242,-11.6782,9.3178,-32.0467,23.3420,0.1553,0.1946
2026-08-01T13:14:24.061287+00:00,experiment_2_laptop,natural_writting,287,26.6988,1,-19.9146,13.0255,6.2348,7.8030,-13.6798,20.8285,0.1301,-0.1039
2026-08-01T13:14:24.061287+00:00,experiment_2_laptop,natural_writting,288,26.7891,1,-19.9745,14.7748,8.1068,7.0270,-11.8677,21.8018,0.1171,-0.1351
2026-08-01T13:14:24.061287+00:00,experiment_2_laptop,natural_writting,289,26.8829,1,-18.3506,10.8514,4.0187,8.0739,-14.3318,18.9253,0.1346,-0.0670
2026-08-01T13:14:24.061287+00:00,experiment_2_laptop,natural_writting,290,26.9767,1,-21.9784,12.2032,-3.9025,6.9068,-25.8809,19.1100,0.1151,0.0650
2026-08-01T13:14:24.061287+00:00,experiment_2_laptop,natural_writting,291,27.0690,1,-21.0806,10.8679,2.9131,4.0766,-18.1675,14.9445,0.0679,-0.0486
2026-08-01T13:14:24.061287+00:00,experiment_2_laptop,natural_writting,292,27.1665,1,-19.6754,9.0656,7.3722,-2.4417,-12.3032,6.6238,-0.0407,-0.1229
2026-08-01T13:14:24.061287+00:00,experiment_2_laptop,natural_writting,293,27.2550,1,-20.4764,10.1146,4.5655,-5.1359,-15.9108,4.9787,-0.0856,-0.0761
2026-08-01T13:14:24.061287+00:00,experiment_2_laptop,natural_writting,294,27.3480,1,-19.6114,9.3744,3.7520,-1.6043,-15.8593,7.7701,-0.0267,-0.0625
2026-08-01T13:14:24.061287+00:00,experiment_2_laptop,natural_writting,295,27.4416,1,-20.2037,11.9922,1.6163,-0.4412,-18.5874,11.5510,-0.0074,-0.0269
2026-08-01T13:14:24.061287+00:00,experiment_2_laptop,natural_writting,296,27.5345,1,-19.0152,10.1691,0.2795,0.0979,-18.7357,10.2670,0.0016,-0.0047
2026-08-01T13:14:24.061287+00:00,experiment_2_laptop,natural_writting,297,27.6269,1,-19.4729,11.3188,14.5603,2.8885,-4.9126,14.2073,0.0481,-0.2427
2026-08-01T13:14:24.061287+00:00,experiment_2_laptop,natural_writting,298,27.7205,1,-20.7297,11.2962,1.2145,8.3142,-19.5151,19.6104,0.1386,-0.0202
2026-08-01T13:14:24.061287+00:00,experiment_2_laptop,natural_writting,299,27.8181,1,-20.2788,11.1549,14.3456,4.9275,-5.9332,16.0824,0.0821,-0.2391
2026-08-01T13:14:24.061287+00:00,experiment_2_laptop,natural_writting,300,27.9056,1,-20.7455,11.4663,7.4063,1.2456,-13.3391,12.7119,0.0208,-0.1234
2026-08-01T13:14:24.061287+00:00,experiment_2_laptop,natural_writting,301,27.9976,1,-20.5989,13.6795,0.8005,4.1767,-19.7984,17.8562,0.0696,-0.0133
2026-08-01T13:14:24.061287+00:00,experiment_2_laptop,natural_writting,302,28.0921,1,-20.0187,13.5005,1.1863,5.6123,-18.8324,19.1128,0.0935,-0.0198
2026-08-01T13:14:24.061287+00:00,experiment_2_laptop,natural_writting,303,28.1839,1,-19.5242,12.7372,-9.8034,9.1852,-29.3276,21.9225,0.1531,0.1634
2026-08-01T13:14:24.061287+00:00,experiment_2_laptop,natural_writting,304,28.2833,1,-18.6433,11.4660,7.0026,6.9264,-11.6407,18.3925,0.1154,-0.1167
2026-08-01T13:14:24.061287+00:00,experiment_2_laptop,natural_writting,305,28.3698,1,-16.2911,9.8501,9.8876,5.7340,-6.4035,15.5841,0.0956,-0.1648
2026-08-01T13:14:24.061287+00:00,experiment_2_laptop,natural_writting,306,28.4683,1,-17.6728,10.7191,-0.4781,-1.8990,-18.1508,8.8201,-0.0316,0.0080
2026-08-01T13:14:24.061287+00:00,experiment_2_laptop,natural_writting,307,28.5562,1,-17.4310,10.2901,4.0834,0.1265,-13.3476,10.4166,0.0021,-0.0681
2026-08-01T13:14:24.061287+00:00,experiment_2_laptop,natural_writting,308,28.6510,1,-17.2437,10.7375,2.4376,-6.1354,-14.8060,4.6021,-0.1023,-0.0406
2026-08-01T13:14:24.061287+00:00,experiment_2_laptop,natural_writting,309,28.7428,1,-18.4689,10.3012,6.7310,0.9323,-11.7379,11.2334,0.0155,-0.1122
2026-08-01T13:14:24.061287+00:00,experiment_2_laptop,natural_writting,310,28.8381,1,-19.1433,12.9473,-13.2143,-2.1186,-32.3576,10.8287,-0.0353,0.2202
2026-08-01T13:14:24.061287+00:00,experiment_2_laptop,natural_writting,311,28.9332,1,-17.8763,12.8684,-22.3849,-11.2528,-40.2612,1.6156,-0.1875,0.3731
2026-08-01T13:14:24.061287+00:00,experiment_2_laptop,natural_writting,312,29.0224,1,-15.5161,12.8654,6.2622,0.0041,-9.2539,12.8695,0.0001,-0.1044
2026-08-01T13:14:24.061287+00:00,experiment_2_laptop,natural_writting,313,29.1164,1,-12.0367,15.3593,6.2629,-0.6319,-5.7738,14.7275,-0.0105,-0.1044
2026-08-01T13:14:24.061287+00:00,experiment_2_laptop,natural_writting,314,29.2093,1,-11.6454,14.7030,5.7962,-0.4700,-5.8492,14.2330,-0.0078,-0.0966
2026-08-01T13:14:24.061287+00:00,experiment_2_laptop,natural_writting,315,29.3025,1,-10.3807,14.9268,4.7633,-0.7153,-5.6174,14.2115,-0.0119,-0.0794
2026-08-01T13:14:24.061287+00:00,experiment_2_laptop,natural_writting,316,29.3955,1,-9.9602,15.2440,5.3412,-0.3021,-4.6190,14.9420,-0.0050,-0.0890
2026-08-01T13:14:24.061287+00:00,experiment_2_laptop,natural_writting,317,29.4886,1,-9.6644,15.1116,5.8908,-1.1821,-3.7737,13.9295,-0.0197,-0.0982
2026-08-01T13:14:24.061287+00:00,experiment_2_laptop,natural_writting,318,29.5886,1,-9.0551,15.2454,4.9260,-0.5924,-4.1291,14.6530,-0.0099,-0.0821
2026-08-01T13:14:24.061287+00:00,experiment_2_laptop,natural_writting,319,29.6751,1,-9.2216,15.4225,5.3282,-0.5063,-3.8934,14.9162,-0.0084,-0.0888
2026-08-01T13:14:24.061287+00:00,experiment_2_laptop,natural_writting,320,29.7674,1,-9.6148,15.1018,6.4138,-0.0421,-3.2010,15.0597,-0.0007,-0.1069
2026-08-01T13:14:24.061287+00:00,experiment_2_laptop,natural_writting,321,29.8616,1,-9.7991,15.1475,6.2930,-0.3888,-3.5061,14.7586,-0.0065,-0.1049
2026-08-01T13:14:24.061287+00:00,experiment_2_laptop,natural_writting,322,29.9519,1,-10.4989,14.7661,5.5569,-0.0330,-4.9420,14.7331,-0.0006,-0.0926
2026-08-01T13:14:24.061287+00:00,experiment_2_laptop,natural_writting,323,30.0512,1,-10.1415,14.4944,6.0155,0.2689,-4.1261,14.7634,0.0045,-0.1003
2026-08-01T13:14:24.061287+00:00,experiment_2_laptop,natural_writting,324,30.1387,1,-10.4574,14.4436,6.4488,0.3642,-4.0087,14.8078,0.0061,-0.1075
2026-08-01T13:14:24.061287+00:00,experiment_2_laptop,natural_writting,325,30.2372,1,-10.4152,14.1382,9.8752,-0.8386,-0.5400,13.2996,-0.0140,-0.1646
2026-08-01T13:14:24.061287+00:00,experiment_2_laptop,natural_writting,326,30.3258,1,-10.4794,14.2303,7.4850,-0.3352,-2.9945,13.8951,-0.0056,-0.1247
2026-08-01T13:14:24.061287+00:00,experiment_2_laptop,natural_writting,327,30.4217,1,-10.4993,14.0362,5.1857,-0.3974,-5.3136,13.6388,-0.0066,-0.0864
2026-08-01T13:14:24.061287+00:00,experiment_2_laptop,natural_writting,328,30.5102,1,-10.6393,14.4498,7.7690,0.1093,-2.8703,14.5591,0.0018,-0.1295
2026-08-01T13:14:24.061287+00:00,experiment_2_laptop,natural_writting,329,30.6065,1,-10.8207,13.7054,5.7481,-0.0546,-5.0726,13.6509,-0.0009,-0.0958
2026-08-01T13:14:24.061287+00:00,experiment_2_laptop,natural_writting,330,30.6972,1,-9.9242,13.8192,4.7871,-0.3740,-5.1371,13.4452,-0.0062,-0.0798
2026-08-01T13:14:24.061287+00:00,experiment_2_laptop,natural_writting,331,30.7925,1,-10.9033,14.3731,6.3325,-0.2909,-4.5708,14.0821,-0.0048,-0.1055
2026-08-01T13:14:24.061287+00:00,experiment_2_laptop,natural_writting,332,30.8854,1,-10.4262,14.1735,4.2403,-0.8687,-6.1860,13.3048,-0.0145,-0.0707
2026-08-01T13:14:24.061287+00:00,experiment_2_laptop,natural_writting,333,30.9756,1,-9.7561,14.4878,4.7776,-0.6749,-4.9785,13.8129,-0.0112,-0.0796
2026-08-01T13:14:24.061287+00:00,experiment_2_laptop,natural_writting,334,31.0689,1,-9.5189,15.0430,3.6313,-1.0923,-5.8876,13.9507,-0.0182,-0.0605
2026-08-01T13:14:24.061287+00:00,experiment_2_laptop,natural_writting,335,31.1621,1,-5.1960,14.4187,3.2298,-1.3801,-1.9662,13.0386,-0.0230,-0.0538
2026-08-01T13:14:24.061287+00:00,experiment_2_laptop,natural_writting,336,31.2568,1,-4.0287,13.9447,3.1094,-1.9931,-0.9193,11.9516,-0.0332,-0.0518
2026-08-01T13:14:24.061287+00:00,experiment_2_laptop,natural_writting,337,31.3496,1,-0.1239,12.0518,3.1337,-1.4844,3.0097,10.5674,-0.0247,-0.0522
2026-08-01T13:14:24.061287+00:00,experiment_2_laptop,natural_writting,338,31.4430,1,0.7674,11.2583,3.7371,-1.7745,4.5044,9.4838,-0.0296,-0.0623
2026-08-01T13:14:24.061287+00:00,experiment_2_laptop,natural_writting,339,31.5337,1,1.2941,10.8804,4.0601,-1.8394,5.3541,9.0410,-0.0307,-0.0677
2026-08-01T13:14:24.061287+00:00,experiment_2_laptop,natural_writting,340,31.6270,1,2.0683,10.2413,3.1838,-2.1402,5.2520,8.1011,-0.0357,-0.0531
2026-08-01T13:14:24.061287+00:00,experiment_2_laptop,natural_writting,341,31.7243,1,1.9393,10.5119,4.0873,-1.4063,6.0266,9.1057,-0.0234,-0.0681
2026-08-01T13:14:24.061287+00:00,experiment_2_laptop,natural_writting,342,31.8130,1,2.9500,13.3332,3.7865,-2.3306,6.7365,11.0026,-0.0388,-0.0631
2026-08-01T13:14:24.061287+00:00,experiment_2_laptop,natural_writting,343,31.9079,1,2.6225,15.4997,2.5048,-2.7948,5.1274,12.7050,-0.0466,-0.0417
2026-08-01T13:14:24.061287+00:00,experiment_2_laptop,natural_writting,344,32.0036,1,1.6979,14.7636,4.9967,-0.8391,6.6946,13.9244,-0.0140,-0.0833
2026-08-01T13:14:24.061287+00:00,experiment_2_laptop,natural_writting,345,32.0931,1,0.2083,13.4578,11.6113,0.2806,11.8196,13.7383,0.0047,-0.1935
2026-08-01T13:14:24.061287+00:00,experiment_2_laptop,natural_writting,346,32.1874,1,3.1590,13.2233,5.2296,1.0811,8.3886,14.3043,0.0180,-0.0872
2026-08-01T13:14:24.061287+00:00,experiment_2_laptop,natural_writting,347,32.2800,1,6.6799,9.9567,1.6946,2.8958,8.3745,12.8525,0.0483,-0.0282
2026-08-01T13:14:24.061287+00:00,experiment_2_laptop,natural_writting,348,32.3738,1,9.8834,11.2890,0.9045,3.8933,10.7880,15.1822,0.0649,-0.0151
2026-08-01T13:14:24.061287+00:00,experiment_2_laptop,natural_writting,349,32.4652,1,9.2476,11.1940,0.3172,4.6700,9.5649,15.8640,0.0778,-0.0053
2026-08-01T13:14:24.061287+00:00,experiment_2_laptop,natural_writting,350,32.5604,1,9.3033,10.6986,2.3569,3.4974,11.6602,14.1960,0.0583,-0.0393
2026-08-01T13:14:24.061287+00:00,experiment_2_laptop,natural_writting,351,32.6535,1,9.0642,10.5557,2.4034,3.6138,11.4676,14.1695,0.0602,-0.0401
2026-08-01T13:14:24.061287+00:00,experiment_2_laptop,natural_writting,352,32.7424,1,4.1382,11.0739,23.6697,10.0541,27.8079,21.1280,0.1676,-0.3945
2026-08-01T13:14:24.061287+00:00,experiment_2_laptop,natural_writting,353,32.8385,1,9.6999,9.7549,-6.2522,0.7572,3.4477,10.5121,0.0126,0.1042
2026-08-01T13:14:24.061287+00:00,experiment_2_laptop,natural_writting,354,32.9319,1,10.0817,11.3756,1.1507,-3.9382,11.2325,7.4374,-0.0656,-0.0192
2026-08-01T13:14:24.061287+00:00,experiment_2_laptop,natural_writting,355,33.0239,1,17.3313,8.2631,5.2309,-5.0220,22.5622,3.2410,-0.0837,-0.0872
2026-08-01T13:14:24.061287+00:00,experiment_2_laptop,natural_writting,356,33.1184,1,14.5443,6.8344,-2.6725,-6.2239,11.8718,0.6105,-0.1037,0.0445
2026-08-01T13:14:24.061287+00:00,experiment_2_laptop,natural_writting,357,33.2119,1,14.6812,7.6049,-1.1629,-6.6376,13.5183,0.9673,-0.1106,0.0194
2026-08-01T13:14:24.061287+00:00,experiment_2_laptop,natural_writting,358,33.3072,1,14.1112,7.3296,-1.9590,-6.6930,12.1522,0.6365,-0.1116,0.0327
2026-08-01T13:14:24.061287+00:00,experiment_2_laptop,natural_writting,359,33.3959,1,13.5169,5.4352,-0.6018,-6.0319,12.9151,-0.5967,-0.1005,0.0100
2026-08-01T13:14:24.061287+00:00,experiment_2_laptop,natural_writting,360,33.4905,1,5.1906,8.1320,2.1495,-2.7636,7.3401,5.3684,-0.0461,-0.0358
2026-08-01T13:14:24.061287+00:00,experiment_2_laptop,natural_writting,361,33.5815,1,5.1278,9.4074,3.9051,-1.9150,9.0328,7.4923,-0.0319,-0.0651
2026-08-01T13:14:24.061287+00:00,experiment_2_laptop,natural_writting,362,33.6767,1,0.7588,10.7165,6.9039,-2.8210,7.6627,7.8956,-0.0470,-0.1151
2026-08-01T13:14:24.061287+00:00,experiment_2_laptop,natural_writting,363,33.7687,1,-1.7413,12.4236,4.5299,-2.4781,2.7886,9.9456,-0.0413,-0.0755
2026-08-01T13:14:24.061287+00:00,experiment_2_laptop,natural_writting,364,33.8620,1,-5.8526,13.7229,5.9779,-1.2060,0.1252,12.5169,-0.0201,-0.0996
2026-08-01T13:14:24.061287+00:00,experiment_2_laptop,natural_writting,365,33.9566,1,-10.3145,14.3733,0.7722,-1.6093,-9.5423,12.7640,-0.0268,-0.0129
2026-08-01T13:14:24.061287+00:00,experiment_2_laptop,natural_writting,366,34.0473,1,-11.8814,15.4489,-3.7032,-1.4929,-15.5846,13.9560,-0.0249,0.0617
2026-08-01T13:14:24.061287+00:00,experiment_2_laptop,natural_writting,367,34.1414,1,-15.2980,10.8097,8.5050,5.2440,-6.7931,16.0537,0.0874,-0.1417
2026-08-01T13:14:24.061287+00:00,experiment_2_laptop,natural_writting,368,34.2330,1,-14.7717,8.0553,5.3497,1.0944,-9.4220,9.1497,0.0182,-0.0892
2026-08-01T13:14:24.061287+00:00,experiment_2_laptop,natural_writting,369,34.3259,1,-17.3792,7.6364,-22.1662,14.9223,-39.5453,22.5587,0.2487,0.3694
2026-08-01T13:14:24.061287+00:00,experiment_2_laptop,natural_writting,370,34.4199,1,-16.6032,6.1014,7.0889,-1.5198,-9.5143,4.5816,-0.0253,-0.1181
2026-08-01T13:14:24.061287+00:00,experiment_2_laptop,natural_writting,371,34.5132,1,-17.2787,5.6403,-5.4387,10.9983,-22.7174,16.6386,0.1833,0.0906
2026-08-01T13:14:24.061287+00:00,experiment_2_laptop,natural_writting,372,34.6060,1,-17.8691,6.0388,-5.9330,-4.4608,-23.8021,1.5780,-0.0743,0.0989
2026-08-01T13:14:24.061287+00:00,experiment_2_laptop,natural_writting,373,34.7004,1,-19.3173,5.8857,-0.7210,5.4226,-20.0383,11.3083,0.0904,0.0120
2026-08-01T13:14:24.061287+00:00,experiment_2_laptop,natural_writting,374,34.7910,1,-19.2084,5.2893,6.2467,8.1814,-12.9617,13.4707,0.1364,-0.1041
2026-08-01T13:14:24.061287+00:00,experiment_2_laptop,natural_writting,375,34.8892,1,-18.8643,5.7913,6.8631,3.2089,-12.0011,9.0002,0.0535,-0.1144
2026-08-01T13:14:24.061287+00:00,experiment_2_laptop,natural_writting,376,34.9809,1,-19.3087,5.5162,13.0981,7.7276,-6.2105,13.2438,0.1288,-0.2183
2026-08-01T13:14:24.061287+00:00,experiment_2_laptop,natural_writting,377,35.0756,1,-18.2152,5.3831,13.8590,6.8660,-4.3562,12.2491,0.1144,-0.2310
2026-08-01T13:14:24.061287+00:00,experiment_2_laptop,natural_writting,378,35.1634,1,-19.9113,6.0979,15.0274,13.1115,-4.8838,19.2093,0.2185,-0.2505
2026-08-01T13:14:24.061287+00:00,experiment_2_laptop,natural_writting,379,35.2571,1,-19.7578,5.7056,-3.7632,3.8312,-23.5210,9.5368,0.0639,0.0627
2026-08-01T13:14:24.061287+00:00,experiment_2_laptop,natural_writting,380,35.3511,1,-19.9085,7.0026,-0.2904,9.1793,-20.1989,16.1819,0.1530,0.0048
2026-08-01T13:14:24.061287+00:00,experiment_2_laptop,natural_writting,381,35.4424,1,-20.1191,6.8243,-6.5216,4.0695,-26.6408,10.8938,0.0678,0.1087
2026-08-01T13:14:24.061287+00:00,experiment_2_laptop,natural_writting,382,35.5362,1,-17.8420,6.6629,-3.2245,0.2806,-21.0665,6.9435,0.0047,0.0537
2026-08-01T13:14:24.061287+00:00,experiment_2_laptop,natural_writting,383,35.6281,1,-19.8530,9.7821,-0.1398,2.2685,-19.9928,12.0507,0.0378,0.0023
2026-08-01T13:14:24.061287+00:00,experiment_2_laptop,natural_writting,384,35.7257,1,-20.9790,9.7058,-13.6536,4.6612,-34.6326,14.3670,0.0777,0.2276
2026-08-01T13:14:24.061287+00:00,experiment_2_laptop,natural_writting,385,35.8142,1,-21.0963,9.6020,-0.6926,2.2932,-21.7890,11.8951,0.0382,0.0115
2026-08-01T13:14:24.061287+00:00,experiment_2_laptop,natural_writting,386,35.9100,1,-20.8468,10.4355,-6.3839,1.4666,-27.2307,11.9022,0.0244,0.1064
2026-08-01T13:14:24.061287+00:00,experiment_2_laptop,natural_writting,387,36.0002,1,-20.6416,9.6554,-0.7278,2.4536,-21.3694,12.1090,0.0409,0.0121
2026-08-01T13:14:24.061287+00:00,experiment_2_laptop,natural_writting,388,36.0953,1,-22.1364,9.8023,6.6157,0.8105,-15.5208,10.6129,0.0135,-0.1103
2026-08-01T13:14:24.061287+00:00,experiment_2_laptop,natural_writting,389,36.1908,1,-20.3103,8.1257,0.3378,1.4724,-19.9725,9.5980,0.0245,-0.0056
2026-08-01T13:14:24.061287+00:00,experiment_2_laptop,natural_writting,390,36.2814,1,-21.8595,9.6517,0.0295,1.3805,-21.8300,11.0323,0.0230,-0.0005
2026-08-01T13:14:24.061287+00:00,experiment_2_laptop,natural_writting,391,36.3760,1,-21.7919,10.2715,-6.7636,1.2782,-28.5555,11.5496,0.0213,0.1127
2026-08-01T13:14:24.061287+00:00,experiment_2_laptop,natural_writting,392,36.4654,1,-20.5237,8.7128,-2.7277,1.6489,-23.2514,10.3617,0.0275,0.0455
2026-08-01T13:14:24.061287+00:00,experiment_2_laptop,natural_writting,393,36.5595,1,-20.2834,8.6618,4.3825,0.4734,-15.9009,9.1352,0.0079,-0.0730
2026-08-01T13:14:24.061287+00:00,experiment_2_laptop,natural_writting,394,36.6519,1,-20.3267,7.3165,3.5909,4.1046,-16.7357,11.4211,0.0684,-0.0598
2026-08-01T13:14:24.061287+00:00,experiment_2_laptop,natural_writting,395,36.7461,1,-18.6763,7.4887,-0.2630,-0.2473,-18.9393,7.2414,-0.0041,0.0044
2026-08-01T13:14:24.061287+00:00,experiment_2_laptop,natural_writting,396,36.8417,1,-20.2954,9.2560,-7.3884,1.7063,-27.6837,10.9624,0.0284,0.1231
2026-08-01T13:14:24.061287+00:00,experiment_2_laptop,natural_writting,397,36.9286,1,-20.5939,8.7669,-2.1489,0.8104,-22.7428,9.5773,0.0135,0.0358
2026-08-01T13:14:24.061287+00:00,experiment_2_laptop,natural_writting,398,37.0246,1,-20.1151,10.7228,-3.7113,6.7761,-23.8264,17.4989,0.1129,0.0619
2026-08-01T13:14:24.061287+00:00,experiment_2_laptop,natural_writting,399,37.1182,1,-20.9707,11.7245,3.0484,4.3000,-17.9223,16.0245,0.0717,-0.0508
2026-08-01T13:14:24.061287+00:00,experiment_2_laptop,natural_writting,400,37.2099,1,-22.4987,14.8642,1.0478,5.7987,-21.4509,20.6629,0.0966,-0.0175
2026-08-01T13:14:24.061287+00:00,experiment_2_laptop,natural_writting,401,37.3040,1,-19.9689,13.2966,1.2591,5.7375,-18.7097,19.0340,0.0956,-0.0210
2026-08-01T13:14:24.061287+00:00,experiment_2_laptop,natural_writting,402,37.3954,1,-19.5071,12.0283,7.4012,2.0365,-12.1059,14.0648,0.0339,-0.1234
2026-08-01T13:14:24.061287+00:00,experiment_2_laptop,natural_writting,403,37.4916,1,-20.6188,12.6118,3.5377,-2.6483,-17.0811,9.9635,-0.0441,-0.0590
2026-08-01T13:14:24.061287+00:00,experiment_2_laptop,natural_writting,404,37.5822,1,-20.2137,12.4270,4.3732,-0.7798,-15.8405,11.6472,-0.0130,-0.0729
2026-08-01T13:14:24.061287+00:00,experiment_2_laptop,natural_writting,405,37.6771,1,-16.3035,13.1706,-2.3655,5.4871,-18.6690,18.6577,0.0915,0.0394
2026-08-01T13:14:24.061287+00:00,experiment_2_laptop,natural_writting,406,37.7689,1,-17.1268,13.2887,10.8405,4.7954,-6.2863,18.0841,0.0799,-0.1807
2026-08-01T13:14:24.061287+00:00,experiment_2_laptop,natural_writting,407,37.8614,0,0.0000,0.0000,0.0000,0.0000,0.0000,0.0000,0.0000,0.0000
2026-08-01T13:14:24.061287+00:00,experiment_2_laptop,natural_writting,408,37.9588,1,-18.5698,13.5830,-17.9083,-6.1849,-36.4781,7.3981,-0.1031,0.2985
2026-08-01T13:14:24.061287+00:00,experiment_2_laptop,natural_writting,409,38.0473,1,-18.3738,13.0419,9.0981,6.4448,-9.2757,19.4867,0.1074,-0.1516
2026-08-01T13:14:24.061287+00:00,experiment_2_laptop,natural_writting,410,38.1400,1,-18.3606,11.9629,-7.5417,-1.8832,-25.9023,10.0797,-0.0314,0.1257
2026-08-01T13:14:24.061287+00:00,experiment_2_laptop,natural_writting,411,38.2348,1,-20.0286,13.7874,-21.2400,-2.2399,-41.2686,11.5474,-0.0373,0.3540
2026-08-01T13:14:24.061287+00:00,experiment_2_laptop,natural_writting,412,38.3273,1,-19.7842,14.0913,-17.4957,4.9626,-37.2800,19.0539,0.0827,0.2916
2026-08-01T13:14:24.061287+00:00,experiment_2_laptop,natural_writting,413,38.4208,1,-20.9700,13.7336,-15.3176,2.3199,-36.2876,16.0534,0.0387,0.2553
2026-08-01T13:14:24.061287+00:00,experiment_2_laptop,natural_writting,414,38.5120,1,-19.0866,13.2394,-21.4658,-2.2262,-40.5524,11.0133,-0.0371,0.3578
2026-08-01T13:14:24.061287+00:00,experiment_2_laptop,natural_writting,415,38.6048,1,-19.0724,12.9877,-23.0388,-4.9617,-42.1112,8.0259,-0.0827,0.3840
2026-08-01T13:14:24.061287+00:00,experiment_2_laptop,natural_writting,416,38.6994,1,-18.1095,12.2988,-15.2702,-0.8385,-33.3798,11.4604,-0.0140,0.2545
2026-08-01T13:14:24.061287+00:00,experiment_2_laptop,natural_writting,417,38.7943,1,-18.2970,12.9137,-15.3865,3.4310,-33.6835,16.3446,0.0572,0.2564
2026-08-01T13:14:24.061287+00:00,experiment_2_laptop,natural_writting,418,38.8839,1,-18.5873,12.0948,-4.2597,2.5055,-22.8470,14.6003,0.0418,0.0710
2026-08-01T13:14:24.061287+00:00,experiment_2_laptop,natural_writting,419,38.9791,1,-17.7502,12.9192,14.4348,-0.9553,-3.3154,11.9639,-0.0159,-0.2406
2026-08-01T13:14:24.061287+00:00,experiment_2_laptop,natural_writting,420,39.0722,1,-16.9191,13.1519,-9.3619,-1.5931,-26.2809,11.5588,-0.0266,0.1560
2026-08-01T13:14:24.061287+00:00,experiment_2_laptop,natural_writting,421,39.1656,1,-17.5849,12.3930,-17.6034,-0.0684,-35.1883,12.3246,-0.0011,0.2934
2026-08-01T13:14:24.061287+00:00,experiment_2_laptop,natural_writting,422,39.2580,1,-18.2930,12.6409,-6.5392,0.3707,-24.8322,13.0116,0.0062,0.1090
2026-08-01T13:14:24.061287+00:00,experiment_2_laptop,natural_writting,423,39.3494,1,-17.4689,12.3551,-13.0593,5.0596,-30.5282,17.4147,0.0843,0.2177
2026-08-01T13:14:24.061287+00:00,experiment_2_laptop,natural_writting,424,39.4444,1,-18.1155,11.5832,-0.5118,-4.2026,-18.6273,7.3805,-0.0700,0.0085
2026-08-01T13:14:24.061287+00:00,experiment_2_laptop,natural_writting,425,39.5370,1,-17.5070,11.0744,7.8499,-2.9988,-9.6571,8.0756,-0.0500,-0.1308
2026-08-01T13:14:24.061287+00:00,experiment_2_laptop,natural_writting,426,39.6265,1,-17.2374,10.6759,-15.2936,-6.3755,-32.5310,4.3004,-0.1063,0.2549
2026-08-01T13:14:24.061287+00:00,experiment_2_laptop,natural_writting,427,39.7230,1,-16.7801,8.0989,22.6357,-4.5214,5.8555,3.5775,-0.0754,-0.3773
2026-08-01T13:14:24.061287+00:00,experiment_2_laptop,natural_writting,428,39.8146,1,-16.5898,6.9504,16.1699,-3.0243,-0.4199,3.9260,-0.0504,-0.2695
2026-08-01T13:14:24.061287+00:00,experiment_2_laptop,natural_writting,429,39.9094,1,-15.9559,4.6101,-2.3276,-3.1214,-18.2835,1.4888,-0.0520,0.0388
2026-08-01T13:14:24.061287+00:00,experiment_2_laptop,natural_writting,430,40.0032,1,-15.0407,6.3092,11.5433,-5.8395,-3.4974,0.4697,-0.0973,-0.1924
2026-08-01T13:14:24.061287+00:00,experiment_2_laptop,natural_writting,431,40.0955,1,-17.4196,11.5910,3.7758,-4.5386,-13.6438,7.0525,-0.0756,-0.0629
2026-08-01T13:14:24.061287+00:00,experiment_2_laptop,natural_writting,432,40.1875,1,-18.5963,11.3133,36.5130,-4.1477,17.9166,7.1656,-0.0691,-0.6085
2026-08-01T13:14:24.061287+00:00,experiment_2_laptop,natural_writting,433,40.2803,1,-17.8816,10.4679,11.9408,-1.4502,-5.9409,9.0177,-0.0242,-0.1990
2026-08-01T13:14:24.061287+00:00,experiment_2_laptop,natural_writting,434,40.3792,1,-17.7834,11.3539,6.6379,2.3846,-11.1455,13.7385,0.0397,-0.1106
2026-08-01T13:14:24.061287+00:00,experiment_2_laptop,natural_writting,435,40.4665,1,-18.5874,12.5342,-4.6074,1.3421,-23.1948,13.8764,0.0224,0.0768
2026-08-01T13:14:24.061287+00:00,experiment_2_laptop,natural_writting,436,40.5623,1,-16.6383,12.2856,-2.4129,-1.6567,-19.0511,10.6289,-0.0276,0.0402
2026-08-01T13:14:24.061287+00:00,experiment_2_laptop,natural_writting,437,40.6538,1,-13.9435,11.8059,-2.4750,-1.0585,-16.4184,10.7474,-0.0176,0.0412
2026-08-01T13:14:24.061287+00:00,experiment_2_laptop,natural_writting,438,40.7452,1,-15.1920,11.8541,-0.9623,0.3044,-16.1543,12.1585,0.0051,0.0160
2026-08-01T13:14:24.061287+00:00,experiment_2_laptop,natural_writting,439,40.8397,1,-13.6202,11.4634,-1.4929,5.5503,-15.1130,17.0137,0.0925,0.0249
2026-08-01T13:14:24.061287+00:00,experiment_2_laptop,natural_writting,440,40.9315,1,-15.1095,12.8285,3.7047,3.9702,-11.4047,16.7988,0.0662,-0.0617
2026-08-01T13:14:24.061287+00:00,experiment_2_laptop,natural_writting,441,41.0285,1,-13.2784,12.0118,-2.2593,6.1501,-15.5377,18.1619,0.1025,0.0377
2026-08-01T13:14:24.061287+00:00,experiment_2_laptop,natural_writting,442,41.1186,1,-13.3894,11.8512,-0.3899,1.0239,-13.7793,12.8750,0.0171,0.0065
2026-08-01T13:14:24.061287+00:00,experiment_2_laptop,natural_writting,443,41.2146,1,-11.7823,11.8913,-1.5919,2.7180,-13.3741,14.6092,0.0453,0.0265
2026-08-01T13:14:24.061287+00:00,experiment_2_laptop,natural_writting,444,41.3034,1,-12.6872,11.4274,-0.7588,3.0502,-13.4460,14.4776,0.0508,0.0126
2026-08-01T13:14:24.061287+00:00,experiment_2_laptop,natural_writting,445,41.3977,1,-12.9031,11.4889,-2.4447,1.3188,-15.3478,12.8077,0.0220,0.0407
2026-08-01T13:14:24.061287+00:00,experiment_2_laptop,natural_writting,446,41.4910,1,-11.5059,10.6383,-3.8708,2.5084,-15.3767,13.1467,0.0418,0.0645
2026-08-01T13:14:24.061287+00:00,experiment_2_laptop,natural_writting,447,41.5851,1,-13.9475,8.4031,-3.1856,2.7162,-17.1331,11.1193,0.0453,0.0531
2026-08-01T13:14:24.061287+00:00,experiment_2_laptop,natural_writting,448,41.6810,1,-13.8465,9.4775,-4.4045,-1.8761,-18.2511,7.6014,-0.0313,0.0734
2026-08-01T13:14:24.061287+00:00,experiment_2_laptop,natural_writting,449,41.7708,1,-12.2190,8.4227,3.2920,-0.7373,-8.9270,7.6853,-0.0123,-0.0549
2026-08-01T13:14:24.061287+00:00,experiment_2_laptop,natural_writting,450,41.8631,1,-14.0206,9.1915,7.0536,-5.3561,-6.9670,3.8354,-0.0893,-0.1176
2026-08-01T13:14:24.061287+00:00,experiment_2_laptop,natural_writting,451,41.9563,1,-13.6707,9.1951,5.7463,-2.2842,-7.9243,6.9109,-0.0381,-0.0958
2026-08-01T13:14:24.061287+00:00,experiment_2_laptop,natural_writting,452,42.0490,1,-14.2662,9.8197,8.5696,-6.2039,-5.6966,3.6157,-0.1034,-0.1428
2026-08-01T13:14:24.061287+00:00,experiment_2_laptop,natural_writting,453,42.1489,1,-15.2649,7.9317,6.1145,-6.4465,-9.1505,1.4852,-0.1074,-0.1019
2026-08-01T13:14:24.061287+00:00,experiment_2_laptop,natural_writting,454,42.2339,1,-17.1324,9.5002,-1.5664,-5.3751,-18.6987,4.1251,-0.0896,0.0261
2026-08-01T13:14:24.061287+00:00,experiment_2_laptop,natural_writting,455,42.3299,1,-16.4008,6.6228,5.1517,2.3790,-11.2491,9.0017,0.0396,-0.0859
2026-08-01T13:14:24.061287+00:00,experiment_2_laptop,natural_writting,456,42.4218,1,-18.4117,10.9221,-23.0275,5.8979,-41.4392,16.8200,0.0983,0.3838
2026-08-01T13:14:24.061287+00:00,experiment_2_laptop,natural_writting,457,42.5141,1,-18.8626,10.1003,-9.3769,7.5352,-28.2395,17.6355,0.1256,0.1563
2026-08-01T13:14:24.061287+00:00,experiment_2_laptop,natural_writting,458,42.6076,1,-18.9399,8.9871,-13.9902,3.7844,-32.9301,12.7714,0.0631,0.2332
2026-08-01T13:14:24.061287+00:00,experiment_2_laptop,natural_writting,459,42.7001,1,-19.2739,9.1225,-12.1371,6.3718,-31.4110,15.4943,0.1062,0.2023
2026-08-01T13:14:24.061287+00:00,experiment_2_laptop,natural_writting,460,42.7964,1,-21.0529,8.6202,3.1201,6.2104,-17.9328,14.8306,0.1035,-0.0520
2026-08-01T13:14:24.061287+00:00,experiment_2_laptop,natural_writting,461,42.8852,1,-19.6652,9.2616,-5.1499,5.2803,-24.8151,14.5419,0.0880,0.0858
2026-08-01T13:14:24.061287+00:00,experiment_2_laptop,natural_writting,462,42.9797,1,-21.2022,8.4355,1.3544,4.7667,-19.8478,13.2022,0.0794,-0.0226
2026-08-01T13:14:24.061287+00:00,experiment_2_laptop,natural_writting,463,43.0724,1,-21.7299,9.0017,0.2430,6.3899,-21.4869,15.3916,0.1065,-0.0040
2026-08-01T13:14:24.061287+00:00,experiment_2_laptop,natural_writting,464,43.1653,1,-19.9155,8.2857,-5.2381,4.7787,-25.1536,13.0644,0.0796,0.0873
2026-08-01T13:14:24.061287+00:00,experiment_2_laptop,natural_writting,465,43.2583,1,-20.5686,9.9085,1.4035,8.0164,-19.1651,17.9249,0.1336,-0.0234
2026-08-01T13:14:24.061287+00:00,experiment_2_laptop,natural_writting,466,43.3504,1,-19.8596,8.2953,-9.9524,4.6454,-29.8119,12.9408,0.0774,0.1659
2026-08-01T13:14:24.061287+00:00,experiment_2_laptop,natural_writting,467,43.4506,1,-21.5148,9.3447,8.9602,5.3281,-12.5546,14.6728,0.0888,-0.1493
2026-08-01T13:14:24.061287+00:00,experiment_2_laptop,natural_writting,468,43.5369,1,-20.5021,8.2175,-1.2801,5.0396,-21.7822,13.2571,0.0840,0.0213
2026-08-01T13:14:24.061287+00:00,experiment_2_laptop,natural_writting,469,43.6306,1,-20.3020,8.8644,-6.0135,5.5229,-26.3155,14.3873,0.0920,0.1002
2026-08-01T13:14:24.061287+00:00,experiment_2_laptop,natural_writting,470,43.7234,1,-20.5708,9.1884,-7.3516,7.8947,-27.9223,17.0830,0.1316,0.1225
2026-08-01T13:14:24.061287+00:00,experiment_2_laptop,natural_writting,471,43.8171,1,-20.8171,8.5325,-5.9805,6.0504,-26.7975,14.5829,0.1008,0.0997
2026-08-01T13:14:24.061287+00:00,experiment_2_laptop,natural_writting,472,43.9167,1,-20.6661,8.6457,3.0965,4.8767,-17.5696,13.5223,0.0813,-0.0516
2026-08-01T13:14:24.061287+00:00,experiment_2_laptop,natural_writting,473,44.0032,1,-21.7443,10.3097,2.4338,4.3250,-19.3106,14.6347,0.0721,-0.0406
2026-08-01T13:14:24.061287+00:00,experiment_2_laptop,natural_writting,474,44.0964,1,-20.3276,8.1710,-6.4784,10.4544,-26.8060,18.6253,0.1742,0.1080
2026-08-01T13:14:24.061287+00:00,experiment_2_laptop,natural_writting,475,44.1866,1,-20.5730,8.6066,-4.0189,9.5998,-24.5919,18.2065,0.1600,0.0670
2026-08-01T13:14:24.061287+00:00,experiment_2_laptop,natural_writting,476,44.2845,1,-20.0982,6.2668,-3.5623,8.3113,-23.6605,14.5781,0.1385,0.0594
2026-08-01T13:14:24.061287+00:00,experiment_2_laptop,natural_writting,477,44.3739,1,-21.9047,9.2628,3.6559,6.0475,-18.2488,15.3104,0.1008,-0.0609
2026-08-01T13:14:24.061287+00:00,experiment_2_laptop,natural_writting,478,44.4675,1,-20.3931,8.2107,-5.0524,4.8648,-25.4456,13.0755,0.0811,0.0842
2026-08-01T13:14:24.061287+00:00,experiment_2_laptop,natural_writting,479,44.5614,1,-20.5969,9.6021,2.0825,4.6114,-18.5144,14.2135,0.0769,-0.0347
2026-08-01T13:14:24.061287+00:00,experiment_2_laptop,natural_writting,480,44.6554,1,-20.3708,7.8050,-8.2303,6.0621,-28.6011,13.8672,0.1010,0.1372
2026-08-01T13:14:24.061287+00:00,experiment_2_laptop,natural_writting,481,44.7492,1,-20.8684,8.7802,8.0121,8.4499,-12.8563,17.2301,0.1408,-0.1335
2026-08-01T13:14:24.061287+00:00,experiment_2_laptop,natural_writting,482,44.8417,1,-19.7240,8.5755,2.5563,9.4099,-17.1677,17.9855,0.1568,-0.0426
2026-08-01T13:14:24.061287+00:00,experiment_2_laptop,natural_writting,483,44.9337,1,-20.8728,9.4588,3.8386,5.5172,-17.0341,14.9760,0.0920,-0.0640
2026-08-01T13:14:24.061287+00:00,experiment_2_laptop,natural_writting,484,45.0261,1,-20.3925,10.0879,-5.3386,5.1209,-25.7311,15.2087,0.0853,0.0890
2026-08-01T13:17:05.635865+00:00,experiment_2_laptop,suspicious_phone_side_2_laptop,1,0.0764,1,-4.1477,11.0635,5.5642,0.2847,1.4166,11.3482,0.0047,-0.0927
2026-08-01T13:17:05.635865+00:00,experiment_2_laptop,suspicious_phone_side_2_laptop,2,0.1666,1,-4.2702,11.3629,5.2835,-0.1887,1.0133,11.1743,-0.0031,-0.0881
2026-08-01T13:17:05.635865+00:00,experiment_2_laptop,suspicious_phone_side_2_laptop,3,0.2620,1,-4.4390,11.7673,5.8620,-0.0088,1.4230,11.7586,-0.0001,-0.0977
2026-08-01T13:17:05.635865+00:00,experiment_2_laptop,suspicious_phone_side_2_laptop,4,0.3549,1,-4.4386,11.7566,5.1645,0.3556,0.7260,12.1122,0.0059,-0.0861
2026-08-01T13:17:05.635865+00:00,experiment_2_laptop,suspicious_phone_side_2_laptop,5,0.4506,1,-4.4358,11.7359,4.9748,-0.1577,0.5390,11.5782,-0.0026,-0.0829
2026-08-01T13:17:05.635865+00:00,experiment_2_laptop,suspicious_phone_side_2_laptop,6,0.5396,1,-4.5552,11.9786,4.8751,0.1945,0.3198,12.1731,0.0032,-0.0813
2026-08-01T13:17:05.635865+00:00,experiment_2_laptop,suspicious_phone_side_2_laptop,7,0.6333,1,-4.7915,11.9325,6.7116,0.2053,1.9202,12.1378,0.0034,-0.1119
2026-08-01T13:17:05.635865+00:00,experiment_2_laptop,suspicious_phone_side_2_laptop,8,0.7247,1,-4.7719,12.5977,5.0934,0.0814,0.3215,12.6791,0.0014,-0.0849
2026-08-01T13:17:05.635865+00:00,experiment_2_laptop,suspicious_phone_side_2_laptop,9,0.8191,1,-4.5607,12.7915,5.2322,0.5123,0.6715,13.3038,0.0085,-0.0872
2026-08-01T13:17:05.635865+00:00,experiment_2_laptop,suspicious_phone_side_2_laptop,10,0.9152,1,-4.4050,12.6294,6.2608,0.1383,1.8557,12.7677,0.0023,-0.1043
2026-08-01T13:17:05.635865+00:00,experiment_2_laptop,suspicious_phone_side_2_laptop,11,1.0044,1,-4.5095,13.0748,5.1007,0.3813,0.5912,13.4561,0.0064,-0.0850
2026-08-01T13:17:05.635865+00:00,experiment_2_laptop,suspicious_phone_side_2_laptop,12,1.0982,1,-4.3437,12.7330,4.7180,-0.1422,0.3743,12.5909,-0.0024,-0.0786
2026-08-01T13:17:05.635865+00:00,experiment_2_laptop,suspicious_phone_side_2_laptop,13,1.1908,1,-4.0045,12.6609,5.9644,-0.4694,1.9599,12.1915,-0.0078,-0.0994
2026-08-01T13:17:05.635865+00:00,experiment_2_laptop,suspicious_phone_side_2_laptop,14,1.2859,1,-3.6852,12.0570,5.6429,-1.3043,1.9577,10.7527,-0.0217,-0.0940
2026-08-01T13:17:05.635865+00:00,experiment_2_laptop,suspicious_phone_side_2_laptop,15,1.3773,1,-3.9555,12.3404,4.5528,-5.8372,0.5973,6.5033,-0.0973,-0.0759
2026-08-01T13:17:05.635865+00:00,experiment_2_laptop,suspicious_phone_side_2_laptop,16,1.4697,1,-4.2115,12.6975,5.1401,-6.0402,0.9286,6.6573,-0.1007,-0.0857
2026-08-01T13:17:05.635865+00:00,experiment_2_laptop,suspicious_phone_side_2_laptop,17,1.5622,1,-4.1254,11.9783,4.1813,-6.9261,0.0559,5.0522,-0.1154,-0.0697
2026-08-01T13:17:05.635865+00:00,experiment_2_laptop,suspicious_phone_side_2_laptop,18,1.6549,1,-2.3250,10.8466,3.3262,-7.6868,1.0012,3.1598,-0.1281,-0.0554
2026-08-01T13:17:05.635865+00:00,experiment_2_laptop,suspicious_phone_side_2_laptop,19,1.7519,1,-3.2395,11.1874,1.4274,-7.5124,-1.8121,3.6750,-0.1252,-0.0238
2026-08-01T13:17:05.635865+00:00,experiment_2_laptop,suspicious_phone_side_2_laptop,20,1.8452,1,-0.6635,5.2737,5.1744,-6.5510,4.5109,-1.2773,-0.1092,-0.0862
2026-08-01T13:17:05.635865+00:00,experiment_2_laptop,suspicious_phone_side_2_laptop,21,1.9364,1,-0.6582,2.3815,5.3023,-7.2755,4.6441,-4.8940,-0.1213,-0.0884
2026-08-01T13:17:05.635865+00:00,experiment_2_laptop,suspicious_phone_side_2_laptop,22,2.0295,1,-0.3537,-7.9516,0.1518,-5.7608,-0.2020,-13.7124,-0.0960,-0.0025
2026-08-01T13:17:05.635865+00:00,experiment_2_laptop,suspicious_phone_side_2_laptop,23,2.1228,1,-2.8600,-16.9076,0.2774,-4.4127,-2.5826,-21.3203,-0.0735,-0.0046
2026-08-01T13:17:05.635865+00:00,experiment_2_laptop,suspicious_phone_side_2_laptop,24,2.2185,1,-2.4381,-18.6014,2.4725,-4.5617,0.0344,-23.1630,-0.0760,-0.0412
2026-08-01T13:17:05.635865+00:00,experiment_2_laptop,suspicious_phone_side_2_laptop,25,2.3072,1,-3.4512,-19.1733,2.2516,-4.6492,-1.1996,-23.8225,-0.0775,-0.0375
2026-08-01T13:17:05.635865+00:00,experiment_2_laptop,suspicious_phone_side_2_laptop,26,2.4017,1,-4.4196,-20.1125,2.9076,-4.8238,-1.5120,-24.9363,-0.0804,-0.0485
2026-08-01T13:17:05.635865+00:00,experiment_2_laptop,suspicious_phone_side_2_laptop,27,2.4949,1,-4.3018,-20.6628,2.0144,-3.5637,-2.2874,-24.2265,-0.0594,-0.0336
2026-08-01T13:17:05.635865+00:00,experiment_2_laptop,suspicious_phone_side_2_laptop,28,2.5875,1,-4.6464,-20.9986,3.6088,-3.6136,-1.0376,-24.6123,-0.0602,-0.0601
2026-08-01T13:17:05.635865+00:00,experiment_2_laptop,suspicious_phone_side_2_laptop,29,2.6789,1,-4.6439,-21.4879,3.9826,-4.3910,-0.6613,-25.8789,-0.0732,-0.0664
2026-08-01T13:17:05.635865+00:00,experiment_2_laptop,suspicious_phone_side_2_laptop,30,2.7736,1,-4.8337,-21.8187,3.0856,-3.5682,-1.7482,-25.3870,-0.0595,-0.0514
2026-08-01T13:17:05.635865+00:00,experiment_2_laptop,suspicious_phone_side_2_laptop,31,2.8670,1,-4.5588,-21.4554,2.7655,-3.2119,-1.7932,-24.6672,-0.0535,-0.0461
2026-08-01T13:17:05.635865+00:00,experiment_2_laptop,suspicious_phone_side_2_laptop,32,2.9603,1,-4.1416,-20.8169,3.4529,-2.7233,-0.6886,-23.5402,-0.0454,-0.0575
2026-08-01T13:17:05.635865+00:00,experiment_2_laptop,suspicious_phone_side_2_laptop,33,3.0550,1,-3.5721,-20.5088,3.9587,-2.2129,0.3866,-22.7217,-0.0369,-0.0660
2026-08-01T13:17:05.635865+00:00,experiment_2_laptop,suspicious_phone_side_2_laptop,34,3.1449,1,-2.9362,-20.7319,3.3236,-2.9962,0.3874,-23.7281,-0.0499,-0.0554
2026-08-01T13:17:05.635865+00:00,experiment_2_laptop,suspicious_phone_side_2_laptop,35,3.2385,1,-4.4005,-20.1267,2.0665,-3.3320,-2.3340,-23.4588,-0.0555,-0.0344
2026-08-01T13:17:05.635865+00:00,experiment_2_laptop,suspicious_phone_side_2_laptop,36,3.3305,1,-3.0190,-19.6260,1.8939,-3.7838,-1.1251,-23.4099,-0.0631,-0.0316
2026-08-01T13:17:05.635865+00:00,experiment_2_laptop,suspicious_phone_side_2_laptop,37,3.4248,1,-3.1496,-18.8468,2.7558,-4.8261,-0.3938,-23.6729,-0.0804,-0.0459
2026-08-01T13:17:05.635865+00:00,experiment_2_laptop,suspicious_phone_side_2_laptop,38,3.5206,1,-2.0518,-17.6070,2.0060,-4.5267,-0.0458,-22.1337,-0.0754,-0.0334
2026-08-01T13:17:05.635865+00:00,experiment_2_laptop,suspicious_phone_side_2_laptop,39,3.6100,1,-1.9358,-18.3139,3.4595,-3.9376,1.5237,-22.2516,-0.0656,-0.0577
2026-08-01T13:17:05.635865+00:00,experiment_2_laptop,suspicious_phone_side_2_laptop,40,3.7023,1,-2.3747,-19.1299,1.0751,-4.6583,-1.2996,-23.7882,-0.0776,-0.0179
2026-08-01T13:17:05.635865+00:00,experiment_2_laptop,suspicious_phone_side_2_laptop,41,3.7977,1,-2.0288,-18.8087,2.7470,-5.6556,0.7181,-24.4643,-0.0943,-0.0458
2026-08-01T13:17:05.635865+00:00,experiment_2_laptop,suspicious_phone_side_2_laptop,42,3.8890,1,-2.2443,-18.7302,2.6861,-4.7193,0.4418,-23.4494,-0.0787,-0.0448
2026-08-01T13:17:05.635865+00:00,experiment_2_laptop,suspicious_phone_side_2_laptop,43,3.9914,1,-2.4002,-19.0084,2.0350,-5.0206,-0.3652,-24.0291,-0.0837,-0.0339
2026-08-01T13:17:05.635865+00:00,experiment_2_laptop,suspicious_phone_side_2_laptop,44,4.0766,1,-4.1793,-19.9819,1.7251,-5.1929,-2.4542,-25.1748,-0.0865,-0.0288
2026-08-01T13:17:05.635865+00:00,experiment_2_laptop,suspicious_phone_side_2_laptop,45,4.1691,1,-3.7266,-19.1668,2.9721,-4.5683,-0.7546,-23.7351,-0.0761,-0.0495
2026-08-01T13:17:05.635865+00:00,experiment_2_laptop,suspicious_phone_side_2_laptop,46,4.2631,1,-4.4089,-19.9591,3.2788,-3.8527,-1.1301,-23.8118,-0.0642,-0.0546
2026-08-01T13:17:05.635865+00:00,experiment_2_laptop,suspicious_phone_side_2_laptop,47,4.3560,1,-5.2799,-19.5942,1.5832,-5.1530,-3.6966,-24.7472,-0.0859,-0.0264
2026-08-01T13:17:05.635865+00:00,experiment_2_laptop,suspicious_phone_side_2_laptop,48,4.4491,1,-4.2747,-20.0584,3.8964,-4.4954,-0.3783,-24.5538,-0.0749,-0.0649
2026-08-01T13:17:05.635865+00:00,experiment_2_laptop,suspicious_phone_side_2_laptop,49,4.5406,1,-6.3086,-20.0160,1.6944,-4.6447,-4.6142,-24.6607,-0.0774,-0.0282
2026-08-01T13:17:05.635865+00:00,experiment_2_laptop,suspicious_phone_side_2_laptop,50,4.6338,1,-5.7262,-19.9294,3.2245,-4.2022,-2.5017,-24.1315,-0.0700,-0.0537
2026-08-01T13:17:05.635865+00:00,experiment_2_laptop,suspicious_phone_side_2_laptop,51,4.7264,1,-6.2400,-19.5576,1.9218,-4.2665,-4.3182,-23.8241,-0.0711,-0.0320
2026-08-01T13:17:05.635865+00:00,experiment_2_laptop,suspicious_phone_side_2_laptop,52,4.8198,1,-5.8815,-19.4749,2.4410,-3.6102,-3.4405,-23.0850,-0.0602,-0.0407
2026-08-01T13:17:05.635865+00:00,experiment_2_laptop,suspicious_phone_side_2_laptop,53,4.9139,1,-4.4246,-20.2178,2.0676,-4.0992,-2.3570,-24.3170,-0.0683,-0.0345
2026-08-01T13:17:05.635865+00:00,experiment_2_laptop,suspicious_phone_side_2_laptop,54,5.0051,1,-4.4723,-18.7319,2.5538,-3.9452,-1.9185,-22.6771,-0.0658,-0.0426
2026-08-01T13:17:05.635865+00:00,experiment_2_laptop,suspicious_phone_side_2_laptop,55,5.0998,1,-4.5906,-18.9252,2.1920,-3.8904,-2.3985,-22.8156,-0.0648,-0.0365
2026-08-01T13:17:05.635865+00:00,experiment_2_laptop,suspicious_phone_side_2_laptop,56,5.1932,1,-4.5543,-18.5514,2.5303,-4.4545,-2.0240,-23.0059,-0.0742,-0.0422
2026-08-01T13:17:05.635865+00:00,experiment_2_laptop,suspicious_phone_side_2_laptop,57,5.2886,1,-4.1552,-18.8475,12.5776,-5.3713,8.4225,-24.2187,-0.0895,-0.2096
2026-08-01T13:17:05.635865+00:00,experiment_2_laptop,suspicious_phone_side_2_laptop,58,5.3777,1,-4.2620,-19.5510,9.9004,-5.0966,5.6383,-24.6477,-0.0849,-0.1650
2026-08-01T13:17:05.635865+00:00,experiment_2_laptop,suspicious_phone_side_2_laptop,59,5.4717,1,-4.0147,-18.7528,5.2481,-4.1500,1.2334,-22.9028,-0.0692,-0.0875
2026-08-01T13:17:05.635865+00:00,experiment_2_laptop,suspicious_phone_side_2_laptop,60,5.5650,1,-4.1929,-19.1946,3.5660,-3.9626,-0.6269,-23.1572,-0.0660,-0.0594
2026-08-01T13:17:05.635865+00:00,experiment_2_laptop,suspicious_phone_side_2_laptop,61,5.6579,1,-4.5966,-18.7080,2.9363,-4.1451,-1.6603,-22.8531,-0.0691,-0.0489
2026-08-01T13:17:05.635865+00:00,experiment_2_laptop,suspicious_phone_side_2_laptop,62,5.7513,1,-4.7177,-19.0471,3.8643,-4.0960,-0.8533,-23.1431,-0.0683,-0.0644
2026-08-01T13:17:05.635865+00:00,experiment_2_laptop,suspicious_phone_side_2_laptop,63,5.8464,1,-4.9755,-18.8374,3.0195,-5.0399,-1.9560,-23.8772,-0.0840,-0.0503
2026-08-01T13:17:05.635865+00:00,experiment_2_laptop,suspicious_phone_side_2_laptop,64,5.9406,1,-3.0781,-16.5825,2.9462,-3.9329,-0.1318,-20.5154,-0.0655,-0.0491
2026-08-01T13:17:05.635865+00:00,experiment_2_laptop,suspicious_phone_side_2_laptop,65,6.0288,1,-5.7512,-18.3289,0.9480,-5.7928,-4.8032,-24.1217,-0.0965,-0.0158
2026-08-01T13:17:05.635865+00:00,experiment_2_laptop,suspicious_phone_side_2_laptop,66,6.1247,1,-5.7680,-18.4644,2.0397,-4.1773,-3.7282,-22.6417,-0.0696,-0.0340
2026-08-01T13:17:05.635865+00:00,experiment_2_laptop,suspicious_phone_side_2_laptop,67,6.2152,1,-6.0729,-18.6320,1.1003,-4.6734,-4.9726,-23.3055,-0.0779,-0.0183
2026-08-01T13:17:05.635865+00:00,experiment_2_laptop,suspicious_phone_side_2_laptop,68,6.3081,1,-5.8821,-19.5106,2.9955,-2.9738,-2.8866,-22.4843,-0.0496,-0.0499
2026-08-01T13:17:05.635865+00:00,experiment_2_laptop,suspicious_phone_side_2_laptop,69,6.4071,1,-5.8732,-18.4209,1.7965,-4.1934,-4.0767,-22.6143,-0.0699,-0.0299
2026-08-01T13:17:05.635865+00:00,experiment_2_laptop,suspicious_phone_side_2_laptop,70,6.4948,1,-6.1097,-18.7253,1.0746,-4.9320,-5.0350,-23.6573,-0.0822,-0.0179
2026-08-01T13:17:05.635865+00:00,experiment_2_laptop,suspicious_phone_side_2_laptop,71,6.5935,1,-5.4544,-19.0983,2.4307,-3.7684,-3.0237,-22.8667,-0.0628,-0.0405
2026-08-01T13:17:05.635865+00:00,experiment_2_laptop,suspicious_phone_side_2_laptop,72,6.6816,1,-6.2985,-18.4503,1.5814,-5.0912,-4.7171,-23.5415,-0.0849,-0.0264
2026-08-01T13:17:05.635865+00:00,experiment_2_laptop,suspicious_phone_side_2_laptop,73,6.7747,1,-6.5558,-19.1996,2.4034,-3.4287,-4.1523,-22.6283,-0.0571,-0.0401
2026-08-01T13:17:05.635865+00:00,experiment_2_laptop,suspicious_phone_side_2_laptop,74,6.8683,1,-6.0135,-19.1028,2.4529,-4.6410,-3.5606,-23.7437,-0.0773,-0.0409
2026-08-01T13:17:05.635865+00:00,experiment_2_laptop,suspicious_phone_side_2_laptop,75,6.9594,1,-5.9648,-19.2908,1.6151,-4.7024,-4.3497,-23.9933,-0.0784,-0.0269
2026-08-01T13:17:05.635865+00:00,experiment_2_laptop,suspicious_phone_side_2_laptop,76,7.0601,1,-5.8522,-18.6587,2.8133,-4.3553,-3.0389,-23.0140,-0.0726,-0.0469
2026-08-01T13:17:05.635865+00:00,experiment_2_laptop,suspicious_phone_side_2_laptop,77,7.1456,1,-7.0027,-18.7397,2.2462,-4.0561,-4.7565,-22.7958,-0.0676,-0.0374
2026-08-01T13:17:05.635865+00:00,experiment_2_laptop,suspicious_phone_side_2_laptop,78,7.2394,0,0.0000,0.0000,0.0000,0.0000,0.0000,0.0000,0.0000,0.0000
2026-08-01T13:17:05.635865+00:00,experiment_2_laptop,suspicious_phone_side_2_laptop,79,7.3344,1,-3.7800,-20.0271,2.0346,-1.8704,-1.7454,-21.8975,-0.0312,-0.0339
2026-08-01T13:17:05.635865+00:00,experiment_2_laptop,suspicious_phone_side_2_laptop,80,7.4273,1,-3.7892,-19.2868,3.1894,-7.6008,-0.5998,-26.8876,-0.1267,-0.0532
2026-08-01T13:17:05.635865+00:00,experiment_2_laptop,suspicious_phone_side_2_laptop,81,7.5176,1,-5.5855,-18.5515,7.4448,-4.0417,1.8593,-22.5932,-0.0674,-0.1241
2026-08-01T13:17:05.635865+00:00,experiment_2_laptop,suspicious_phone_side_2_laptop,82,7.6109,1,-6.5804,-18.7495,4.5459,-4.7201,-2.0345,-23.4696,-0.0787,-0.0758
2026-08-01T13:17:05.635865+00:00,experiment_2_laptop,suspicious_phone_side_2_laptop,83,7.7018,1,-5.2406,-18.5891,4.2477,-4.7817,-0.9929,-23.3708,-0.0797,-0.0708
2026-08-01T13:17:05.635865+00:00,experiment_2_laptop,suspicious_phone_side_2_laptop,84,7.7972,1,-6.3111,-18.0828,3.0321,-5.9897,-3.2789,-24.0725,-0.0998,-0.0505
2026-08-01T13:17:05.635865+00:00,experiment_2_laptop,suspicious_phone_side_2_laptop,85,7.8934,1,-4.9466,-19.1905,3.6713,-5.0549,-1.2753,-24.2454,-0.0842,-0.0612
2026-08-01T13:17:05.635865+00:00,experiment_2_laptop,suspicious_phone_side_2_laptop,86,7.9830,1,-5.6730,-19.1267,3.2383,-3.2833,-2.4347,-22.4101,-0.0547,-0.0540
2026-08-01T13:17:05.635865+00:00,experiment_2_laptop,suspicious_phone_side_2_laptop,87,8.0779,1,-5.1922,-18.9681,3.7911,-4.5382,-1.4011,-23.5063,-0.0756,-0.0632
2026-08-01T13:17:05.635865+00:00,experiment_2_laptop,suspicious_phone_side_2_laptop,88,8.1690,1,-6.1908,-17.8605,2.5053,-4.4620,-3.6855,-22.3224,-0.0744,-0.0418
2026-08-01T13:17:05.635865+00:00,experiment_2_laptop,suspicious_phone_side_2_laptop,89,8.2639,1,-6.5835,-18.6666,1.7997,-4.9550,-4.7838,-23.6215,-0.0826,-0.0300
2026-08-01T13:17:05.635865+00:00,experiment_2_laptop,suspicious_phone_side_2_laptop,90,8.3595,1,-6.7407,-18.9904,2.2893,-4.0219,-4.4514,-23.0123,-0.0670,-0.0382
2026-08-01T13:17:05.635865+00:00,experiment_2_laptop,suspicious_phone_side_2_laptop,91,8.4505,1,-6.1809,-18.8202,2.3434,-4.0649,-3.8375,-22.8851,-0.0677,-0.0391
2026-08-01T13:17:05.635865+00:00,experiment_2_laptop,suspicious_phone_side_2_laptop,92,8.5433,1,-6.3157,-18.9204,2.6176,-4.2731,-3.6981,-23.1935,-0.0712,-0.0436
2026-08-01T13:17:05.635865+00:00,experiment_2_laptop,suspicious_phone_side_2_laptop,93,8.6358,1,-6.2511,-18.8751,2.5524,-3.3254,-3.6987,-22.2005,-0.0554,-0.0425
2026-08-01T13:17:05.635865+00:00,experiment_2_laptop,suspicious_phone_side_2_laptop,94,8.7286,1,-6.1642,-18.7564,1.8188,-4.2751,-4.3453,-23.0314,-0.0713,-0.0303
2026-08-01T13:17:05.635865+00:00,experiment_2_laptop,suspicious_phone_side_2_laptop,95,8.8314,1,-5.8870,-17.9864,1.1345,-4.2510,-4.7526,-22.2374,-0.0709,-0.0189
2026-08-01T13:17:05.635865+00:00,experiment_2_laptop,suspicious_phone_side_2_laptop,96,8.9149,1,-6.5565,-18.3954,2.1320,-4.3343,-4.4245,-22.7297,-0.0722,-0.0355
2026-08-01T13:17:05.635865+00:00,experiment_2_laptop,suspicious_phone_side_2_laptop,97,9.0110,1,-6.2679,-18.6480,1.2436,-4.5123,-5.0243,-23.1603,-0.0752,-0.0207
2026-08-01T13:17:05.635865+00:00,experiment_2_laptop,suspicious_phone_side_2_laptop,98,9.1016,1,-5.9541,-18.8637,2.0641,-4.0524,-3.8900,-22.9161,-0.0675,-0.0344
2026-08-01T13:17:05.635865+00:00,experiment_2_laptop,suspicious_phone_side_2_laptop,99,9.1937,1,-6.9704,-18.6757,1.4519,-4.4781,-5.5185,-23.1538,-0.0746,-0.0242
2026-08-01T13:17:05.635865+00:00,experiment_2_laptop,suspicious_phone_side_2_laptop,100,9.2884,1,-6.7909,-18.4465,1.8654,-4.4330,-4.9255,-22.8795,-0.0739,-0.0311
2026-08-01T13:17:05.635865+00:00,experiment_2_laptop,suspicious_phone_side_2_laptop,101,9.3824,1,-6.2843,-18.6081,1.2739,-4.3028,-5.0105,-22.9109,-0.0717,-0.0212
2026-08-01T13:17:05.635865+00:00,experiment_2_laptop,suspicious_phone_side_2_laptop,102,9.4726,1,-6.3153,-18.7457,1.1992,-4.5492,-5.1161,-23.2949,-0.0758,-0.0200
2026-08-01T13:17:05.635865+00:00,experiment_2_laptop,suspicious_phone_side_2_laptop,103,9.5667,1,-6.2775,-18.7840,1.9423,-4.0892,-4.3352,-22.8732,-0.0682,-0.0324
2026-08-01T13:17:05.635865+00:00,experiment_2_laptop,suspicious_phone_side_2_laptop,104,9.6588,1,-6.3969,-18.4452,1.3811,-4.2821,-5.0158,-22.7274,-0.0714,-0.0230
2026-08-01T13:17:05.635865+00:00,experiment_2_laptop,suspicious_phone_side_2_laptop,105,9.7538,1,-6.3760,-18.9701,1.7798,-4.1788,-4.5962,-23.1489,-0.0696,-0.0297
2026-08-01T13:17:05.635865+00:00,experiment_2_laptop,suspicious_phone_side_2_laptop,106,9.8480,1,-5.9265,-18.7383,1.5617,-5.2583,-4.3648,-23.9966,-0.0876,-0.0260
2026-08-01T13:17:05.635865+00:00,experiment_2_laptop,suspicious_phone_side_2_laptop,107,9.9375,1,-5.4977,-18.4400,2.1297,-4.0514,-3.3680,-22.4914,-0.0675,-0.0355
2026-08-01T13:17:05.635865+00:00,experiment_2_laptop,suspicious_phone_side_2_laptop,108,10.0314,1,-6.2822,-18.3946,2.0612,-4.9485,-4.2210,-23.3431,-0.0825,-0.0344
2026-08-01T13:17:05.635865+00:00,experiment_2_laptop,suspicious_phone_side_2_laptop,109,10.1253,1,-6.5775,-19.4916,2.0019,-4.6137,-4.5756,-24.1052,-0.0769,-0.0334
2026-08-01T13:17:05.635865+00:00,experiment_2_laptop,suspicious_phone_side_2_laptop,110,10.2182,1,-5.6774,-18.8574,1.9071,-4.5400,-3.7703,-23.3974,-0.0757,-0.0318
2026-08-01T13:17:05.635865+00:00,experiment_2_laptop,suspicious_phone_side_2_laptop,111,10.3110,1,-6.3481,-18.5573,0.6747,-5.1841,-5.6734,-23.7415,-0.0864,-0.0112
2026-08-01T13:17:05.635865+00:00,experiment_2_laptop,suspicious_phone_side_2_laptop,112,10.4043,1,-5.9521,-18.6492,1.7817,-4.3970,-4.1703,-23.0462,-0.0733,-0.0297
2026-08-01T13:17:05.635865+00:00,experiment_2_laptop,suspicious_phone_side_2_laptop,113,10.4975,1,-5.7678,-18.6411,1.3015,-4.5815,-4.4663,-23.2226,-0.0764,-0.0217
2026-08-01T13:17:05.635865+00:00,experiment_2_laptop,suspicious_phone_side_2_laptop,114,10.5932,1,-5.8096,-19.4801,2.6852,-4.9438,-3.1245,-24.4239,-0.0824,-0.0448
2026-08-01T13:17:05.635865+00:00,experiment_2_laptop,suspicious_phone_side_2_laptop,115,10.6821,1,-6.3659,-18.3933,0.8949,-5.1970,-5.4710,-23.5903,-0.0866,-0.0149
2026-08-01T13:17:05.635865+00:00,experiment_2_laptop,suspicious_phone_side_2_laptop,116,10.7766,1,-6.5793,-18.8274,-0.1303,-5.6750,-6.7097,-24.5024,-0.0946,0.0022
2026-08-01T13:17:05.635865+00:00,experiment_2_laptop,suspicious_phone_side_2_laptop,117,10.8704,1,-6.7210,-17.5742,1.6051,-4.9494,-5.1159,-22.5236,-0.0825,-0.0268
2026-08-01T13:17:05.635865+00:00,experiment_2_laptop,suspicious_phone_side_2_laptop,118,10.9645,1,-6.9227,-18.8412,2.3822,-4.2492,-4.5405,-23.0904,-0.0708,-0.0397
2026-08-01T13:17:05.635865+00:00,experiment_2_laptop,suspicious_phone_side_2_laptop,119,11.0560,1,-6.1533,-19.3012,1.3220,-4.5119,-4.8313,-23.8131,-0.0752,-0.0220
2026-08-01T13:17:05.635865+00:00,experiment_2_laptop,suspicious_phone_side_2_laptop,120,11.1496,1,-4.8365,-19.0142,0.8465,-4.9202,-3.9900,-23.9344,-0.0820,-0.0141
2026-08-01T13:17:05.635865+00:00,experiment_2_laptop,suspicious_phone_side_2_laptop,121,11.2454,1,-5.7598,-17.6231,0.3415,-5.8452,-5.4183,-23.4683,-0.0974,-0.0057
2026-08-01T13:17:05.635865+00:00,experiment_2_laptop,suspicious_phone_side_2_laptop,122,11.3358,1,-6.8748,-18.2841,0.2605,-4.6806,-6.6144,-22.9648,-0.0780,-0.0043
2026-08-01T13:17:05.635865+00:00,experiment_2_laptop,suspicious_phone_side_2_laptop,123,11.4277,1,-6.4384,-18.8861,0.1198,-5.2737,-6.3185,-24.1598,-0.0879,-0.0020
2026-08-01T13:17:05.635865+00:00,experiment_2_laptop,suspicious_phone_side_2_laptop,124,11.5212,1,-5.7155,-18.9280,0.5601,-5.4604,-5.1554,-24.3884,-0.0910,-0.0093
2026-08-01T13:17:05.635865+00:00,experiment_2_laptop,suspicious_phone_side_2_laptop,125,11.6139,1,-5.7316,-18.3348,0.9458,-5.4218,-4.7858,-23.7567,-0.0904,-0.0158
2026-08-01T13:17:05.635865+00:00,experiment_2_laptop,suspicious_phone_side_2_laptop,126,11.7051,1,-4.8400,-18.7307,0.1566,-5.9242,-4.6834,-24.6550,-0.0987,-0.0026
2026-08-01T13:17:05.635865+00:00,experiment_2_laptop,suspicious_phone_side_2_laptop,127,11.8010,1,-6.0444,-18.4376,1.5272,-4.5718,-4.5172,-23.0095,-0.0762,-0.0255
2026-08-01T13:17:05.635865+00:00,experiment_2_laptop,suspicious_phone_side_2_laptop,128,11.8928,1,-6.2177,-18.8046,1.5718,-4.4051,-4.6459,-23.2097,-0.0734,-0.0262
2026-08-01T13:17:05.635865+00:00,experiment_2_laptop,suspicious_phone_side_2_laptop,129,11.9858,1,-7.5450,-18.5429,1.7419,-4.5023,-5.8031,-23.0452,-0.0750,-0.0290
2026-08-01T13:17:05.635865+00:00,experiment_2_laptop,suspicious_phone_side_2_laptop,130,12.0789,1,-6.3637,-18.7901,1.2266,-3.7110,-5.1371,-22.5011,-0.0618,-0.0204
2026-08-01T13:17:05.635865+00:00,experiment_2_laptop,suspicious_phone_side_2_laptop,131,12.1719,1,-6.5464,-19.4116,2.3792,-4.2816,-4.1672,-23.6932,-0.0714,-0.0397
2026-08-01T13:17:05.635865+00:00,experiment_2_laptop,suspicious_phone_side_2_laptop,132,12.2640,1,-6.5027,-18.8590,0.6277,-5.3398,-5.8749,-24.1988,-0.0890,-0.0105
2026-08-01T13:17:05.635865+00:00,experiment_2_laptop,suspicious_phone_side_2_laptop,133,12.3585,1,-6.9566,-19.1013,0.7094,-5.4023,-6.2472,-24.5035,-0.0900,-0.0118
2026-08-01T13:17:05.635865+00:00,experiment_2_laptop,suspicious_phone_side_2_laptop,134,12.4500,1,-7.0292,-20.5120,5.8733,-2.4806,-1.1559,-22.9926,-0.0413,-0.0979
2026-08-01T13:17:05.635865+00:00,experiment_2_laptop,suspicious_phone_side_2_laptop,135,12.5456,1,-6.2197,-20.6580,4.4225,-2.5153,-1.7972,-23.1733,-0.0419,-0.0737
2026-08-01T13:17:05.635865+00:00,experiment_2_laptop,suspicious_phone_side_2_laptop,136,12.6363,1,-5.6194,-20.8026,5.4128,-6.3197,-0.2066,-27.1223,-0.1053,-0.0902
2026-08-01T13:17:05.635865+00:00,experiment_2_laptop,suspicious_phone_side_2_laptop,137,12.7307,1,-5.8224,-20.3827,6.7760,-4.0159,0.9537,-24.3987,-0.0669,-0.1129
2026-08-01T13:17:05.635865+00:00,experiment_2_laptop,suspicious_phone_side_2_laptop,138,12.8231,1,-6.0613,-20.2309,4.1641,-3.3880,-1.8972,-23.6189,-0.0565,-0.0694
2026-08-01T13:17:05.635865+00:00,experiment_2_laptop,suspicious_phone_side_2_laptop,139,12.9151,1,-5.4271,-19.7418,3.0909,-2.9557,-2.3362,-22.6975,-0.0493,-0.0515
2026-08-01T13:17:05.635865+00:00,experiment_2_laptop,suspicious_phone_side_2_laptop,140,13.0142,1,-5.2278,-19.1229,3.8884,-3.1751,-1.3394,-22.2980,-0.0529,-0.0648
2026-08-01T13:17:05.635865+00:00,experiment_2_laptop,suspicious_phone_side_2_laptop,141,13.1012,1,-5.3825,-19.7754,3.3242,-3.2878,-2.0583,-23.0631,-0.0548,-0.0554
2026-08-01T13:17:05.635865+00:00,experiment_2_laptop,suspicious_phone_side_2_laptop,142,13.1956,1,-5.3193,-19.1988,2.5010,-4.2252,-2.8184,-23.4241,-0.0704,-0.0417
2026-08-01T13:17:05.635865+00:00,experiment_2_laptop,suspicious_phone_side_2_laptop,143,13.2882,1,-5.2264,-19.1199,3.0597,-3.6130,-2.1667,-22.7329,-0.0602,-0.0510
2026-08-01T13:17:05.635865+00:00,experiment_2_laptop,suspicious_phone_side_2_laptop,144,13.3817,1,-5.4920,-19.2627,1.9190,-4.4600,-3.5730,-23.7228,-0.0743,-0.0320
2026-08-01T13:17:05.635865+00:00,experiment_2_laptop,suspicious_phone_side_2_laptop,145,13.4749,1,-5.6628,-18.2420,1.2838,-4.2213,-4.3790,-22.4633,-0.0704,-0.0214
2026-08-01T13:17:05.635865+00:00,experiment_2_laptop,suspicious_phone_side_2_laptop,146,13.5663,1,-5.7283,-18.8548,2.7012,-4.3222,-3.0271,-23.1769,-0.0720,-0.0450
2026-08-01T13:17:05.635865+00:00,experiment_2_laptop,suspicious_phone_side_2_laptop,147,13.6663,1,-6.7163,-18.9795,1.1306,-4.0483,-5.5857,-23.0279,-0.0675,-0.0188
2026-08-01T13:17:05.635865+00:00,experiment_2_laptop,suspicious_phone_side_2_laptop,148,15.2170,1,-6.1770,-19.2660,2.0443,-3.7377,-4.1327,-23.0037,-0.0623,-0.0341
2026-08-01T13:17:05.635865+00:00,experiment_2_laptop,suspicious_phone_side_2_laptop,149,15.2428,1,-6.0602,-19.1199,0.7469,-4.3515,-5.3134,-23.4715,-0.0725,-0.0124
2026-08-01T13:17:05.635865+00:00,experiment_2_laptop,suspicious_phone_side_2_laptop,150,15.3357,1,-6.2902,-19.2710,1.4392,-4.4624,-4.8509,-23.7334,-0.0744,-0.0240
2026-08-01T13:17:05.635865+00:00,experiment_2_laptop,suspicious_phone_side_2_laptop,151,15.4342,1,-6.2452,-19.6149,2.0520,-4.5080,-4.1932,-24.1230,-0.0751,-0.0342
2026-08-01T13:17:05.635865+00:00,experiment_2_laptop,suspicious_phone_side_2_laptop,152,15.5200,0,0.0000,0.0000,0.0000,0.0000,0.0000,0.0000,0.0000,0.0000
2026-08-01T13:17:05.635865+00:00,experiment_2_laptop,suspicious_phone_side_2_laptop,153,15.6184,1,-6.1495,-19.9060,1.5013,-4.5394,-4.6482,-24.4454,-0.0757,-0.0250
2026-08-01T13:17:05.635865+00:00,experiment_2_laptop,suspicious_phone_side_2_laptop,154,15.7073,1,-6.9315,-19.1570,0.4879,-5.2722,-6.4436,-24.4293,-0.0879,-0.0081
2026-08-01T13:17:05.635865+00:00,experiment_2_laptop,suspicious_phone_side_2_laptop,155,15.8010,1,-7.1399,-19.2699,2.1764,-4.2614,-4.9634,-23.5312,-0.0710,-0.0363
2026-08-01T13:17:05.635865+00:00,experiment_2_laptop,suspicious_phone_side_2_laptop,156,15.8938,1,-7.3250,-19.9299,0.7643,-5.0939,-6.5607,-25.0237,-0.0849,-0.0127
2026-08-01T13:17:05.635865+00:00,experiment_2_laptop,suspicious_phone_side_2_laptop,157,15.9870,1,-6.8540,-19.2830,0.7073,-5.0225,-6.1467,-24.3055,-0.0837,-0.0118
2026-08-01T13:17:05.635865+00:00,experiment_2_laptop,suspicious_phone_side_2_laptop,158,16.0783,1,-6.3021,-18.9974,1.2960,-4.5301,-5.0061,-23.5275,-0.0755,-0.0216
2026-08-01T13:17:05.635865+00:00,experiment_2_laptop,suspicious_phone_side_2_laptop,159,16.1718,1,-6.5363,-19.2748,0.7141,-4.6508,-5.8222,-23.9256,-0.0775,-0.0119
2026-08-01T13:17:05.635865+00:00,experiment_2_laptop,suspicious_phone_side_2_laptop,160,16.2675,1,-6.3191,-18.6030,0.8482,-5.0991,-5.4708,-23.7021,-0.0850,-0.0141
2026-08-01T13:17:05.635865+00:00,experiment_2_laptop,suspicious_phone_side_2_laptop,161,16.3589,1,-6.3097,-18.6512,0.2803,-5.2832,-6.0293,-23.9343,-0.0881,-0.0047
2026-08-01T13:17:05.635865+00:00,experiment_2_laptop,suspicious_phone_side_2_laptop,162,16.4517,1,-6.6317,-19.0170,0.6742,-5.0301,-5.9576,-24.0471,-0.0838,-0.0112
2026-08-01T13:17:05.635865+00:00,experiment_2_laptop,suspicious_phone_side_2_laptop,163,16.5459,1,-6.2417,-19.0806,1.1166,-4.9300,-5.1251,-24.0107,-0.0822,-0.0186
2026-08-01T13:17:05.635865+00:00,experiment_2_laptop,suspicious_phone_side_2_laptop,164,16.6367,1,-6.1968,-19.0988,1.2311,-4.8212,-4.9658,-23.9201,-0.0804,-0.0205
2026-08-01T13:17:05.635865+00:00,experiment_2_laptop,suspicious_phone_side_2_laptop,165,16.7314,1,-6.7652,-19.0859,0.2051,-5.4419,-6.5601,-24.5278,-0.0907,-0.0034
2026-08-01T13:17:05.635865+00:00,experiment_2_laptop,suspicious_phone_side_2_laptop,166,16.8240,1,-6.2189,-18.8098,-0.5818,-5.4945,-6.8007,-24.3044,-0.0916,0.0097
2026-08-01T13:17:05.635865+00:00,experiment_2_laptop,suspicious_phone_side_2_laptop,167,16.9171,1,-6.2378,-18.9358,0.3851,-5.6943,-5.8527,-24.6301,-0.0949,-0.0064
2026-08-01T13:17:05.635865+00:00,experiment_2_laptop,suspicious_phone_side_2_laptop,168,17.0098,1,-6.5397,-18.7559,1.0860,-5.5396,-5.4537,-24.2956,-0.0923,-0.0181
2026-08-01T13:17:05.635865+00:00,experiment_2_laptop,suspicious_phone_side_2_laptop,169,17.1016,1,-6.6640,-18.9678,0.7082,-5.8790,-5.9558,-24.8469,-0.0980,-0.0118
2026-08-01T13:17:05.635865+00:00,experiment_2_laptop,suspicious_phone_side_2_laptop,170,17.1947,1,-6.5697,-17.9270,0.8330,-5.1154,-5.7368,-23.0424,-0.0853,-0.0139
2026-08-01T13:17:05.635865+00:00,experiment_2_laptop,suspicious_phone_side_2_laptop,171,17.2903,1,-6.4389,-17.4277,4.8278,-2.9019,-1.6111,-20.3296,-0.0484,-0.0805
2026-08-01T13:17:05.635865+00:00,experiment_2_laptop,suspicious_phone_side_2_laptop,172,17.3820,1,-4.0877,-15.7961,8.4982,2.3265,4.4105,-13.4696,0.0388,-0.1416
2026-08-01T13:17:05.635865+00:00,experiment_2_laptop,suspicious_phone_side_2_laptop,173,17.4753,1,-2.7244,-12.8942,8.0210,2.1472,5.2965,-10.7470,0.0358,-0.1337
2026-08-01T13:17:05.635865+00:00,experiment_2_laptop,suspicious_phone_side_2_laptop,174,17.5685,1,-0.8378,-3.7945,6.8099,1.1615,5.9721,-2.6330,0.0194,-0.1135
2026-08-01T13:17:05.635865+00:00,experiment_2_laptop,suspicious_phone_side_2_laptop,175,17.6617,1,-0.2994,2.1534,4.5815,-0.0329,4.2821,2.1205,-0.0005,-0.0764
2026-08-01T13:17:05.635865+00:00,experiment_2_laptop,suspicious_phone_side_2_laptop,176,17.7552,1,-0.8851,4.0662,4.2400,0.6404,3.3548,4.7067,0.0107,-0.0707
2026-08-01T13:17:05.635865+00:00,experiment_2_laptop,suspicious_phone_side_2_laptop,177,17.8482,1,-1.2804,5.4187,5.2254,0.1360,3.9451,5.5548,0.0023,-0.0871
2026-08-01T13:17:05.635865+00:00,experiment_2_laptop,suspicious_phone_side_2_laptop,178,17.9412,1,-2.1665,10.8118,5.5460,0.5728,3.3795,11.3846,0.0095,-0.0924
2026-08-01T13:17:05.635865+00:00,experiment_2_laptop,suspicious_phone_side_2_laptop,179,18.0339,1,-3.0074,14.6575,4.8641,0.7593,1.8567,15.4168,0.0127,-0.0811
2026-08-01T13:17:05.635865+00:00,experiment_2_laptop,suspicious_phone_side_2_laptop,180,18.1254,1,-3.8733,14.5759,4.7034,0.0714,0.8300,14.6473,0.0012,-0.0784
2026-08-01T13:17:05.635865+00:00,experiment_2_laptop,suspicious_phone_side_2_laptop,181,18.2197,1,-4.1076,14.3787,5.5954,-0.0017,1.4878,14.3770,-0.0000,-0.0933
2026-08-01T13:17:05.635865+00:00,experiment_2_laptop,suspicious_phone_side_2_laptop,182,18.3137,1,-4.5185,14.9651,5.3490,0.0618,0.8305,15.0270,0.0010,-0.0892
2026-08-01T13:17:05.635865+00:00,experiment_2_laptop,suspicious_phone_side_2_laptop,183,18.4056,1,-4.3077,14.8430,5.2511,-0.6670,0.9435,14.1760,-0.0111,-0.0875
2026-08-01T13:17:05.635865+00:00,experiment_2_laptop,suspicious_phone_side_2_laptop,184,18.5029,1,-4.7496,14.7066,4.1008,-0.6179,-0.6488,14.0887,-0.0103,-0.0683
2026-08-01T13:17:05.635865+00:00,experiment_2_laptop,suspicious_phone_side_2_laptop,185,18.5952,1,-4.9399,14.4930,4.0406,0.0913,-0.8993,14.5843,0.0015,-0.0673
2026-08-01T13:17:05.635865+00:00,experiment_2_laptop,suspicious_phone_side_2_laptop,186,18.6867,1,-5.4830,14.6499,5.2221,-0.2760,-0.2609,14.3740,-0.0046,-0.0870
2026-08-01T13:17:05.635865+00:00,experiment_2_laptop,suspicious_phone_side_2_laptop,187,18.7763,1,-6.3511,14.4212,4.9476,-0.2808,-1.4035,14.1403,-0.0047,-0.0825
2026-08-01T13:17:05.635865+00:00,experiment_2_laptop,suspicious_phone_side_2_laptop,188,18.8709,1,-6.0036,14.5909,5.0753,-0.1119,-0.9284,14.4791,-0.0019,-0.0846
2026-08-01T13:17:05.635865+00:00,experiment_2_laptop,suspicious_phone_side_2_laptop,189,18.9629,1,-6.2590,14.3131,6.0824,-0.1997,-0.1766,14.1134,-0.0033,-0.1014
2026-08-01T13:17:05.635865+00:00,experiment_2_laptop,suspicious_phone_side_2_laptop,190,19.0572,1,-6.6387,14.5526,5.4046,0.2695,-1.2341,14.8221,0.0045,-0.0901
2026-08-01T13:17:05.635865+00:00,experiment_2_laptop,suspicious_phone_side_2_laptop,191,19.1579,1,-5.5029,14.5037,5.1110,0.1916,-0.3920,14.6953,0.0032,-0.0852
2026-08-01T13:17:05.635865+00:00,experiment_2_laptop,suspicious_phone_side_2_laptop,192,19.2421,1,-6.0387,15.2552,5.6605,-0.6085,-0.3781,14.6467,-0.0101,-0.0943
2026-08-01T13:17:05.635865+00:00,experiment_2_laptop,suspicious_phone_side_2_laptop,193,19.3372,1,-5.9409,15.2524,5.3501,-0.6766,-0.5908,14.5758,-0.0113,-0.0892
2026-08-01T13:17:05.635865+00:00,experiment_2_laptop,suspicious_phone_side_2_laptop,194,19.4300,1,-5.5066,14.8368,5.4418,-0.2473,-0.0648,14.5895,-0.0041,-0.0907
2026-08-01T13:17:05.635865+00:00,experiment_2_laptop,suspicious_phone_side_2_laptop,195,19.5219,1,-5.4873,15.4648,6.4189,-0.3191,0.9316,15.1457,-0.0053,-0.1070
2026-08-01T13:17:05.635865+00:00,experiment_2_laptop,suspicious_phone_side_2_laptop,196,19.6151,1,-6.0842,15.2224,5.0209,-0.6729,-1.0633,14.5495,-0.0112,-0.0837
2026-08-01T13:17:05.635865+00:00,experiment_2_laptop,suspicious_phone_side_2_laptop,197,19.7089,1,-5.4798,15.3380,5.2205,-0.3408,-0.2594,14.9972,-0.0057,-0.0870
2026-08-01T13:17:05.635865+00:00,experiment_2_laptop,suspicious_phone_side_2_laptop,198,19.7997,1,-6.0191,15.1195,5.5635,-0.4758,-0.4555,14.6437,-0.0079,-0.0927
2026-08-01T13:17:05.635865+00:00,experiment_2_laptop,suspicious_phone_side_2_laptop,199,19.8963,1,-5.0558,14.9272,5.2308,-0.2426,0.1750,14.6846,-0.0040,-0.0872
2026-08-01T13:17:05.635865+00:00,experiment_2_laptop,suspicious_phone_side_2_laptop,200,19.9887,1,-4.5201,14.2697,4.7884,-0.2539,0.2683,14.0158,-0.0042,-0.0798
2026-08-01T13:17:05.635865+00:00,experiment_2_laptop,suspicious_phone_side_2_laptop,201,20.0816,1,-3.2955,13.2249,5.0742,-0.5925,1.7787,12.6324,-0.0099,-0.0846
2026-08-01T13:17:05.635865+00:00,experiment_2_laptop,suspicious_phone_side_2_laptop,202,20.1744,1,-3.5707,12.7221,6.1818,-0.3347,2.6112,12.3874,-0.0056,-0.1030
2026-08-01T13:17:05.635865+00:00,experiment_2_laptop,suspicious_phone_side_2_laptop,203,20.2646,1,-4.7307,13.9389,6.1619,0.1666,1.4313,14.1055,0.0028,-0.1027
2026-08-01T13:17:05.635865+00:00,experiment_2_laptop,suspicious_phone_side_2_laptop,204,20.3605,1,-4.6530,15.2992,5.4465,-0.2291,0.7935,15.0701,-0.0038,-0.0908
2026-08-01T13:17:05.635865+00:00,experiment_2_laptop,suspicious_phone_side_2_laptop,205,20.4527,1,-5.1303,12.7317,5.0399,0.0009,-0.0904,12.7326,0.0000,-0.0840
2026-08-01T13:17:05.635865+00:00,experiment_2_laptop,suspicious_phone_side_2_laptop,206,20.5445,1,-3.9755,11.7929,4.4814,-0.1770,0.5059,11.6159,-0.0029,-0.0747
2026-08-01T13:17:05.635865+00:00,experiment_2_laptop,suspicious_phone_side_2_laptop,207,20.6388,1,-4.1759,11.5086,5.7027,-0.1717,1.5267,11.3369,-0.0029,-0.0950
2026-08-01T13:17:05.635865+00:00,experiment_2_laptop,suspicious_phone_side_2_laptop,208,20.7305,1,-3.6809,12.7344,5.3672,-0.3176,1.6863,12.4168,-0.0053,-0.0895
2026-08-01T13:17:05.635865+00:00,experiment_2_laptop,suspicious_phone_side_2_laptop,209,20.8252,1,-3.8156,12.3678,5.0969,-0.5799,1.2813,11.7879,-0.0097,-0.0849
2026-08-01T13:17:05.635865+00:00,experiment_2_laptop,suspicious_phone_side_2_laptop,210,20.9248,1,-3.4330,12.5580,5.6243,-0.7571,2.1913,11.8009,-0.0126,-0.0937
2026-08-01T13:17:05.635865+00:00,experiment_2_laptop,suspicious_phone_side_2_laptop,211,21.0124,1,-3.9417,12.1681,4.5545,-0.3560,0.6128,11.8121,-0.0059,-0.0759
2026-08-01T13:17:05.635865+00:00,experiment_2_laptop,suspicious_phone_side_2_laptop,212,21.1064,1,-3.8237,12.2778,4.8261,-0.2953,1.0024,11.9825,-0.0049,-0.0804
2026-08-01T13:17:05.635865+00:00,experiment_2_laptop,suspicious_phone_side_2_laptop,213,21.1972,1,-4.1491,12.1740,5.4558,0.1780,1.3067,12.3520,0.0030,-0.0909
2026-08-01T13:17:05.635865+00:00,experiment_2_laptop,suspicious_phone_side_2_laptop,214,21.2898,1,-4.4102,11.8322,5.6949,-0.5503,1.2847,11.2819,-0.0092,-0.0949
2026-08-01T13:17:05.635865+00:00,experiment_2_laptop,suspicious_phone_side_2_laptop,215,21.3834,1,-3.6584,11.8562,5.6495,-0.5914,1.9911,11.2648,-0.0099,-0.0942
2026-08-01T13:17:05.635865+00:00,experiment_2_laptop,suspicious_phone_side_2_laptop,216,21.4763,1,-4.5147,12.0435,5.4547,-0.6229,0.9399,11.4207,-0.0104,-0.0909
2026-08-01T13:17:05.635865+00:00,experiment_2_laptop,suspicious_phone_side_2_laptop,217,21.5693,1,-4.1226,11.6147,5.6865,-0.0469,1.5639,11.5678,-0.0008,-0.0948
2026-08-01T13:17:05.635865+00:00,experiment_2_laptop,suspicious_phone_side_2_laptop,218,21.6629,1,-4.4338,11.2801,5.1497,-0.4787,0.7160,10.8014,-0.0080,-0.0858
2026-08-01T13:17:05.635865+00:00,experiment_2_laptop,suspicious_phone_side_2_laptop,219,21.7572,1,-3.6139,11.3875,4.5481,-0.8783,0.9342,10.5092,-0.0146,-0.0758
2026-08-01T13:17:05.635865+00:00,experiment_2_laptop,suspicious_phone_side_2_laptop,220,21.8473,1,-4.2844,11.5935,4.7675,-0.4027,0.4831,11.1908,-0.0067,-0.0795
2026-08-01T13:17:05.635865+00:00,experiment_2_laptop,suspicious_phone_side_2_laptop,221,21.9420,1,-3.7073,11.6930,4.8128,-0.4200,1.1055,11.2730,-0.0070,-0.0802
2026-08-01T13:17:05.635865+00:00,experiment_2_laptop,suspicious_phone_side_2_laptop,222,22.0350,1,-4.5632,11.6456,4.6117,-0.4766,0.0485,11.1690,-0.0079,-0.0769
2026-08-01T13:17:05.635865+00:00,experiment_2_laptop,suspicious_phone_side_2_laptop,223,22.1297,1,-4.7298,11.4267,4.8675,-0.2718,0.1377,11.1549,-0.0045,-0.0811
2026-08-01T13:17:05.635865+00:00,experiment_2_laptop,suspicious_phone_side_2_laptop,224,22.2245,1,-4.0122,11.6023,4.6295,-0.3746,0.6173,11.2277,-0.0062,-0.0772
2026-08-01T13:17:05.635865+00:00,experiment_2_laptop,suspicious_phone_side_2_laptop,225,22.3127,1,-3.5863,10.6980,5.2922,-0.3825,1.7059,10.3155,-0.0064,-0.0882
2026-08-01T13:17:05.635865+00:00,experiment_2_laptop,suspicious_phone_side_2_laptop,226,22.4065,1,-2.8734,9.6653,5.3460,-0.4045,2.4726,9.2608,-0.0067,-0.0891
2026-08-01T13:17:05.635865+00:00,experiment_2_laptop,suspicious_phone_side_2_laptop,227,22.5005,1,-3.3670,9.9263,4.9227,-0.4469,1.5558,9.4794,-0.0074,-0.0820
2026-08-01T13:17:05.635865+00:00,experiment_2_laptop,suspicious_phone_side_2_laptop,228,22.5917,1,-3.6145,10.3990,4.7750,-0.4305,1.1605,9.9684,-0.0072,-0.0796
2026-08-01T13:17:05.635865+00:00,experiment_2_laptop,suspicious_phone_side_2_laptop,229,22.6865,1,-3.7803,10.4903,4.7610,-0.6672,0.9807,9.8231,-0.0111,-0.0794
2026-08-01T13:17:05.635865+00:00,experiment_2_laptop,suspicious_phone_side_2_laptop,230,22.7787,1,-3.3549,10.2638,5.1796,-0.0988,1.8247,10.1650,-0.0016,-0.0863
2026-08-01T13:17:05.635865+00:00,experiment_2_laptop,suspicious_phone_side_2_laptop,231,22.8730,1,-3.8297,11.0618,5.6334,-0.6849,1.8037,10.3769,-0.0114,-0.0939
2026-08-01T13:17:05.635865+00:00,experiment_2_laptop,suspicious_phone_side_2_laptop,232,22.9657,1,-4.4161,10.3578,5.5299,-0.0825,1.1138,10.2753,-0.0014,-0.0922
2026-08-01T13:17:05.635865+00:00,experiment_2_laptop,suspicious_phone_side_2_laptop,233,23.0576,1,-3.4928,11.4294,5.1953,-0.6508,1.7024,10.7787,-0.0108,-0.0866
2026-08-01T13:17:05.635865+00:00,experiment_2_laptop,suspicious_phone_side_2_laptop,234,23.1513,1,-3.7129,11.6471,4.5028,-0.2392,0.7899,11.4079,-0.0040,-0.0750
2026-08-01T13:17:05.635865+00:00,experiment_2_laptop,suspicious_phone_side_2_laptop,235,23.2420,1,-4.8593,12.0344,4.6737,-0.5105,-0.1856,11.5239,-0.0085,-0.0779
2026-08-01T13:17:05.635865+00:00,experiment_2_laptop,suspicious_phone_side_2_laptop,236,23.3472,1,-4.9995,11.8473,4.5845,-0.5543,-0.4150,11.2930,-0.0092,-0.0764
2026-08-01T13:17:05.635865+00:00,experiment_2_laptop,suspicious_phone_side_2_laptop,237,23.4286,1,-4.4741,11.8031,4.3199,-0.0445,-0.1542,11.7586,-0.0007,-0.0720
2026-08-01T13:17:05.635865+00:00,experiment_2_laptop,suspicious_phone_side_2_laptop,238,23.5235,1,-4.8018,11.3909,4.8848,-0.4616,0.0829,10.9293,-0.0077,-0.0814
2026-08-01T13:17:05.635865+00:00,experiment_2_laptop,suspicious_phone_side_2_laptop,239,23.6167,1,-4.5697,10.7586,4.8556,-0.0670,0.2859,10.6916,-0.0011,-0.0809
2026-08-01T13:17:05.635865+00:00,experiment_2_laptop,suspicious_phone_side_2_laptop,240,23.7094,1,-5.4800,11.1571,5.5922,-0.1003,0.1122,11.0568,-0.0017,-0.0932
2026-08-01T13:17:05.635865+00:00,experiment_2_laptop,suspicious_phone_side_2_laptop,241,23.8027,1,-5.0023,11.4687,4.9465,-0.2710,-0.0558,11.1977,-0.0045,-0.0824
2026-08-01T13:17:05.635865+00:00,experiment_2_laptop,suspicious_phone_side_2_laptop,242,23.8958,1,-5.3364,11.3674,5.0666,0.0892,-0.2698,11.4566,0.0015,-0.0844
2026-08-01T13:17:05.635865+00:00,experiment_2_laptop,suspicious_phone_side_2_laptop,243,23.9960,1,-5.1839,11.5376,4.7743,1.3360,-0.4097,12.8736,0.0223,-0.0796
2026-08-01T13:17:05.635865+00:00,experiment_2_laptop,suspicious_phone_side_2_laptop,244,24.0808,1,-5.2909,11.8001,4.3316,1.4645,-0.9594,13.2646,0.0244,-0.0722
2026-08-01T13:17:05.635865+00:00,experiment_2_laptop,suspicious_phone_side_2_laptop,245,24.1751,1,-6.1851,11.8656,4.6400,1.2116,-1.5451,13.0772,0.0202,-0.0773
2026-08-01T13:17:05.635865+00:00,experiment_2_laptop,suspicious_phone_side_2_laptop,246,24.2679,1,-5.7382,11.8582,5.0233,1.6392,-0.7149,13.4974,0.0273,-0.0837
2026-08-01T13:17:05.635865+00:00,experiment_2_laptop,suspicious_phone_side_2_laptop,247,24.3610,1,-5.3739,11.4892,4.2369,0.6977,-1.1370,12.1869,0.0116,-0.0706
2026-08-01T13:17:05.635865+00:00,experiment_2_laptop,suspicious_phone_side_2_laptop,248,24.4547,1,-5.0073,11.5413,4.5917,1.1773,-0.4156,12.7186,0.0196,-0.0765
2026-08-01T13:17:05.635865+00:00,experiment_2_laptop,suspicious_phone_side_2_laptop,249,24.5488,1,-4.9075,11.4276,5.0910,1.6665,0.1835,13.0941,0.0278,-0.0848
2026-08-01T13:17:05.635865+00:00,experiment_2_laptop,suspicious_phone_side_2_laptop,250,24.6407,1,-5.1917,11.3597,5.6744,0.8773,0.4827,12.2370,0.0146,-0.0946
2026-08-01T13:17:05.635865+00:00,experiment_2_laptop,suspicious_phone_side_2_laptop,251,24.7346,1,-4.1392,11.0579,5.0750,-0.2033,0.9359,10.8546,-0.0034,-0.0846
2026-08-01T13:17:05.635865+00:00,experiment_2_laptop,suspicious_phone_side_2_laptop,252,24.8253,1,-5.2661,10.9102,4.9742,-0.3809,-0.2919,10.5293,-0.0063,-0.0829
2026-08-01T13:17:05.635865+00:00,experiment_2_laptop,suspicious_phone_side_2_laptop,253,24.9182,1,-5.0043,10.9351,4.4130,-0.2970,-0.5913,10.6381,-0.0050,-0.0736
2026-08-01T13:17:05.635865+00:00,experiment_2_laptop,suspicious_phone_side_2_laptop,254,25.0133,1,-5.0950,10.6011,5.7253,-0.5733,0.6302,10.0278,-0.0096,-0.0954
2026-08-01T13:17:05.635865+00:00,experiment_2_laptop,suspicious_phone_side_2_laptop,255,25.1081,1,-4.1351,10.5748,4.2209,-0.6564,0.0858,9.9184,-0.0109,-0.0703
2026-08-01T13:17:05.635865+00:00,experiment_2_laptop,suspicious_phone_side_2_laptop,256,25.1977,1,-4.9319,10.2720,5.0158,-0.1463,0.0840,10.1257,-0.0024,-0.0836
2026-08-01T13:17:05.635865+00:00,experiment_2_laptop,suspicious_phone_side_2_laptop,257,25.2916,1,-5.2568,10.3025,3.9334,-2.0494,-1.3235,8.2531,-0.0342,-0.0656
2026-08-01T13:17:05.635865+00:00,experiment_2_laptop,suspicious_phone_side_2_laptop,258,25.3854,1,-4.8978,10.1017,4.4047,-2.5487,-0.4932,7.5530,-0.0425,-0.0734
2026-08-01T13:17:05.635865+00:00,experiment_2_laptop,suspicious_phone_side_2_laptop,259,25.4788,1,-4.8442,9.7122,4.8186,-1.7634,-0.0255,7.9488,-0.0294,-0.0803
2026-08-01T13:17:05.635865+00:00,experiment_2_laptop,suspicious_phone_side_2_laptop,260,25.5686,1,-4.2312,10.0671,4.0166,-1.6835,-0.2146,8.3837,-0.0281,-0.0669
2026-08-01T13:17:05.635865+00:00,experiment_2_laptop,suspicious_phone_side_2_laptop,261,25.6636,1,-3.7826,9.9038,5.2678,-3.3520,1.4852,6.5518,-0.0559,-0.0878
2026-08-01T13:17:05.635865+00:00,experiment_2_laptop,suspicious_phone_side_2_laptop,262,25.7545,1,-4.1859,10.1703,7.2221,-3.8141,3.0363,6.3562,-0.0636,-0.1204
2026-08-01T13:17:05.635865+00:00,experiment_2_laptop,suspicious_phone_side_2_laptop,263,25.8475,1,-4.5942,9.4886,4.3445,-3.8445,-0.2497,5.6441,-0.0641,-0.0724
2026-08-01T13:17:05.635865+00:00,experiment_2_laptop,suspicious_phone_side_2_laptop,264,25.9406,1,-3.9299,9.6768,4.7539,-4.0370,0.8240,5.6399,-0.0673,-0.0792
2026-08-01T13:17:05.635865+00:00,experiment_2_laptop,suspicious_phone_side_2_laptop,265,26.0358,1,-3.4459,9.3045,4.8341,-3.6409,1.3882,5.6636,-0.0607,-0.0806
2026-08-01T13:17:05.635865+00:00,experiment_2_laptop,suspicious_phone_side_2_laptop,266,26.1289,1,-4.6257,10.2624,4.8747,-4.7764,0.2490,5.4860,-0.0796,-0.0812
2026-08-01T13:17:05.635865+00:00,experiment_2_laptop,suspicious_phone_side_2_laptop,267,26.2209,1,-4.1394,9.8821,5.1044,-2.4643,0.9649,7.4178,-0.0411,-0.0851
2026-08-01T13:17:05.635865+00:00,experiment_2_laptop,suspicious_phone_side_2_laptop,268,26.3152,1,-5.3234,11.3322,5.4177,-0.3633,0.0943,10.9689,-0.0061,-0.0903
2026-08-01T13:17:05.635865+00:00,experiment_2_laptop,suspicious_phone_side_2_laptop,269,26.4069,1,-6.0903,11.8138,5.0436,-0.9717,-1.0467,10.8421,-0.0162,-0.0841
2026-08-01T13:17:05.635865+00:00,experiment_2_laptop,suspicious_phone_side_2_laptop,270,26.5004,1,-5.9365,12.3511,3.5542,0.0525,-2.3823,12.4036,0.0009,-0.0592
2026-08-01T13:17:05.635865+00:00,experiment_2_laptop,suspicious_phone_side_2_laptop,271,26.5939,1,-6.3092,12.1688,3.9110,-0.6621,-2.3982,11.5067,-0.0110,-0.0652
2026-08-01T13:17:05.635865+00:00,experiment_2_laptop,suspicious_phone_side_2_laptop,272,26.6870,1,-6.1883,12.8013,4.0243,-0.7747,-2.1641,12.0266,-0.0129,-0.0671
2026-08-01T13:17:05.635865+00:00,experiment_2_laptop,suspicious_phone_side_2_laptop,273,26.7792,1,-5.7014,12.4521,4.0741,-0.6754,-1.6273,11.7766,-0.0113,-0.0679
2026-08-01T13:17:05.635865+00:00,experiment_2_laptop,suspicious_phone_side_2_laptop,274,26.8774,1,-5.3956,12.0413,4.7028,-0.5193,-0.6929,11.5221,-0.0087,-0.0784
2026-08-01T13:17:05.635865+00:00,experiment_2_laptop,suspicious_phone_side_2_laptop,275,26.9667,1,-5.3095,11.5144,4.6825,-0.6184,-0.6270,10.8960,-0.0103,-0.0780
2026-08-01T13:17:05.635865+00:00,experiment_2_laptop,suspicious_phone_side_2_laptop,276,27.0611,1,-5.4372,10.7220,4.4702,-0.8086,-0.9670,9.9134,-0.0135,-0.0745
2026-08-01T13:17:05.635865+00:00,experiment_2_laptop,suspicious_phone_side_2_laptop,277,27.1522,1,-4.2845,7.3349,3.8356,-0.0474,-0.4489,7.2874,-0.0008,-0.0639
2026-08-01T13:17:05.635865+00:00,experiment_2_laptop,suspicious_phone_side_2_laptop,278,27.2447,1,-4.2121,6.4437,3.4258,-1.5522,-0.7863,4.8916,-0.0259,-0.0571
2026-08-01T13:17:05.635865+00:00,experiment_2_laptop,suspicious_phone_side_2_laptop,279,27.3377,1,-3.6547,6.4343,2.5788,-3.4159,-1.0760,3.0184,-0.0569,-0.0430
2026-08-01T13:17:05.635865+00:00,experiment_2_laptop,suspicious_phone_side_2_laptop,280,27.4306,1,-2.6868,4.3824,3.3512,-2.5488,0.6645,1.8335,-0.0425,-0.0559
2026-08-01T13:17:05.635865+00:00,experiment_2_laptop,suspicious_phone_side_2_laptop,281,27.5237,1,-3.0637,3.4798,3.7032,-2.5177,0.6395,0.9620,-0.0420,-0.0617
2026-08-01T13:17:05.635865+00:00,experiment_2_laptop,suspicious_phone_side_2_laptop,282,27.6164,1,-3.5222,3.8919,3.6247,-0.7335,0.1025,3.1584,-0.0122,-0.0604
2026-08-01T13:17:05.635865+00:00,experiment_2_laptop,suspicious_phone_side_2_laptop,283,27.7077,1,-4.1902,5.5266,3.2444,0.4503,-0.9458,5.9769,0.0075,-0.0541
2026-08-01T13:17:05.635865+00:00,experiment_2_laptop,suspicious_phone_side_2_laptop,284,27.7999,1,-3.9865,6.4797,1.7743,0.0948,-2.2123,6.5745,0.0016,-0.0296
2026-08-01T13:17:05.635865+00:00,experiment_2_laptop,suspicious_phone_side_2_laptop,285,27.9002,1,-4.7305,7.2645,2.7957,-0.5763,-1.9348,6.6882,-0.0096,-0.0466
2026-08-01T13:17:05.635865+00:00,experiment_2_laptop,suspicious_phone_side_2_laptop,286,27.9873,1,-4.5904,7.2915,1.2144,-0.2182,-3.3760,7.0733,-0.0036,-0.0202
2026-08-01T13:17:05.635865+00:00,experiment_2_laptop,suspicious_phone_side_2_laptop,287,28.0822,1,-4.5638,7.3170,0.9637,-0.4466,-3.6000,6.8704,-0.0074,-0.0161
2026-08-01T13:17:05.635865+00:00,experiment_2_laptop,suspicious_phone_side_2_laptop,288,28.1834,1,-4.7248,7.1112,1.8786,-0.2020,-2.8463,6.9092,-0.0034,-0.0313
2026-08-01T13:17:05.635865+00:00,experiment_2_laptop,suspicious_phone_side_2_laptop,289,28.2679,1,-4.6281,7.4215,1.3268,-0.5107,-3.3014,6.9108,-0.0085,-0.0221
2026-08-01T13:17:05.635865+00:00,experiment_2_laptop,suspicious_phone_side_2_laptop,290,28.3592,1,-4.9567,7.3271,1.6576,0.0208,-3.2991,7.3478,0.0003,-0.0276
2026-08-01T13:17:05.635865+00:00,experiment_2_laptop,suspicious_phone_side_2_laptop,291,28.4545,1,-4.7823,7.3017,1.5123,-0.0272,-3.2700,7.2744,-0.0005,-0.0252
2026-08-01T13:17:05.635865+00:00,experiment_2_laptop,suspicious_phone_side_2_laptop,292,28.5472,1,-5.3472,7.6079,0.7241,0.0014,-4.6230,7.6093,0.0000,-0.0121
2026-08-01T13:17:05.635865+00:00,experiment_2_laptop,suspicious_phone_side_2_laptop,293,28.6402,1,-4.9886,7.2897,1.4939,-0.0698,-3.4947,7.2199,-0.0012,-0.0249
2026-08-01T13:17:05.635865+00:00,experiment_2_laptop,suspicious_phone_side_2_laptop,294,28.7352,1,-5.3902,7.7701,1.3083,1.0348,-4.0819,8.8050,0.0172,-0.0218
2026-08-01T13:17:05.635865+00:00,experiment_2_laptop,suspicious_phone_side_2_laptop,295,28.8245,1,-5.2754,8.2957,2.9345,0.5567,-2.3409,8.8524,0.0093,-0.0489
2026-08-01T13:17:05.635865+00:00,experiment_2_laptop,suspicious_phone_side_2_laptop,296,28.9192,1,-4.9494,8.4389,2.0109,0.9991,-2.9385,9.4380,0.0167,-0.0335
2026-08-01T13:17:05.635865+00:00,experiment_2_laptop,suspicious_phone_side_2_laptop,297,29.0114,1,-5.5445,8.6257,3.2910,1.1318,-2.2535,9.7575,0.0189,-0.0549
2026-08-01T13:17:05.635865+00:00,experiment_2_laptop,suspicious_phone_side_2_laptop,298,29.1055,1,-5.3461,8.1991,3.0455,-0.2617,-2.3006,7.9374,-0.0044,-0.0508
2026-08-01T13:17:05.635865+00:00,experiment_2_laptop,suspicious_phone_side_2_laptop,299,29.1987,1,-5.0249,7.6645,1.8924,-0.3769,-3.1326,7.2876,-0.0063,-0.0315
2026-08-01T13:17:05.635865+00:00,experiment_2_laptop,suspicious_phone_side_2_laptop,300,29.2905,1,-4.8569,7.5888,2.4212,-0.6419,-2.4358,6.9469,-0.0107,-0.0404
2026-08-01T13:17:05.635865+00:00,experiment_2_laptop,suspicious_phone_side_2_laptop,301,29.3840,1,-4.9088,7.2233,2.7109,0.1397,-2.1979,7.3630,0.0023,-0.0452
2026-08-01T13:17:05.635865+00:00,experiment_2_laptop,suspicious_phone_side_2_laptop,302,29.4831,1,-5.0895,7.7857,2.9900,-0.3030,-2.0995,7.4828,-0.0050,-0.0498
2026-08-01T13:17:05.635865+00:00,experiment_2_laptop,suspicious_phone_side_2_laptop,303,29.5700,1,-5.1647,7.6716,1.9498,-0.6484,-3.2149,7.0232,-0.0108,-0.0325
2026-08-01T13:17:05.635865+00:00,experiment_2_laptop,suspicious_phone_side_2_laptop,304,29.6641,1,-5.3766,7.6715,2.6915,-0.4744,-2.6851,7.1971,-0.0079,-0.0449
2026-08-01T13:17:05.635865+00:00,experiment_2_laptop,suspicious_phone_side_2_laptop,305,29.7540,1,-4.8471,8.1448,2.6012,-0.0056,-2.2459,8.1392,-0.0001,-0.0434
2026-08-01T13:17:05.635865+00:00,experiment_2_laptop,suspicious_phone_side_2_laptop,306,29.8491,1,-5.1958,8.2753,2.9530,1.1111,-2.2427,9.3864,0.0185,-0.0492
2026-08-01T13:17:05.635865+00:00,experiment_2_laptop,suspicious_phone_side_2_laptop,307,29.9426,1,-5.4134,8.5046,2.5531,1.2975,-2.8603,9.8020,0.0216,-0.0426
2026-08-01T13:17:05.635865+00:00,experiment_2_laptop,suspicious_phone_side_2_laptop,308,30.0351,1,-5.2787,7.8937,3.8302,1.1354,-1.4485,9.0291,0.0189,-0.0638
2026-08-01T13:17:05.635865+00:00,experiment_2_laptop,suspicious_phone_side_2_laptop,309,30.1301,1,-5.3077,8.0474,3.3282,1.0307,-1.9796,9.0781,0.0172,-0.0555
2026-08-01T13:17:05.635865+00:00,experiment_2_laptop,suspicious_phone_side_2_laptop,310,30.2206,1,-5.3232,7.8659,3.5533,-0.3478,-1.7698,7.5181,-0.0058,-0.0592
2026-08-01T13:17:05.635865+00:00,experiment_2_laptop,suspicious_phone_side_2_laptop,311,30.3186,1,-5.3045,7.6734,3.8059,-0.1052,-1.4986,7.5681,-0.0018,-0.0634
2026-08-01T13:17:05.635865+00:00,experiment_2_laptop,suspicious_phone_side_2_laptop,312,30.4073,1,-5.4304,7.6819,3.9775,-0.4406,-1.4529,7.2412,-0.0073,-0.0663
2026-08-01T13:17:05.635865+00:00,experiment_2_laptop,suspicious_phone_side_2_laptop,313,30.5023,1,-5.3794,8.1286,2.6500,-0.0580,-2.7294,8.0706,-0.0010,-0.0442
2026-08-01T13:17:05.635865+00:00,experiment_2_laptop,suspicious_phone_side_2_laptop,314,30.5954,1,-4.9738,7.8025,3.3490,-0.5357,-1.6248,7.2667,-0.0089,-0.0558
2026-08-01T13:17:05.635865+00:00,experiment_2_laptop,suspicious_phone_side_2_laptop,315,30.6859,1,-4.9560,8.0892,2.8048,-0.3419,-2.1513,7.7473,-0.0057,-0.0467
2026-08-01T13:17:05.635865+00:00,experiment_2_laptop,suspicious_phone_side_2_laptop,316,30.7785,1,-5.0426,7.8303,3.3186,-0.1590,-1.7240,7.6713,-0.0027,-0.0553
2026-08-01T13:17:05.635865+00:00,experiment_2_laptop,suspicious_phone_side_2_laptop,317,30.8739,1,-4.9111,7.7832,3.4028,-0.0427,-1.5084,7.7406,-0.0007,-0.0567
2026-08-01T13:17:05.635865+00:00,experiment_2_laptop,suspicious_phone_side_2_laptop,318,30.9688,1,-4.8330,7.8761,4.1210,-0.1541,-0.7120,7.7220,-0.0026,-0.0687
2026-08-01T13:17:05.635865+00:00,experiment_2_laptop,suspicious_phone_side_2_laptop,319,31.0588,1,-4.7736,7.9396,4.1510,-0.0417,-0.6226,7.8979,-0.0007,-0.0692
2026-08-01T13:17:05.635865+00:00,experiment_2_laptop,suspicious_phone_side_2_laptop,320,31.1528,1,-5.0301,7.8285,3.5021,1.2338,-1.5279,9.0623,0.0206,-0.0584
2026-08-01T13:17:05.635865+00:00,experiment_2_laptop,suspicious_phone_side_2_laptop,321,31.2476,1,-5.5982,8.4540,3.7148,1.3711,-1.8834,9.8250,0.0229,-0.0619
2026-08-01T13:17:05.635865+00:00,experiment_2_laptop,suspicious_phone_side_2_laptop,322,31.3359,1,-5.4405,8.3698,3.4911,1.0501,-1.9494,9.4199,0.0175,-0.0582
2026-08-01T13:17:05.635865+00:00,experiment_2_laptop,suspicious_phone_side_2_laptop,323,31.4361,1,-5.4599,8.4228,5.1681,1.2610,-0.2918,9.6838,0.0210,-0.0861
2026-08-01T13:17:05.635865+00:00,experiment_2_laptop,suspicious_phone_side_2_laptop,324,31.5222,1,-5.2857,8.1002,4.7752,1.6320,-0.5106,9.7322,0.0272,-0.0796
2026-08-01T13:17:05.635865+00:00,experiment_2_laptop,suspicious_phone_side_2_laptop,325,31.6174,1,-5.6396,8.7550,2.8992,0.7149,-2.7403,9.4700,0.0119,-0.0483
2026-08-01T13:17:05.635865+00:00,experiment_2_laptop,suspicious_phone_side_2_laptop,326,31.7098,1,-5.9182,7.7711,4.0529,-0.3144,-1.8652,7.4568,-0.0052,-0.0675
2026-08-01T13:17:05.635865+00:00,experiment_2_laptop,suspicious_phone_side_2_laptop,327,31.8029,1,-5.5716,7.7347,2.8672,0.0228,-2.7044,7.7575,0.0004,-0.0478
2026-08-01T13:17:05.635865+00:00,experiment_2_laptop,suspicious_phone_side_2_laptop,328,31.8956,1,-5.6945,7.9712,4.1510,-0.0735,-1.5435,7.8976,-0.0012,-0.0692
2026-08-01T13:17:05.635865+00:00,experiment_2_laptop,suspicious_phone_side_2_laptop,329,31.9895,1,-5.2137,7.5493,3.8487,-0.1693,-1.3650,7.3800,-0.0028,-0.0641
2026-08-01T13:17:05.635865+00:00,experiment_2_laptop,suspicious_phone_side_2_laptop,330,32.0834,1,-5.4351,7.4389,3.9290,0.0592,-1.5060,7.4981,0.0010,-0.0655
2026-08-01T13:17:05.635865+00:00,experiment_2_laptop,suspicious_phone_side_2_laptop,331,32.1734,1,-5.2428,7.9740,4.1514,-0.1823,-1.0914,7.7918,-0.0030,-0.0692
2026-08-01T13:17:05.635865+00:00,experiment_2_laptop,suspicious_phone_side_2_laptop,332,32.2665,1,-5.1834,7.9919,3.9881,-0.0874,-1.1953,7.9044,-0.0015,-0.0665
2026-08-01T13:17:05.635865+00:00,experiment_2_laptop,suspicious_phone_side_2_laptop,333,32.3600,1,-5.5824,7.8535,3.9214,-0.2359,-1.6610,7.6176,-0.0039,-0.0654
2026-08-01T13:17:05.635865+00:00,experiment_2_laptop,suspicious_phone_side_2_laptop,334,32.4538,1,-5.9077,8.0235,3.3622,-0.0605,-2.5455,7.9630,-0.0010,-0.0560
2026-08-01T13:17:05.635865+00:00,experiment_2_laptop,suspicious_phone_side_2_laptop,335,32.5497,1,-5.4374,8.0014,3.9960,-0.3632,-1.4414,7.6382,-0.0061,-0.0666
2026-08-01T13:17:05.635865+00:00,experiment_2_laptop,suspicious_phone_side_2_laptop,336,32.6400,1,-5.3259,7.6371,4.2846,-0.1140,-1.0413,7.5231,-0.0019,-0.0714
2026-08-01T13:17:05.635865+00:00,experiment_2_laptop,suspicious_phone_side_2_laptop,337,32.7360,1,-5.4230,7.1138,3.6063,0.0607,-1.8168,7.1745,0.0010,-0.0601
2026-08-01T13:17:05.635865+00:00,experiment_2_laptop,suspicious_phone_side_2_laptop,338,32.8247,1,-5.8337,7.5002,4.3015,-0.4323,-1.5322,7.0678,-0.0072,-0.0717
2026-08-01T13:17:05.635865+00:00,experiment_2_laptop,suspicious_phone_side_2_laptop,339,32.9191,1,-5.2049,7.3988,4.3169,-0.1432,-0.8880,7.2556,-0.0024,-0.0719
2026-08-01T13:17:05.635865+00:00,experiment_2_laptop,suspicious_phone_side_2_laptop,340,33.0104,1,-5.8013,8.1258,3.0289,-0.5472,-2.7724,7.5786,-0.0091,-0.0505
2026-08-01T13:17:05.635865+00:00,experiment_2_laptop,suspicious_phone_side_2_laptop,341,33.1069,1,-4.7066,7.7894,3.0717,-0.1046,-1.6349,7.6847,-0.0017,-0.0512
2026-08-01T13:17:05.635865+00:00,experiment_2_laptop,suspicious_phone_side_2_laptop,342,33.2041,1,-5.7383,9.3699,3.2257,-0.5268,-2.5126,8.8431,-0.0088,-0.0538
2026-08-01T13:17:05.635865+00:00,experiment_2_laptop,suspicious_phone_side_2_laptop,343,33.2914,1,-6.2085,10.1172,3.6158,-0.8390,-2.5927,9.2782,-0.0140,-0.0603
2026-08-01T13:17:05.635865+00:00,experiment_2_laptop,suspicious_phone_side_2_laptop,344,33.3846,1,-6.3348,10.7177,3.8570,-0.8928,-2.4778,9.8249,-0.0149,-0.0643
2026-08-01T13:17:05.635865+00:00,experiment_2_laptop,suspicious_phone_side_2_laptop,345,33.4777,1,-6.9283,11.8322,3.8614,-0.3236,-3.0669,11.5086,-0.0054,-0.0644
2026-08-01T13:17:05.635865+00:00,experiment_2_laptop,suspicious_phone_side_2_laptop,346,33.5707,1,-6.8832,11.7891,4.4236,-0.3697,-2.4595,11.4195,-0.0062,-0.0737
2026-08-01T13:17:05.635865+00:00,experiment_2_laptop,suspicious_phone_side_2_laptop,347,33.6640,1,-6.7895,11.8024,5.3748,-0.2916,-1.4146,11.5108,-0.0049,-0.0896
2026-08-01T13:17:05.635865+00:00,experiment_2_laptop,suspicious_phone_side_2_laptop,348,33.7571,1,-6.4501,10.9591,4.5681,-1.2008,-1.8820,9.7583,-0.0200,-0.0761
2026-08-01T13:17:05.635865+00:00,experiment_2_laptop,suspicious_phone_side_2_laptop,349,33.8569,1,-6.7265,10.6783,4.9947,-1.3612,-1.7319,9.3171,-0.0227,-0.0832
2026-08-01T13:17:05.635865+00:00,experiment_2_laptop,suspicious_phone_side_2_laptop,350,33.9433,1,-6.7513,10.1921,4.3927,-1.1874,-2.3586,9.0047,-0.0198,-0.0732
2026-08-01T13:17:05.635865+00:00,experiment_2_laptop,suspicious_phone_side_2_laptop,351,34.0369,1,-6.3714,9.4895,4.3781,-0.9982,-1.9933,8.4913,-0.0166,-0.0730
2026-08-01T13:17:05.635865+00:00,experiment_2_laptop,suspicious_phone_side_2_laptop,352,34.1301,1,-6.4121,9.1040,4.6044,-0.9921,-1.8077,8.1119,-0.0165,-0.0767
2026-08-01T13:17:05.635865+00:00,experiment_2_laptop,suspicious_phone_side_2_laptop,353,34.2228,1,-6.0307,9.6256,4.0635,-0.4355,-1.9672,9.1901,-0.0073,-0.0677
2026-08-01T13:17:05.635865+00:00,experiment_2_laptop,suspicious_phone_side_2_laptop,354,34.3181,1,-6.0878,8.9353,3.8429,-1.1527,-2.2449,7.7827,-0.0192,-0.0640
2026-08-01T13:17:05.635865+00:00,experiment_2_laptop,suspicious_phone_side_2_laptop,355,34.4084,1,-6.6203,8.6774,4.4920,-1.2726,-2.1284,7.4048,-0.0212,-0.0749
2026-08-01T13:17:05.635865+00:00,experiment_2_laptop,suspicious_phone_side_2_laptop,356,34.5049,1,-6.5092,8.6016,4.0579,-0.9336,-2.4513,7.6681,-0.0156,-0.0676
2026-08-01T13:17:05.635865+00:00,experiment_2_laptop,suspicious_phone_side_2_laptop,357,34.5935,1,-6.4867,8.1989,3.2476,-0.5812,-3.2391,7.6177,-0.0097,-0.0541
2026-08-01T13:17:05.635865+00:00,experiment_2_laptop,suspicious_phone_side_2_laptop,358,34.6871,1,-6.7721,8.2643,3.7117,-0.4331,-3.0604,7.8311,-0.0072,-0.0619
2026-08-01T13:17:05.635865+00:00,experiment_2_laptop,suspicious_phone_side_2_laptop,359,34.7803,1,-6.6928,8.5585,4.7279,-0.6546,-1.9649,7.9039,-0.0109,-0.0788
2026-08-01T13:17:05.635865+00:00,experiment_2_laptop,suspicious_phone_side_2_laptop,360,34.8716,1,-6.2403,7.6843,3.5756,-0.3099,-2.6646,7.3744,-0.0052,-0.0596
2026-08-01T13:17:05.635865+00:00,experiment_2_laptop,suspicious_phone_side_2_laptop,361,34.9723,1,-6.3271,7.9308,3.8606,-0.4460,-2.4665,7.4848,-0.0074,-0.0643
2026-08-01T13:17:05.635865+00:00,experiment_2_laptop,suspicious_phone_side_2_laptop,362,35.0584,1,-6.1697,8.4165,3.6246,-0.8269,-2.5451,7.5897,-0.0138,-0.0604
2026-08-01T13:17:05.635865+00:00,experiment_2_laptop,suspicious_phone_side_2_laptop,363,35.1546,1,-6.8899,8.6504,3.8402,-0.3961,-3.0497,8.2543,-0.0066,-0.0640
2026-08-01T13:17:05.635865+00:00,experiment_2_laptop,suspicious_phone_side_2_laptop,364,35.2449,1,-6.9214,8.4567,3.1356,-0.5714,-3.7858,7.8853,-0.0095,-0.0523
2026-08-01T13:17:05.635865+00:00,experiment_2_laptop,suspicious_phone_side_2_laptop,365,35.3397,1,-6.4486,8.6553,2.9298,-0.0280,-3.5188,8.6273,-0.0005,-0.0488
2026-08-01T13:17:05.635865+00:00,experiment_2_laptop,suspicious_phone_side_2_laptop,366,35.4382,1,-6.8035,9.0045,3.2138,-0.7653,-3.5897,8.2392,-0.0128,-0.0536
2026-08-01T13:17:05.635865+00:00,experiment_2_laptop,suspicious_phone_side_2_laptop,367,35.5254,1,-6.5346,9.0295,2.6396,-0.4878,-3.8950,8.5416,-0.0081,-0.0440
2026-08-01T13:17:05.635865+00:00,experiment_2_laptop,suspicious_phone_side_2_laptop,368,35.6192,1,-7.1001,9.3532,3.6859,-0.3503,-3.4142,9.0029,-0.0058,-0.0614
2026-08-01T13:17:05.635865+00:00,experiment_2_laptop,suspicious_phone_side_2_laptop,369,35.7100,1,-6.9253,9.2008,3.1472,0.2369,-3.7781,9.4377,0.0039,-0.0525
2026-08-01T13:17:05.635865+00:00,experiment_2_laptop,suspicious_phone_side_2_laptop,370,35.8056,1,-7.0050,9.3703,2.4412,-0.4483,-4.5638,8.9220,-0.0075,-0.0407
2026-08-01T13:17:05.635865+00:00,experiment_2_laptop,suspicious_phone_side_2_laptop,371,35.8958,1,-7.0004,9.4893,2.1178,-0.4151,-4.8826,9.0742,-0.0069,-0.0353
2026-08-01T13:17:05.635865+00:00,experiment_2_laptop,suspicious_phone_side_2_laptop,372,35.9883,1,-7.0706,8.9796,0.7274,-0.1922,-6.3432,8.7874,-0.0032,-0.0121
2026-08-01T13:17:05.635865+00:00,experiment_2_laptop,suspicious_phone_side_2_laptop,373,36.0859,1,-6.5497,8.7817,-0.9319,-0.1512,-7.4816,8.6306,-0.0025,0.0155
2026-08-01T13:17:05.635865+00:00,experiment_2_laptop,suspicious_phone_side_2_laptop,374,36.1742,1,-6.4288,8.6714,-0.9135,-0.4081,-7.3423,8.2633,-0.0068,0.0152
2026-08-01T13:17:05.635865+00:00,experiment_2_laptop,suspicious_phone_side_2_laptop,375,36.2689,1,-6.9398,8.5098,-0.8752,-0.1508,-7.8150,8.3590,-0.0025,0.0146
2026-08-01T13:17:05.635865+00:00,experiment_2_laptop,suspicious_phone_side_2_laptop,376,36.3614,1,-6.4370,8.6900,-1.0362,-0.4362,-7.4731,8.2538,-0.0073,0.0173
2026-08-01T13:17:05.635865+00:00,experiment_2_laptop,suspicious_phone_side_2_laptop,377,36.4549,1,-6.2529,8.3082,-1.4972,-0.7120,-7.7500,7.5961,-0.0119,0.0250
2026-08-01T13:17:05.635865+00:00,experiment_2_laptop,suspicious_phone_side_2_laptop,378,36.5479,1,-6.3412,8.9213,-0.7522,0.5248,-7.0934,9.4461,0.0087,0.0125
2026-08-01T13:17:05.635865+00:00,experiment_2_laptop,suspicious_phone_side_2_laptop,379,36.6433,1,-7.0953,9.1428,-0.7352,0.0757,-7.8304,9.2186,0.0013,0.0123
2026-08-01T13:17:05.635865+00:00,experiment_2_laptop,suspicious_phone_side_2_laptop,380,36.7372,1,-7.8670,9.2852,0.7220,2.1102,-7.1450,11.3954,0.0352,-0.0120
2026-08-01T13:17:05.635865+00:00,experiment_2_laptop,suspicious_phone_side_2_laptop,381,36.8277,1,-7.5468,8.8865,0.4684,2.0997,-7.0784,10.9862,0.0350,-0.0078
2026-08-01T13:17:05.635865+00:00,experiment_2_laptop,suspicious_phone_side_2_laptop,382,36.9217,1,-7.6348,8.9652,1.4558,2.3874,-6.1790,11.3526,0.0398,-0.0243
2026-08-01T13:17:05.635865+00:00,experiment_2_laptop,suspicious_phone_side_2_laptop,383,37.0119,1,-7.7525,9.3165,1.2209,2.6651,-6.5316,11.9817,0.0444,-0.0203
2026-08-01T13:17:05.635865+00:00,experiment_2_laptop,suspicious_phone_side_2_laptop,384,37.1066,1,-6.9129,9.2023,-0.7040,0.3476,-7.6169,9.5498,0.0058,0.0117
2026-08-01T13:17:05.635865+00:00,experiment_2_laptop,suspicious_phone_side_2_laptop,385,37.1984,1,-6.7410,8.9062,-0.6264,0.1096,-7.3674,9.0158,0.0018,0.0104
2026-08-01T13:17:05.635865+00:00,experiment_2_laptop,suspicious_phone_side_2_laptop,386,37.2934,1,-7.1110,9.2902,-1.0601,0.2774,-8.1711,9.5676,0.0046,0.0177
2026-08-01T13:17:05.635865+00:00,experiment_2_laptop,suspicious_phone_side_2_laptop,387,37.3880,1,-6.5388,8.7292,-0.4350,-0.5991,-6.9738,8.1302,-0.0100,0.0073
2026-08-01T13:17:05.635865+00:00,experiment_2_laptop,suspicious_phone_side_2_laptop,388,37.4777,1,-6.6428,8.2554,-0.3190,-0.4130,-6.9618,7.8424,-0.0069,0.0053
2026-08-01T13:17:05.635865+00:00,experiment_2_laptop,suspicious_phone_side_2_laptop,389,37.5729,1,-7.0968,8.7487,-0.3992,-0.6767,-7.4961,8.0721,-0.0113,0.0067
2026-08-01T13:17:05.635865+00:00,experiment_2_laptop,suspicious_phone_side_2_laptop,390,37.6664,1,-6.5959,8.2319,-0.6854,-0.0860,-7.2813,8.1459,-0.0014,0.0114
2026-08-01T13:17:05.635865+00:00,experiment_2_laptop,suspicious_phone_side_2_laptop,391,37.7589,1,-6.7781,8.6206,-0.2197,-0.9132,-6.9978,7.7074,-0.0152,0.0037
2026-08-01T13:17:05.635865+00:00,experiment_2_laptop,suspicious_phone_side_2_laptop,392,37.8507,1,-6.4702,8.6137,0.6140,-2.8308,-5.8562,5.7829,-0.0472,-0.0102
2026-08-01T13:17:05.635865+00:00,experiment_2_laptop,suspicious_phone_side_2_laptop,393,37.9431,1,-6.9611,8.2809,0.2147,-3.9444,-6.7464,4.3365,-0.0657,-0.0036
2026-08-01T13:17:05.635865+00:00,experiment_2_laptop,suspicious_phone_side_2_laptop,394,38.0435,1,-6.2117,8.1422,1.1496,-3.6845,-5.0621,4.4577,-0.0614,-0.0192
2026-08-01T13:17:05.635865+00:00,experiment_2_laptop,suspicious_phone_side_2_laptop,395,38.1290,1,-6.2668,8.1975,0.8901,-2.3577,-5.3767,5.8398,-0.0393,-0.0148
2026-08-01T13:17:05.635865+00:00,experiment_2_laptop,suspicious_phone_side_2_laptop,396,38.2234,1,-7.5794,8.5314,3.3907,-0.2827,-4.1887,8.2487,-0.0047,-0.0565
2026-08-01T13:17:05.635865+00:00,experiment_2_laptop,suspicious_phone_side_2_laptop,397,38.3163,1,-6.3696,8.4088,1.5827,0.0064,-4.7869,8.4152,0.0001,-0.0264
2026-08-01T13:17:05.635865+00:00,experiment_2_laptop,suspicious_phone_side_2_laptop,398,38.4092,1,-6.8275,8.6201,1.2384,-0.1817,-5.5891,8.4384,-0.0030,-0.0206
2026-08-01T13:17:05.635865+00:00,experiment_2_laptop,suspicious_phone_side_2_laptop,399,38.5020,1,-7.0432,9.0827,1.0310,-0.1980,-6.0122,8.8847,-0.0033,-0.0172
2026-08-01T13:17:05.635865+00:00,experiment_2_laptop,suspicious_phone_side_2_laptop,400,38.5943,1,-7.2132,9.1023,1.1383,-0.4526,-6.0750,8.6497,-0.0075,-0.0190
2026-08-01T13:17:05.635865+00:00,experiment_2_laptop,suspicious_phone_side_2_laptop,401,38.6901,1,-6.9575,9.3383,1.3609,-0.4604,-5.5965,8.8779,-0.0077,-0.0227
2026-08-01T13:17:05.635865+00:00,experiment_2_laptop,suspicious_phone_side_2_laptop,402,38.7830,1,-7.3789,8.9374,1.5055,-0.1600,-5.8734,8.7774,-0.0027,-0.0251
2026-08-01T13:17:05.635865+00:00,experiment_2_laptop,suspicious_phone_side_2_laptop,403,38.8761,1,-6.7659,8.7472,1.1332,0.0114,-5.6327,8.7586,0.0002,-0.0189
2026-08-01T13:17:05.635865+00:00,experiment_2_laptop,suspicious_phone_side_2_laptop,404,38.9667,1,-7.7829,9.1046,1.4711,-0.3075,-6.3118,8.7971,-0.0051,-0.0245
2026-08-01T13:17:05.635865+00:00,experiment_2_laptop,suspicious_phone_side_2_laptop,405,39.0593,1,-6.8448,8.7911,1.4310,0.0685,-5.4138,8.8596,0.0011,-0.0239
2026-08-01T13:17:05.635865+00:00,experiment_2_laptop,suspicious_phone_side_2_laptop,406,39.1542,1,-7.3780,8.5694,1.7183,0.1264,-5.6597,8.6958,0.0021,-0.0286
2026-08-01T13:17:05.635865+00:00,experiment_2_laptop,suspicious_phone_side_2_laptop,407,39.2466,1,-7.6512,9.1289,1.7439,-0.4864,-5.9073,8.6425,-0.0081,-0.0291
2026-08-01T13:17:05.635865+00:00,experiment_2_laptop,suspicious_phone_side_2_laptop,408,39.3409,1,-7.2863,8.9201,1.9099,-0.1356,-5.3764,8.7845,-0.0023,-0.0318
2026-08-01T13:17:05.635865+00:00,experiment_2_laptop,suspicious_phone_side_2_laptop,409,39.4318,1,-6.8144,9.2630,5.8941,0.3770,-0.9203,9.6400,0.0063,-0.0982
2026-08-01T13:17:05.635865+00:00,experiment_2_laptop,suspicious_phone_side_2_laptop,410,39.5262,1,-7.0560,8.8911,4.9333,0.0757,-2.1228,8.9668,0.0013,-0.0822
2026-08-01T13:17:05.635865+00:00,experiment_2_laptop,suspicious_phone_side_2_laptop,411,39.6185,1,-7.2118,9.4956,4.2476,0.3313,-2.9641,9.8269,0.0055,-0.0708
2026-08-01T13:17:05.635865+00:00,experiment_2_laptop,suspicious_phone_side_2_laptop,412,39.7135,1,-7.3717,9.7399,2.9016,0.5159,-4.4701,10.2558,0.0086,-0.0484
2026-08-01T13:17:05.635865+00:00,experiment_2_laptop,suspicious_phone_side_2_laptop,413,39.8098,1,-7.2275,9.2390,4.3182,0.1499,-2.9094,9.3889,0.0025,-0.0720
2026-08-01T13:17:05.635865+00:00,experiment_2_laptop,suspicious_phone_side_2_laptop,414,39.8952,1,-7.1927,9.3215,4.3985,0.2216,-2.7941,9.5431,0.0037,-0.0733
2026-08-01T13:17:05.635865+00:00,experiment_2_laptop,suspicious_phone_side_2_laptop,415,39.9960,1,-6.8119,9.3216,4.5252,0.4918,-2.2868,9.8134,0.0082,-0.0754
2026-08-01T13:17:05.635865+00:00,experiment_2_laptop,suspicious_phone_side_2_laptop,416,40.0849,1,-7.9111,9.2083,5.2717,0.4147,-2.6393,9.6231,0.0069,-0.0879
2026-08-01T13:17:05.635865+00:00,experiment_2_laptop,suspicious_phone_side_2_laptop,417,40.1770,1,-7.1248,9.3555,3.9127,0.3546,-3.2121,9.7101,0.0059,-0.0652
2026-08-01T13:17:05.635865+00:00,experiment_2_laptop,suspicious_phone_side_2_laptop,418,40.2763,1,-7.7046,9.3403,4.0982,0.2604,-3.6064,9.6007,0.0043,-0.0683
2026-08-01T13:17:05.635865+00:00,experiment_2_laptop,suspicious_phone_side_2_laptop,419,40.3622,1,-7.5324,9.3929,2.7882,-0.4083,-4.7442,8.9846,-0.0068,-0.0465
2026-08-01T13:17:05.635865+00:00,experiment_2_laptop,suspicious_phone_side_2_laptop,420,40.4561,1,-7.4078,9.5674,3.0997,-0.2368,-4.3081,9.3306,-0.0039,-0.0517
2026-08-01T13:17:05.635865+00:00,experiment_2_laptop,suspicious_phone_side_2_laptop,421,40.5497,1,-8.1599,9.5867,2.5600,-0.2969,-5.5999,9.2899,-0.0049,-0.0427
2026-08-01T13:17:05.635865+00:00,experiment_2_laptop,suspicious_phone_side_2_laptop,422,40.6426,1,-7.1021,9.5660,3.2181,-0.0397,-3.8840,9.5263,-0.0007,-0.0536
2026-08-01T13:17:05.635865+00:00,experiment_2_laptop,suspicious_phone_side_2_laptop,423,40.7339,1,-7.1655,9.2540,3.0000,-0.0402,-4.1655,9.2137,-0.0007,-0.0500
2026-08-01T13:17:05.635865+00:00,experiment_2_laptop,suspicious_phone_side_2_laptop,424,40.8266,1,-7.2361,9.6637,3.8357,-0.6364,-3.4004,9.0273,-0.0106,-0.0639
2026-08-01T13:17:05.635865+00:00,experiment_2_laptop,suspicious_phone_side_2_laptop,425,40.9257,1,-7.3013,9.5806,3.2608,-0.0174,-4.0406,9.5633,-0.0003,-0.0543
2026-08-01T13:17:05.635865+00:00,experiment_2_laptop,suspicious_phone_side_2_laptop,426,41.0131,1,-7.7467,9.3357,3.4780,0.5581,-4.2687,9.8938,0.0093,-0.0580
2026-08-01T13:17:05.635865+00:00,experiment_2_laptop,suspicious_phone_side_2_laptop,427,41.1100,1,-6.9365,9.3340,3.5893,1.1779,-3.3472,10.5120,0.0196,-0.0598
2026-08-01T13:17:05.635865+00:00,experiment_2_laptop,suspicious_phone_side_2_laptop,428,41.1999,1,-7.2700,9.6098,2.3998,0.8421,-4.8702,10.4519,0.0140,-0.0400
2026-08-01T13:17:05.635865+00:00,experiment_2_laptop,suspicious_phone_side_2_laptop,429,41.2946,1,-7.6202,9.3843,3.2888,0.6359,-4.3314,10.0202,0.0106,-0.0548
2026-08-01T13:17:05.635865+00:00,experiment_2_laptop,suspicious_phone_side_2_laptop,430,41.3883,1,-7.8302,8.9101,3.5553,1.2698,-4.2749,10.1799,0.0212,-0.0593
2026-08-01T13:17:05.635865+00:00,experiment_2_laptop,suspicious_phone_side_2_laptop,431,41.4804,1,-8.0024,8.9087,4.3616,1.0048,-3.6408,9.9135,0.0167,-0.0727
2026-08-01T13:17:05.635865+00:00,experiment_2_laptop,suspicious_phone_side_2_laptop,432,41.5728,1,-7.6235,9.1960,2.5162,0.6393,-5.1072,9.8353,0.0107,-0.0419
2026-08-01T13:17:05.635865+00:00,experiment_2_laptop,suspicious_phone_side_2_laptop,433,41.6661,1,-7.3004,9.2231,3.9103,0.5949,-3.3901,9.8180,0.0099,-0.0652
2026-08-01T13:17:05.635865+00:00,experiment_2_laptop,suspicious_phone_side_2_laptop,434,41.7594,1,-7.0526,9.1372,3.7941,0.1890,-3.2585,9.3262,0.0032,-0.0632
2026-08-01T13:17:05.635865+00:00,experiment_2_laptop,suspicious_phone_side_2_laptop,435,41.8525,1,-7.5648,9.5454,2.9697,0.8118,-4.5951,10.3572,0.0135,-0.0495
2026-08-01T13:17:05.635865+00:00,experiment_2_laptop,suspicious_phone_side_2_laptop,436,41.9437,1,-7.5597,9.2196,3.0204,0.3983,-4.5393,9.6178,0.0066,-0.0503
2026-08-01T13:17:05.635865+00:00,experiment_2_laptop,suspicious_phone_side_2_laptop,437,42.0390,1,-7.8892,9.3916,3.9875,0.3405,-3.9018,9.7321,0.0057,-0.0665
2026-08-01T13:17:05.635865+00:00,experiment_2_laptop,suspicious_phone_side_2_laptop,438,42.1301,1,-7.9348,9.5063,3.6729,0.4811,-4.2619,9.9874,0.0080,-0.0612
2026-08-01T13:17:05.635865+00:00,experiment_2_laptop,suspicious_phone_side_2_laptop,439,42.2245,1,-7.5124,9.0744,3.4262,0.4640,-4.0862,9.5384,0.0077,-0.0571
2026-08-01T13:17:05.635865+00:00,experiment_2_laptop,suspicious_phone_side_2_laptop,440,42.3164,1,-7.4755,9.4269,5.9715,-0.9572,-1.5040,8.4698,-0.0160,-0.0995
2026-08-01T13:17:05.635865+00:00,experiment_2_laptop,suspicious_phone_side_2_laptop,441,42.4117,1,-7.5728,9.0920,3.7260,-1.3913,-3.8469,7.7007,-0.0232,-0.0621
2026-08-01T13:17:05.635865+00:00,experiment_2_laptop,suspicious_phone_side_2_laptop,442,42.5036,1,-7.4452,9.1513,4.1394,-1.6719,-3.3057,7.4794,-0.0279,-0.0690
2026-08-01T13:17:05.635865+00:00,experiment_2_laptop,suspicious_phone_side_2_laptop,443,42.5971,1,-7.8897,9.2522,4.0213,-0.9698,-3.8684,8.2824,-0.0162,-0.0670
2026-08-01T13:17:05.635865+00:00,experiment_2_laptop,suspicious_phone_side_2_laptop,444,42.6968,1,-7.2120,8.6948,3.1442,-1.6002,-4.0678,7.0945,-0.0267,-0.0524
2026-08-01T13:17:05.635865+00:00,experiment_2_laptop,suspicious_phone_side_2_laptop,445,42.7815,1,-7.4105,8.3137,4.0712,-1.4939,-3.3393,6.8199,-0.0249,-0.0679
2026-08-01T13:17:05.635865+00:00,experiment_2_laptop,suspicious_phone_side_2_laptop,446,42.8774,1,-6.8886,8.3328,4.1934,-1.4510,-2.6952,6.8818,-0.0242,-0.0699
2026-08-01T13:17:05.635865+00:00,experiment_2_laptop,suspicious_phone_side_2_laptop,447,42.9691,1,-6.7574,8.0327,3.2977,-1.6164,-3.4597,6.4163,-0.0269,-0.0550
2026-08-01T13:17:05.635865+00:00,experiment_2_laptop,suspicious_phone_side_2_laptop,448,43.0621,1,-6.7661,7.5583,4.3069,-1.3753,-2.4592,6.1830,-0.0229,-0.0718
2026-08-01T13:17:05.635865+00:00,experiment_2_laptop,suspicious_phone_side_2_laptop,449,43.1549,1,-6.3095,6.8829,4.4718,-4.2798,-1.8377,2.6031,-0.0713,-0.0745
2026-08-01T13:17:05.635865+00:00,experiment_2_laptop,suspicious_phone_side_2_laptop,450,43.2464,1,-6.0203,7.0623,3.5285,-3.8371,-2.4918,3.2252,-0.0640,-0.0588
2026-08-01T13:17:05.635865+00:00,experiment_2_laptop,suspicious_phone_side_2_laptop,451,43.3458,1,-6.4215,6.8163,4.3855,-3.0547,-2.0360,3.7616,-0.0509,-0.0731
2026-08-01T13:17:05.635865+00:00,experiment_2_laptop,suspicious_phone_side_2_laptop,452,43.4311,1,-6.4386,7.1782,3.1019,-3.5205,-3.3367,3.6578,-0.0587,-0.0517
2026-08-01T13:17:05.635865+00:00,experiment_2_laptop,suspicious_phone_side_2_laptop,453,43.5300,1,-6.3711,7.2129,4.3831,-0.8088,-1.9880,6.4041,-0.0135,-0.0731
2026-08-01T13:17:05.635865+00:00,experiment_2_laptop,suspicious_phone_side_2_laptop,454,43.6205,1,-7.0719,7.5291,5.4962,-1.1924,-1.5757,6.3367,-0.0199,-0.0916
2026-08-01T13:17:05.635865+00:00,experiment_2_laptop,suspicious_phone_side_2_laptop,455,43.7131,1,-6.5684,7.6680,4.0362,-1.2002,-2.5322,6.4678,-0.0200,-0.0673
2026-08-01T13:17:05.635865+00:00,experiment_2_laptop,suspicious_phone_side_2_laptop,456,43.8067,1,-6.3642,7.6354,4.4113,-1.0082,-1.9529,6.6272,-0.0168,-0.0735
2026-08-01T13:17:05.635865+00:00,experiment_2_laptop,suspicious_phone_side_2_laptop,457,43.9001,1,-6.7088,7.7172,4.7404,-0.5319,-1.9684,7.1854,-0.0089,-0.0790
2026-08-01T13:17:05.635865+00:00,experiment_2_laptop,suspicious_phone_side_2_laptop,458,43.9958,1,-7.1552,7.7033,3.7595,-0.8494,-3.3957,6.8540,-0.0142,-0.0627
2026-08-01T13:17:05.635865+00:00,experiment_2_laptop,suspicious_phone_side_2_laptop,459,44.0845,1,-6.5840,8.0136,3.3627,-1.2469,-3.2213,6.7667,-0.0208,-0.0560
2026-08-01T13:17:05.635865+00:00,experiment_2_laptop,suspicious_phone_side_2_laptop,460,44.1787,1,-6.1630,7.9700,3.4226,-1.6293,-2.7404,6.3407,-0.0272,-0.0570
2026-08-01T13:17:05.635865+00:00,experiment_2_laptop,suspicious_phone_side_2_laptop,461,44.2724,1,-6.7940,7.7554,3.0851,-1.4724,-3.7089,6.2830,-0.0245,-0.0514
2026-08-01T13:17:05.635865+00:00,experiment_2_laptop,suspicious_phone_side_2_laptop,462,44.3650,1,-6.4070,7.5336,4.3863,-1.4794,-2.0207,6.0542,-0.0247,-0.0731
2026-08-01T13:17:05.635865+00:00,experiment_2_laptop,suspicious_phone_side_2_laptop,463,44.4628,1,-6.4556,7.8267,4.0451,-1.1795,-2.4105,6.6473,-0.0197,-0.0674
2026-08-01T13:17:05.635865+00:00,experiment_2_laptop,suspicious_phone_side_2_laptop,464,44.5500,1,-7.1857,7.4497,3.8313,-1.5342,-3.3545,5.9156,-0.0256,-0.0639
2026-08-01T13:17:05.635865+00:00,experiment_2_laptop,suspicious_phone_side_2_laptop,465,44.6456,1,-6.9986,7.7880,2.9389,-1.8597,-4.0597,5.9283,-0.0310,-0.0490
2026-08-01T13:17:05.635865+00:00,experiment_2_laptop,suspicious_phone_side_2_laptop,466,44.7376,1,-6.9058,7.9637,3.8721,-1.3528,-3.0337,6.6110,-0.0225,-0.0645
2026-08-01T13:17:05.635865+00:00,experiment_2_laptop,suspicious_phone_side_2_laptop,467,44.8322,1,-7.3087,8.0494,3.0459,-0.6390,-4.2628,7.4104,-0.0107,-0.0508
2026-08-01T13:17:05.635865+00:00,experiment_2_laptop,suspicious_phone_side_2_laptop,468,44.9216,1,-7.1358,8.0557,3.6394,-0.2890,-3.4964,7.7667,-0.0048,-0.0607
2026-08-01T13:17:05.635865+00:00,experiment_2_laptop,suspicious_phone_side_2_laptop,469,45.0147,1,-7.1777,8.4044,3.0862,-0.0183,-4.0915,8.3860,-0.0003,-0.0514
2026-08-01T13:18:56.265600+00:00,experiment_2_laptop,suspicious_other_screen_2_laptop,1,0.0841,1,-5.0289,14.0778,3.8858,0.5047,-1.1431,14.5825,0.0084,-0.0648
2026-08-01T13:18:56.265600+00:00,experiment_2_laptop,suspicious_other_screen_2_laptop,2,0.1774,1,-4.4855,13.6093,4.3507,0.2906,-0.1348,13.8999,0.0048,-0.0725
2026-08-01T13:18:56.265600+00:00,experiment_2_laptop,suspicious_other_screen_2_laptop,3,0.2692,1,-4.4359,13.3409,3.6870,-0.0545,-0.7489,13.2864,-0.0009,-0.0614
2026-08-01T13:18:56.265600+00:00,experiment_2_laptop,suspicious_other_screen_2_laptop,4,0.3623,1,-4.1596,13.1167,4.0139,0.0889,-0.1457,13.2056,0.0015,-0.0669
2026-08-01T13:18:56.265600+00:00,experiment_2_laptop,suspicious_other_screen_2_laptop,5,0.4566,1,-4.4504,12.8929,3.8392,0.2601,-0.6113,13.1531,0.0043,-0.0640
2026-08-01T13:18:56.265600+00:00,experiment_2_laptop,suspicious_other_screen_2_laptop,6,0.5523,1,-4.1303,13.3225,3.6716,0.1676,-0.4586,13.4901,0.0028,-0.0612
2026-08-01T13:18:56.265600+00:00,experiment_2_laptop,suspicious_other_screen_2_laptop,7,0.6452,1,-3.0728,12.1310,3.8133,0.3693,0.7404,12.5003,0.0062,-0.0636
2026-08-01T13:18:56.265600+00:00,experiment_2_laptop,suspicious_other_screen_2_laptop,8,0.7360,1,-2.8392,11.8980,2.9357,-0.5179,0.0965,11.3801,-0.0086,-0.0489
2026-08-01T13:18:56.265600+00:00,experiment_2_laptop,suspicious_other_screen_2_laptop,9,0.8294,1,-2.1081,11.9942,3.7080,0.2714,1.5998,12.2656,0.0045,-0.0618
2026-08-01T13:18:56.265600+00:00,experiment_2_laptop,suspicious_other_screen_2_laptop,10,0.9220,1,-2.5610,12.2824,3.1735,0.2115,0.6125,12.4939,0.0035,-0.0529
2026-08-01T13:18:56.265600+00:00,experiment_2_laptop,suspicious_other_screen_2_laptop,11,1.0161,1,-2.5551,11.7187,4.4406,0.0751,1.8856,11.7938,0.0013,-0.0740
2026-08-01T13:18:56.265600+00:00,experiment_2_laptop,suspicious_other_screen_2_laptop,12,1.1117,1,-4.1368,12.8617,5.7643,0.0717,1.6275,12.9333,0.0012,-0.0961
2026-08-01T13:18:56.265600+00:00,experiment_2_laptop,suspicious_other_screen_2_laptop,13,1.2008,1,-4.1747,12.9751,4.4632,0.7132,0.2885,13.6883,0.0119,-0.0744
2026-08-01T13:18:56.265600+00:00,experiment_2_laptop,suspicious_other_screen_2_laptop,14,1.2928,1,-4.8186,13.8909,4.2489,-0.3134,-0.5698,13.5776,-0.0052,-0.0708
2026-08-01T13:18:56.265600+00:00,experiment_2_laptop,suspicious_other_screen_2_laptop,15,1.3862,1,-5.1271,14.2709,5.2514,-0.7674,0.1243,13.5035,-0.0128,-0.0875
2026-08-01T13:18:56.265600+00:00,experiment_2_laptop,suspicious_other_screen_2_laptop,16,1.4790,1,-5.9912,13.5745,5.4269,-0.1191,-0.5643,13.4554,-0.0020,-0.0904
2026-08-01T13:18:56.265600+00:00,experiment_2_laptop,suspicious_other_screen_2_laptop,17,1.5748,1,-6.0652,13.9820,4.7691,0.3569,-1.2961,14.3388,0.0059,-0.0795
2026-08-01T13:18:56.265600+00:00,experiment_2_laptop,suspicious_other_screen_2_laptop,18,1.6668,1,-6.5050,14.0683,4.2574,0.0859,-2.2475,14.1542,0.0014,-0.0710
2026-08-01T13:18:56.265600+00:00,experiment_2_laptop,suspicious_other_screen_2_laptop,19,1.7584,1,-6.1438,14.4146,4.3132,0.4014,-1.8306,14.8160,0.0067,-0.0719
2026-08-01T13:18:56.265600+00:00,experiment_2_laptop,suspicious_other_screen_2_laptop,20,1.8519,1,-6.4924,14.0859,5.1192,0.1321,-1.3733,14.2180,0.0022,-0.0853
2026-08-01T13:18:56.265600+00:00,experiment_2_laptop,suspicious_other_screen_2_laptop,21,1.9425,1,-5.6111,13.4210,4.8959,0.1263,-0.7152,13.5473,0.0021,-0.0816
2026-08-01T13:18:56.265600+00:00,experiment_2_laptop,suspicious_other_screen_2_laptop,22,2.0377,1,-2.2997,11.1015,5.7001,-3.9152,3.4004,7.1863,-0.0653,-0.0950
2026-08-01T13:18:56.265600+00:00,experiment_2_laptop,suspicious_other_screen_2_laptop,23,2.1302,1,-2.8804,9.4675,5.1339,-2.5787,2.2535,6.8888,-0.0430,-0.0856
2026-08-01T13:18:56.265600+00:00,experiment_2_laptop,suspicious_other_screen_2_laptop,24,2.2265,1,-2.2095,10.2366,5.8045,-2.8191,3.5950,7.4175,-0.0470,-0.0967
2026-08-01T13:18:56.265600+00:00,experiment_2_laptop,suspicious_other_screen_2_laptop,25,2.3164,1,-1.7712,9.3939,4.2337,-1.6835,2.4625,7.7104,-0.0281,-0.0706
2026-08-01T13:18:56.265600+00:00,experiment_2_laptop,suspicious_other_screen_2_laptop,26,2.4073,1,-2.5030,8.7405,6.2606,-2.5810,3.7576,6.1594,-0.0430,-0.1043
2026-08-01T13:18:56.265600+00:00,experiment_2_laptop,suspicious_other_screen_2_laptop,27,2.5030,1,-1.7662,6.6991,5.4562,-5.3549,3.6899,1.3442,-0.0892,-0.0909
2026-08-01T13:18:56.265600+00:00,experiment_2_laptop,suspicious_other_screen_2_laptop,28,2.5949,1,2.0666,0.9805,3.5479,-6.4837,5.6146,-5.5032,-0.1081,-0.0591
2026-08-01T13:18:56.265600+00:00,experiment_2_laptop,suspicious_other_screen_2_laptop,29,2.6883,1,3.5891,-0.3652,2.3999,-5.7302,5.9891,-6.0954,-0.0955,-0.0400
2026-08-01T13:18:56.265600+00:00,experiment_2_laptop,suspicious_other_screen_2_laptop,30,2.7815,1,4.4268,-2.1878,1.6111,-5.9213,6.0379,-8.1092,-0.0987,-0.0269
2026-08-01T13:18:56.265600+00:00,experiment_2_laptop,suspicious_other_screen_2_laptop,31,2.8749,1,8.0582,-5.7943,1.0251,-6.4024,9.0833,-12.1967,-0.1067,-0.0171
2026-08-01T13:18:56.265600+00:00,experiment_2_laptop,suspicious_other_screen_2_laptop,32,2.9702,1,11.3137,-9.1455,-1.4812,-6.1152,9.8325,-15.2606,-0.1019,0.0247
2026-08-01T13:18:56.265600+00:00,experiment_2_laptop,suspicious_other_screen_2_laptop,33,3.0623,1,12.9469,-12.1412,-1.0565,-5.9371,11.8904,-18.0783,-0.0990,0.0176
2026-08-01T13:18:56.265600+00:00,experiment_2_laptop,suspicious_other_screen_2_laptop,34,3.1544,1,14.7152,-13.0866,-0.4235,-6.2357,14.2917,-19.3224,-0.1039,0.0071
2026-08-01T13:18:56.265600+00:00,experiment_2_laptop,suspicious_other_screen_2_laptop,35,3.2468,1,15.3198,-14.1468,-0.4641,-5.4119,14.8556,-19.5586,-0.0902,0.0077
2026-08-01T13:18:56.265600+00:00,experiment_2_laptop,suspicious_other_screen_2_laptop,36,3.3444,1,16.7766,-14.8023,-1.2006,-4.4486,15.5759,-19.2509,-0.0741,0.0200
2026-08-01T13:18:56.265600+00:00,experiment_2_laptop,suspicious_other_screen_2_laptop,37,3.4330,1,17.4009,-14.7518,0.7943,-4.2340,18.1952,-18.9858,-0.0706,-0.0132
2026-08-01T13:18:56.265600+00:00,experiment_2_laptop,suspicious_other_screen_2_laptop,38,3.5273,1,18.0688,-14.7550,0.7382,-4.2280,18.8070,-18.9830,-0.0705,-0.0123
2026-08-01T13:18:56.265600+00:00,experiment_2_laptop,suspicious_other_screen_2_laptop,39,3.6206,1,19.4269,-14.5172,-1.9530,-4.5245,17.4739,-19.0417,-0.0754,0.0326
2026-08-01T13:18:56.265600+00:00,experiment_2_laptop,suspicious_other_screen_2_laptop,40,3.7134,1,19.1994,-15.1278,-0.1897,-4.8280,19.0097,-19.9557,-0.0805,0.0032
2026-08-01T13:18:56.265600+00:00,experiment_2_laptop,suspicious_other_screen_2_laptop,41,3.8064,1,19.4251,-15.0466,-0.8324,-4.8801,18.5928,-19.9267,-0.0813,0.0139
2026-08-01T13:18:56.265600+00:00,experiment_2_laptop,suspicious_other_screen_2_laptop,42,3.8980,1,18.8321,-14.9321,-0.2514,-5.8428,18.5807,-20.7749,-0.0974,0.0042
2026-08-01T13:18:56.265600+00:00,experiment_2_laptop,suspicious_other_screen_2_laptop,43,3.9959,1,18.6539,-15.2581,-0.4098,-4.9313,18.2441,-20.1894,-0.0822,0.0068
2026-08-01T13:18:56.265600+00:00,experiment_2_laptop,suspicious_other_screen_2_laptop,44,4.0858,1,18.7322,-15.5776,1.2899,-5.2206,20.0221,-20.7982,-0.0870,-0.0215
2026-08-01T13:18:56.265600+00:00,experiment_2_laptop,suspicious_other_screen_2_laptop,45,4.1786,1,19.0437,-16.0532,2.3953,-5.0598,21.4390,-21.1130,-0.0843,-0.0399
2026-08-01T13:18:56.265600+00:00,experiment_2_laptop,suspicious_other_screen_2_laptop,46,4.2705,1,18.7727,-16.3338,-0.4849,-4.3563,18.2878,-20.6901,-0.0726,0.0081
2026-08-01T13:18:56.265600+00:00,experiment_2_laptop,suspicious_other_screen_2_laptop,47,4.3646,1,18.5144,-16.2895,0.2476,-4.5233,18.7620,-20.8128,-0.0754,-0.0041
2026-08-01T13:18:56.265600+00:00,experiment_2_laptop,suspicious_other_screen_2_laptop,48,4.4569,1,17.6216,-16.0560,0.4784,-5.5187,18.1001,-21.5746,-0.0920,-0.0080
2026-08-01T13:18:56.265600+00:00,experiment_2_laptop,suspicious_other_screen_2_laptop,49,4.5494,1,18.5574,-16.7455,0.5168,-6.1984,19.0742,-22.9439,-0.1033,-0.0086
2026-08-01T13:18:56.265600+00:00,experiment_2_laptop,suspicious_other_screen_2_laptop,50,4.6441,1,17.3156,-16.6976,0.6801,-5.7124,17.9957,-22.4100,-0.0952,-0.0113
2026-08-01T13:18:56.265600+00:00,experiment_2_laptop,suspicious_other_screen_2_laptop,51,4.7376,1,17.4907,-16.9370,-0.1775,-5.0362,17.3132,-21.9732,-0.0839,0.0030
2026-08-01T13:18:56.265600+00:00,experiment_2_laptop,suspicious_other_screen_2_laptop,52,4.8300,1,17.7545,-17.7659,2.1515,-4.7578,19.9060,-22.5236,-0.0793,-0.0359
2026-08-01T13:18:56.265600+00:00,experiment_2_laptop,suspicious_other_screen_2_laptop,53,4.9231,1,17.7911,-17.6283,1.9492,-3.1401,19.7403,-20.7683,-0.0523,-0.0325
2026-08-01T13:18:56.265600+00:00,experiment_2_laptop,suspicious_other_screen_2_laptop,54,5.0166,1,17.9784,-17.7153,2.8116,-2.7394,20.7901,-20.4547,-0.0457,-0.0469
2026-08-01T13:18:56.265600+00:00,experiment_2_laptop,suspicious_other_screen_2_laptop,55,5.1078,1,18.1695,-17.4159,3.9211,-2.7409,22.0906,-20.1567,-0.0457,-0.0654
2026-08-01T13:18:56.265600+00:00,experiment_2_laptop,suspicious_other_screen_2_laptop,56,5.2012,1,18.0115,-17.4562,1.7148,-2.4099,19.7262,-19.8661,-0.0402,-0.0286
2026-08-01T13:18:56.265600+00:00,experiment_2_laptop,suspicious_other_screen_2_laptop,57,5.2991,1,18.1985,-18.1350,3.1833,-4.5260,21.3817,-22.6611,-0.0754,-0.0531
2026-08-01T13:18:56.265600+00:00,experiment_2_laptop,suspicious_other_screen_2_laptop,58,5.3871,1,17.3503,-17.6821,1.2744,-3.6710,18.6247,-21.3530,-0.0612,-0.0212
2026-08-01T13:18:56.265600+00:00,experiment_2_laptop,suspicious_other_screen_2_laptop,59,5.4830,1,17.9162,-18.2692,3.6312,-4.1550,21.5474,-22.4242,-0.0692,-0.0605
2026-08-01T13:18:56.265600+00:00,experiment_2_laptop,suspicious_other_screen_2_laptop,60,5.5746,1,17.2472,-17.7725,4.0878,-3.5612,21.3350,-21.3337,-0.0594,-0.0681
2026-08-01T13:18:56.265600+00:00,experiment_2_laptop,suspicious_other_screen_2_laptop,61,5.6660,1,17.2756,-17.7122,3.3778,-4.2723,20.6534,-21.9845,-0.0712,-0.0563
2026-08-01T13:18:56.265600+00:00,experiment_2_laptop,suspicious_other_screen_2_laptop,62,5.7667,1,17.0674,-16.9452,2.2715,-4.4370,19.3389,-21.3823,-0.0740,-0.0379
2026-08-01T13:18:56.265600+00:00,experiment_2_laptop,suspicious_other_screen_2_laptop,63,5.8538,1,16.9282,-16.5426,2.2212,-4.8540,19.1494,-21.3966,-0.0809,-0.0370
2026-08-01T13:18:56.265600+00:00,experiment_2_laptop,suspicious_other_screen_2_laptop,64,5.9435,1,17.0262,-16.8544,1.1669,-5.0206,18.1931,-21.8750,-0.0837,-0.0194
2026-08-01T13:18:56.265600+00:00,experiment_2_laptop,suspicious_other_screen_2_laptop,65,6.0407,1,16.4197,-17.5625,3.8750,-4.5036,20.2947,-22.0662,-0.0751,-0.0646
2026-08-01T13:18:56.265600+00:00,experiment_2_laptop,suspicious_other_screen_2_laptop,66,6.1323,1,15.9181,-17.1429,3.7094,-4.6955,19.6275,-21.8384,-0.0783,-0.0618
2026-08-01T13:18:56.265600+00:00,experiment_2_laptop,suspicious_other_screen_2_laptop,67,6.2255,1,16.2095,-17.8731,1.9242,-4.6418,18.1337,-22.5149,-0.0774,-0.0321
2026-08-01T13:18:56.265600+00:00,experiment_2_laptop,suspicious_other_screen_2_laptop,68,6.3186,1,15.8025,-17.7042,4.0254,-4.8858,19.8279,-22.5899,-0.0814,-0.0671
2026-08-01T13:18:56.265600+00:00,experiment_2_laptop,suspicious_other_screen_2_laptop,69,6.4101,1,16.0553,-18.1864,3.8913,-5.3305,19.9466,-23.5169,-0.0888,-0.0649
2026-08-01T13:18:56.265600+00:00,experiment_2_laptop,suspicious_other_screen_2_laptop,70,6.5048,1,15.5473,-17.6510,2.7290,-4.8118,18.2763,-22.4628,-0.0802,-0.0455
2026-08-01T13:18:56.265600+00:00,experiment_2_laptop,suspicious_other_screen_2_laptop,71,6.5993,1,15.2930,-17.6551,1.7674,-4.5292,17.0604,-22.1843,-0.0755,-0.0295
2026-08-01T13:18:56.265600+00:00,experiment_2_laptop,suspicious_other_screen_2_laptop,72,6.6907,1,15.4998,-18.0584,3.0816,-5.2563,18.5814,-23.3147,-0.0876,-0.0514
2026-08-01T13:18:56.265600+00:00,experiment_2_laptop,suspicious_other_screen_2_laptop,73,6.7840,1,15.2138,-18.1673,2.9103,-5.3846,18.1241,-23.5519,-0.0897,-0.0485
2026-08-01T13:18:56.265600+00:00,experiment_2_laptop,suspicious_other_screen_2_laptop,74,6.8757,1,15.2003,-18.3452,2.4112,-5.1426,17.6114,-23.4878,-0.0857,-0.0402
2026-08-01T13:18:56.265600+00:00,experiment_2_laptop,suspicious_other_screen_2_laptop,75,6.9690,1,15.5606,-18.1846,1.3075,-5.8900,16.8681,-24.0746,-0.0982,-0.0218
2026-08-01T13:18:56.265600+00:00,experiment_2_laptop,suspicious_other_screen_2_laptop,76,7.0649,1,15.2315,-18.3169,2.2029,-5.1376,17.4344,-23.4545,-0.0856,-0.0367
2026-08-01T13:18:56.265600+00:00,experiment_2_laptop,suspicious_other_screen_2_laptop,77,7.1552,1,15.6691,-18.1531,2.6241,-5.2412,18.2932,-23.3943,-0.0874,-0.0437
2026-08-01T13:18:56.265600+00:00,experiment_2_laptop,suspicious_other_screen_2_laptop,78,7.2494,1,15.5326,-18.9520,1.8195,-5.1155,17.3521,-24.0675,-0.0853,-0.0303
2026-08-01T13:18:56.265600+00:00,experiment_2_laptop,suspicious_other_screen_2_laptop,79,7.3428,1,15.6071,-18.3644,2.6830,-4.2764,18.2902,-22.6407,-0.0713,-0.0447
2026-08-01T13:18:56.265600+00:00,experiment_2_laptop,suspicious_other_screen_2_laptop,80,7.4338,1,15.5546,-18.8058,2.6852,-5.1473,18.2398,-23.9532,-0.0858,-0.0448
2026-08-01T13:18:56.265600+00:00,experiment_2_laptop,suspicious_other_screen_2_laptop,81,7.5330,1,15.1890,-18.5953,2.0725,-5.0481,17.2615,-23.6434,-0.0841,-0.0345
2026-08-01T13:18:56.265600+00:00,experiment_2_laptop,suspicious_other_screen_2_laptop,82,7.6199,1,15.5926,-18.4464,3.9913,-1.9095,19.5839,-20.3559,-0.0318,-0.0665
2026-08-01T13:18:56.265600+00:00,experiment_2_laptop,suspicious_other_screen_2_laptop,83,7.7162,1,16.0758,-18.6800,2.8364,-1.7446,18.9122,-20.4247,-0.0291,-0.0473
2026-08-01T13:18:56.265600+00:00,experiment_2_laptop,suspicious_other_screen_2_laptop,84,7.8060,1,15.2207,-18.1100,6.6243,-2.4117,21.8451,-20.5217,-0.0402,-0.1104
2026-08-01T13:18:56.265600+00:00,experiment_2_laptop,suspicious_other_screen_2_laptop,85,7.9005,1,14.2743,-18.3048,9.1989,-4.5577,23.4733,-22.8624,-0.0760,-0.1533
2026-08-01T13:18:56.265600+00:00,experiment_2_laptop,suspicious_other_screen_2_laptop,86,7.9936,1,13.8030,-18.0772,10.8337,-4.4538,24.6367,-22.5310,-0.0742,-0.1806
2026-08-01T13:18:56.265600+00:00,experiment_2_laptop,suspicious_other_screen_2_laptop,87,8.0850,1,13.2204,-18.9870,8.7144,-5.7294,21.9348,-24.7164,-0.0955,-0.1452
2026-08-01T13:18:56.265600+00:00,experiment_2_laptop,suspicious_other_screen_2_laptop,88,8.1839,1,12.8019,-19.7053,10.2807,-4.0677,23.0826,-23.7730,-0.0678,-0.1713
2026-08-01T13:18:56.265600+00:00,experiment_2_laptop,suspicious_other_screen_2_laptop,89,8.2716,1,11.4201,-19.1970,8.5413,-6.1779,19.9614,-25.3749,-0.1030,-0.1424
2026-08-01T13:18:56.265600+00:00,experiment_2_laptop,suspicious_other_screen_2_laptop,90,8.3672,1,10.7892,-18.8734,7.5026,-3.9372,18.2918,-22.8105,-0.0656,-0.1250
2026-08-01T13:18:56.265600+00:00,experiment_2_laptop,suspicious_other_screen_2_laptop,91,8.4589,1,11.2019,-19.6957,9.1126,-4.5880,20.3145,-24.2837,-0.0765,-0.1519
2026-08-01T13:18:56.265600+00:00,experiment_2_laptop,suspicious_other_screen_2_laptop,92,8.5516,1,10.3208,-18.9606,8.0810,-4.8964,18.4017,-23.8569,-0.0816,-0.1347
2026-08-01T13:18:56.265600+00:00,experiment_2_laptop,suspicious_other_screen_2_laptop,93,8.6452,1,11.1564,-19.6863,6.6785,-5.1888,17.8349,-24.8751,-0.0865,-0.1113
2026-08-01T13:18:56.265600+00:00,experiment_2_laptop,suspicious_other_screen_2_laptop,94,8.7364,1,10.2416,-18.9397,7.9543,-5.0557,18.1960,-23.9953,-0.0843,-0.1326
2026-08-01T13:18:56.265600+00:00,experiment_2_laptop,suspicious_other_screen_2_laptop,95,8.8340,1,10.6174,-19.3149,6.5745,-4.5436,17.1919,-23.8585,-0.0757,-0.1096
2026-08-01T13:18:56.265600+00:00,experiment_2_laptop,suspicious_other_screen_2_laptop,96,8.9216,1,11.1639,-19.8342,8.8953,-4.6308,20.0591,-24.4650,-0.0772,-0.1483
2026-08-01T13:18:56.265600+00:00,experiment_2_laptop,suspicious_other_screen_2_laptop,97,9.0156,1,10.5152,-19.6285,7.5204,-5.1672,18.0357,-24.7957,-0.0861,-0.1253
2026-08-01T13:18:56.265600+00:00,experiment_2_laptop,suspicious_other_screen_2_laptop,98,9.1089,1,10.1342,-19.7217,6.0373,-5.0835,16.1714,-24.8052,-0.0847,-0.1006
2026-08-01T13:18:56.265600+00:00,experiment_2_laptop,suspicious_other_screen_2_laptop,99,9.2024,1,9.5623,-19.6219,7.4458,-4.9612,17.0080,-24.5831,-0.0827,-0.1241
2026-08-01T13:18:56.265600+00:00,experiment_2_laptop,suspicious_other_screen_2_laptop,100,9.2947,1,10.2889,-19.4480,5.9702,-4.8032,16.2590,-24.2512,-0.0801,-0.0995
2026-08-01T13:18:56.265600+00:00,experiment_2_laptop,suspicious_other_screen_2_laptop,101,9.3894,1,10.4942,-19.5504,6.5563,-5.0584,17.0505,-24.6088,-0.0843,-0.1093
2026-08-01T13:18:56.265600+00:00,experiment_2_laptop,suspicious_other_screen_2_laptop,102,9.4807,1,10.3805,-19.8347,4.2875,-4.7505,14.6680,-24.5852,-0.0792,-0.0715
2026-08-01T13:18:56.265600+00:00,experiment_2_laptop,suspicious_other_screen_2_laptop,103,9.5757,1,10.2877,-19.7459,6.8496,-5.2306,17.1372,-24.9765,-0.0872,-0.1142
2026-08-01T13:18:56.265600+00:00,experiment_2_laptop,suspicious_other_screen_2_laptop,104,9.6686,1,10.3129,-19.2137,4.8833,-4.8122,15.1962,-24.0259,-0.0802,-0.0814
2026-08-01T13:18:56.265600+00:00,experiment_2_laptop,suspicious_other_screen_2_laptop,105,9.7614,1,9.5244,-19.2744,5.6014,-4.6082,15.1257,-23.8825,-0.0768,-0.0934
2026-08-01T13:18:56.265600+00:00,experiment_2_laptop,suspicious_other_screen_2_laptop,106,9.8530,1,9.8173,-20.0617,6.6845,-5.5948,16.5019,-25.6564,-0.0932,-0.1114
2026-08-01T13:18:56.265600+00:00,experiment_2_laptop,suspicious_other_screen_2_laptop,107,9.9444,1,8.8414,-19.7479,5.6173,-5.8961,14.4587,-25.6440,-0.0983,-0.0936
2026-08-01T13:18:56.265600+00:00,experiment_2_laptop,suspicious_other_screen_2_laptop,108,10.0400,1,8.7611,-19.8543,6.4883,-5.2126,15.2494,-25.0669,-0.0869,-0.1081
2026-08-01T13:18:56.265600+00:00,experiment_2_laptop,suspicious_other_screen_2_laptop,109,10.1355,1,8.6008,-19.8524,4.5303,-5.2806,13.1311,-25.1330,-0.0880,-0.0755
2026-08-01T13:18:56.265600+00:00,experiment_2_laptop,suspicious_other_screen_2_laptop,110,10.2267,1,8.6694,-19.6872,5.9364,-4.8867,14.6058,-24.5739,-0.0814,-0.0989
2026-08-01T13:18:56.265600+00:00,experiment_2_laptop,suspicious_other_screen_2_laptop,111,10.3201,1,9.7540,-20.1405,4.8064,-4.6622,14.5603,-24.8026,-0.0777,-0.0801
2026-08-01T13:18:56.265600+00:00,experiment_2_laptop,suspicious_other_screen_2_laptop,112,10.4187,1,8.7961,-20.0569,5.2563,-5.4586,14.0523,-25.5155,-0.0910,-0.0876
2026-08-01T13:18:56.265600+00:00,experiment_2_laptop,suspicious_other_screen_2_laptop,113,10.5041,1,9.3340,-20.0062,5.0284,-5.1498,14.3625,-25.1560,-0.0858,-0.0838
2026-08-01T13:18:56.265600+00:00,experiment_2_laptop,suspicious_other_screen_2_laptop,114,10.6020,1,9.6000,-20.1924,4.7120,-7.6954,14.3120,-27.8878,-0.1283,-0.0785
2026-08-01T13:18:56.265600+00:00,experiment_2_laptop,suspicious_other_screen_2_laptop,115,10.6920,1,9.0675,-21.3407,4.2250,-9.6696,13.2925,-31.0103,-0.1612,-0.0704
2026-08-01T13:18:56.265600+00:00,experiment_2_laptop,suspicious_other_screen_2_laptop,116,10.7848,1,8.8060,-20.9663,5.2896,-6.5989,14.0956,-27.5652,-0.1100,-0.0882
2026-08-01T13:18:56.265600+00:00,experiment_2_laptop,suspicious_other_screen_2_laptop,117,10.8780,1,8.6737,-20.2211,6.5841,-3.1910,15.2578,-23.4121,-0.0532,-0.1097
2026-08-01T13:18:56.265600+00:00,experiment_2_laptop,suspicious_other_screen_2_laptop,118,10.9697,1,8.4582,-21.0992,7.9792,-2.5698,16.4374,-23.6690,-0.0428,-0.1330
2026-08-01T13:18:56.265600+00:00,experiment_2_laptop,suspicious_other_screen_2_laptop,119,11.0642,1,7.9434,-20.6531,8.1380,-5.2131,16.0814,-25.8662,-0.0869,-0.1356
2026-08-01T13:18:56.265600+00:00,experiment_2_laptop,suspicious_other_screen_2_laptop,120,11.1566,1,7.8027,-20.4494,6.6471,-5.0370,14.4499,-25.4864,-0.0840,-0.1108
2026-08-01T13:18:56.265600+00:00,experiment_2_laptop,suspicious_other_screen_2_laptop,121,11.2535,1,7.6236,-20.6853,8.6474,-3.0412,16.2710,-23.7265,-0.0507,-0.1441
2026-08-01T13:18:56.265600+00:00,experiment_2_laptop,suspicious_other_screen_2_laptop,122,11.3428,1,7.2055,-21.1764,8.6996,-3.9987,15.9051,-25.1750,-0.0666,-0.1450
2026-08-01T13:18:56.265600+00:00,experiment_2_laptop,suspicious_other_screen_2_laptop,123,11.4383,1,7.9883,-20.3988,6.5493,-3.8922,14.5376,-24.2910,-0.0649,-0.1092
2026-08-01T13:18:56.265600+00:00,experiment_2_laptop,suspicious_other_screen_2_laptop,124,11.5283,1,8.0846,-20.9747,7.1169,-4.0153,15.2015,-24.9901,-0.0669,-0.1186
2026-08-01T13:18:56.265600+00:00,experiment_2_laptop,suspicious_other_screen_2_laptop,125,11.6225,1,7.8398,-20.7503,7.7343,-4.8347,15.5741,-25.5850,-0.0806,-0.1289
2026-08-01T13:18:56.265600+00:00,experiment_2_laptop,suspicious_other_screen_2_laptop,126,11.7155,1,7.1004,-21.5163,7.3270,-4.7503,14.4273,-26.2666,-0.0792,-0.1221
2026-08-01T13:18:56.265600+00:00,experiment_2_laptop,suspicious_other_screen_2_laptop,127,11.8073,1,7.2603,-20.9400,6.8675,-1.9924,14.1277,-22.9325,-0.0332,-0.1145
2026-08-01T13:18:56.265600+00:00,experiment_2_laptop,suspicious_other_screen_2_laptop,128,11.9032,1,7.4984,-21.3455,7.8725,-2.4310,15.3710,-23.7764,-0.0405,-0.1312
2026-08-01T13:18:56.265600+00:00,experiment_2_laptop,suspicious_other_screen_2_laptop,129,11.9949,1,7.2024,-20.8769,6.3418,-1.3326,13.5442,-22.2094,-0.0222,-0.1057
2026-08-01T13:18:56.265600+00:00,experiment_2_laptop,suspicious_other_screen_2_laptop,130,12.0877,1,7.0906,-21.3003,7.5243,-1.5916,14.6149,-22.8919,-0.0265,-0.1254
2026-08-01T13:18:56.265600+00:00,experiment_2_laptop,suspicious_other_screen_2_laptop,131,12.1807,1,7.8378,-20.5170,7.9185,-0.6762,15.7563,-21.1932,-0.0113,-0.1320
2026-08-01T13:18:56.265600+00:00,experiment_2_laptop,suspicious_other_screen_2_laptop,132,12.2721,1,7.1316,-20.4955,8.1382,-1.2611,15.2698,-21.7566,-0.0210,-0.1356
2026-08-01T13:18:56.265600+00:00,experiment_2_laptop,suspicious_other_screen_2_laptop,133,12.3712,1,7.4723,-20.5817,6.8490,-2.4584,14.3213,-23.0401,-0.0410,-0.1141
2026-08-01T13:18:56.265600+00:00,experiment_2_laptop,suspicious_other_screen_2_laptop,134,12.4607,1,7.6693,-20.8522,5.1598,-1.7869,12.8291,-22.6390,-0.0298,-0.0860
2026-08-01T13:18:56.265600+00:00,experiment_2_laptop,suspicious_other_screen_2_laptop,135,12.5527,1,7.2376,-21.2838,6.1943,-2.2109,13.4319,-23.4948,-0.0368,-0.1032
2026-08-01T13:18:56.265600+00:00,experiment_2_laptop,suspicious_other_screen_2_laptop,136,12.6467,1,7.4062,-21.3862,6.2652,-5.0890,13.6714,-26.4752,-0.0848,-0.1044
2026-08-01T13:18:56.265600+00:00,experiment_2_laptop,suspicious_other_screen_2_laptop,137,12.7401,1,7.1643,-20.9640,5.4514,-4.3373,12.6157,-25.3013,-0.0723,-0.0909
2026-08-01T13:18:56.265600+00:00,experiment_2_laptop,suspicious_other_screen_2_laptop,138,12.8318,1,7.8256,-21.0586,4.5406,-4.5803,12.3662,-25.6389,-0.0763,-0.0757
2026-08-01T13:18:56.265600+00:00,experiment_2_laptop,suspicious_other_screen_2_laptop,139,12.9239,1,8.0626,-21.0318,6.4619,-3.9958,14.5244,-25.0276,-0.0666,-0.1077
2026-08-01T13:18:56.265600+00:00,experiment_2_laptop,suspicious_other_screen_2_laptop,140,13.0211,1,8.0538,-20.9874,6.5500,-4.9242,14.6038,-25.9116,-0.0821,-0.1092
2026-08-01T13:18:56.265600+00:00,experiment_2_laptop,suspicious_other_screen_2_laptop,141,13.1120,1,7.7220,-21.1579,6.4755,-3.8305,14.1974,-24.9884,-0.0638,-0.1079
2026-08-01T13:18:56.265600+00:00,experiment_2_laptop,suspicious_other_screen_2_laptop,142,13.2042,1,7.7578,-21.7397,7.2900,-4.1979,15.0478,-25.9375,-0.0700,-0.1215
2026-08-01T13:18:56.265600+00:00,experiment_2_laptop,suspicious_other_screen_2_laptop,143,13.2961,1,8.1450,-21.2055,7.3280,-4.6823,15.4729,-25.8878,-0.0780,-0.1221
2026-08-01T13:18:56.265600+00:00,experiment_2_laptop,suspicious_other_screen_2_laptop,144,13.3890,1,8.1183,-21.2491,5.3248,-4.2741,13.4431,-25.5232,-0.0712,-0.0887
2026-08-01T13:18:56.265600+00:00,experiment_2_laptop,suspicious_other_screen_2_laptop,145,13.4837,1,7.6415,-21.3994,6.1783,-5.5863,13.8197,-26.9857,-0.0931,-0.1030
2026-08-01T13:18:56.265600+00:00,experiment_2_laptop,suspicious_other_screen_2_laptop,146,13.5765,1,7.7694,-21.1898,4.7125,-4.4882,12.4819,-25.6781,-0.0748,-0.0785
2026-08-01T13:18:56.265600+00:00,experiment_2_laptop,suspicious_other_screen_2_laptop,147,13.6714,1,7.7665,-21.2853,7.7416,-5.8156,15.5081,-27.1008,-0.0969,-0.1290
2026-08-01T13:18:56.265600+00:00,experiment_2_laptop,suspicious_other_screen_2_laptop,148,13.7614,1,8.0872,-21.0196,6.4954,-5.7471,14.5826,-26.7667,-0.0958,-0.1083
2026-08-01T13:18:56.265600+00:00,experiment_2_laptop,suspicious_other_screen_2_laptop,149,13.8557,1,8.4099,-21.1009,5.4176,-4.6853,13.8275,-25.7862,-0.0781,-0.0903
2026-08-01T13:18:56.265600+00:00,experiment_2_laptop,suspicious_other_screen_2_laptop,150,13.9487,1,7.7292,-21.0735,7.3056,-5.6556,15.0348,-26.7292,-0.0943,-0.1218
2026-08-01T13:18:56.265600+00:00,experiment_2_laptop,suspicious_other_screen_2_laptop,151,14.0406,1,7.9056,-21.2018,7.4918,-4.4145,15.3975,-25.6163,-0.0736,-0.1249
2026-08-01T13:18:56.265600+00:00,experiment_2_laptop,suspicious_other_screen_2_laptop,152,14.1346,1,8.1689,-20.6222,4.3788,-4.9953,12.5477,-25.6175,-0.0833,-0.0730
2026-08-01T13:18:56.265600+00:00,experiment_2_laptop,suspicious_other_screen_2_laptop,153,14.2278,1,7.9301,-20.6927,4.6180,-5.3688,12.5481,-26.0615,-0.0895,-0.0770
2026-08-01T13:18:56.265600+00:00,experiment_2_laptop,suspicious_other_screen_2_laptop,154,14.3220,1,8.0957,-21.1813,6.6280,-6.1617,14.7237,-27.3430,-0.1027,-0.1105
2026-08-01T13:18:56.265600+00:00,experiment_2_laptop,suspicious_other_screen_2_laptop,155,14.4139,1,7.7233,-21.0023,5.4800,-5.4172,13.2033,-26.4194,-0.0903,-0.0913
2026-08-01T13:18:56.265600+00:00,experiment_2_laptop,suspicious_other_screen_2_laptop,156,14.5052,1,8.3274,-20.7971,6.3062,-5.6504,14.6336,-26.4475,-0.0942,-0.1051
2026-08-01T13:18:56.265600+00:00,experiment_2_laptop,suspicious_other_screen_2_laptop,157,14.5994,1,8.4985,-20.9326,5.7040,-5.5499,14.2025,-26.4826,-0.0925,-0.0951
2026-08-01T13:18:56.265600+00:00,experiment_2_laptop,suspicious_other_screen_2_laptop,158,14.6926,1,8.1352,-20.9577,6.6543,-6.0368,14.7895,-26.9944,-0.1006,-0.1109
2026-08-01T13:18:56.265600+00:00,experiment_2_laptop,suspicious_other_screen_2_laptop,159,14.7902,1,8.6150,-21.6498,5.4570,-5.3211,14.0720,-26.9709,-0.0887,-0.0910
2026-08-01T13:18:56.265600+00:00,experiment_2_laptop,suspicious_other_screen_2_laptop,160,14.8783,1,8.4037,-20.9885,6.0779,-5.0468,14.4817,-26.0353,-0.0841,-0.1013
2026-08-01T13:18:56.265600+00:00,experiment_2_laptop,suspicious_other_screen_2_laptop,161,14.9737,1,8.1530,-20.8016,5.0572,-6.1844,13.2102,-26.9860,-0.1031,-0.0843
2026-08-01T13:18:56.265600+00:00,experiment_2_laptop,suspicious_other_screen_2_laptop,162,15.0652,1,8.3713,-21.0688,6.3885,-6.4779,14.7598,-27.5466,-0.1080,-0.1065
2026-08-01T13:18:56.265600+00:00,experiment_2_laptop,suspicious_other_screen_2_laptop,163,15.1584,1,7.6851,-21.2400,7.3546,-5.4691,15.0397,-26.7090,-0.0912,-0.1226
2026-08-01T13:18:56.265600+00:00,experiment_2_laptop,suspicious_other_screen_2_laptop,164,15.2513,1,8.3239,-20.8554,6.2044,-5.7697,14.5283,-26.6250,-0.0962,-0.1034
2026-08-01T13:18:56.265600+00:00,experiment_2_laptop,suspicious_other_screen_2_laptop,165,15.3429,1,8.4341,-20.4736,5.9200,-5.7514,14.3541,-26.2250,-0.0959,-0.0987
2026-08-01T13:18:56.265600+00:00,experiment_2_laptop,suspicious_other_screen_2_laptop,166,15.4425,1,7.6446,-21.2449,7.3120,-6.3595,14.9566,-27.6045,-0.1060,-0.1219
2026-08-01T13:18:56.265600+00:00,experiment_2_laptop,suspicious_other_screen_2_laptop,167,15.5305,1,7.9320,-21.2441,6.1730,-5.1423,14.1050,-26.3863,-0.0857,-0.1029
2026-08-01T13:18:56.265600+00:00,experiment_2_laptop,suspicious_other_screen_2_laptop,168,15.6233,1,8.4553,-20.5935,6.3104,-6.1909,14.7657,-26.7844,-0.1032,-0.1052
2026-08-01T13:18:56.265600+00:00,experiment_2_laptop,suspicious_other_screen_2_laptop,169,15.7164,1,8.7158,-20.9635,6.5676,-6.2421,15.2834,-27.2056,-0.1040,-0.1095
2026-08-01T13:18:56.265600+00:00,experiment_2_laptop,suspicious_other_screen_2_laptop,170,15.8096,1,8.1067,-20.9432,7.3807,-6.5285,15.4874,-27.4717,-0.1088,-0.1230
2026-08-01T13:18:56.265600+00:00,experiment_2_laptop,suspicious_other_screen_2_laptop,171,15.9008,1,7.5690,-21.1018,6.7967,-6.6306,14.3657,-27.7324,-0.1105,-0.1133
2026-08-01T13:18:56.265600+00:00,experiment_2_laptop,suspicious_other_screen_2_laptop,172,15.9941,1,8.6143,-21.3065,8.2926,-5.1135,16.9069,-26.4201,-0.0852,-0.1382
2026-08-01T13:18:56.265600+00:00,experiment_2_laptop,suspicious_other_screen_2_laptop,173,16.0945,1,8.3259,-21.0215,7.4184,-5.3388,15.7443,-26.3604,-0.0890,-0.1236
2026-08-01T13:18:56.265600+00:00,experiment_2_laptop,suspicious_other_screen_2_laptop,174,16.1804,1,8.1103,-21.0307,6.1770,-5.1853,14.2873,-26.2160,-0.0864,-0.1030
2026-08-01T13:18:56.265600+00:00,experiment_2_laptop,suspicious_other_screen_2_laptop,175,16.2745,1,8.3930,-21.0784,5.8304,-5.4510,14.2234,-26.5294,-0.0908,-0.0972
2026-08-01T13:18:56.265600+00:00,experiment_2_laptop,suspicious_other_screen_2_laptop,176,16.3677,1,8.6665,-20.5038,7.2694,-5.7353,15.9359,-26.2391,-0.0956,-0.1212
2026-08-01T13:18:56.265600+00:00,experiment_2_laptop,suspicious_other_screen_2_laptop,177,16.4607,1,8.4942,-20.7188,6.0110,-5.6124,14.5053,-26.3313,-0.0935,-0.1002
2026-08-01T13:18:56.265600+00:00,experiment_2_laptop,suspicious_other_screen_2_laptop,178,16.5518,1,7.9930,-20.7848,6.5426,-4.7958,14.5356,-25.5806,-0.0799,-0.1090
2026-08-01T13:18:56.265600+00:00,experiment_2_laptop,suspicious_other_screen_2_laptop,179,16.6455,1,7.9481,-21.3437,6.8010,-6.8594,14.7491,-28.2031,-0.1143,-0.1134
2026-08-01T13:18:56.265600+00:00,experiment_2_laptop,suspicious_other_screen_2_laptop,180,16.7427,1,7.9725,-20.9648,5.7355,-5.2396,13.7080,-26.2044,-0.0873,-0.0956
2026-08-01T13:18:56.265600+00:00,experiment_2_laptop,suspicious_other_screen_2_laptop,181,16.8311,1,7.7111,-21.0853,6.9675,-5.6972,14.6786,-26.7824,-0.0950,-0.1161
2026-08-01T13:18:56.265600+00:00,experiment_2_laptop,suspicious_other_screen_2_laptop,182,16.9260,1,8.4400,-20.9910,8.1459,-6.1620,16.5858,-27.1530,-0.1027,-0.1358
2026-08-01T13:18:56.265600+00:00,experiment_2_laptop,suspicious_other_screen_2_laptop,183,17.0176,1,8.1942,-20.7728,5.4089,-5.9896,13.6032,-26.7624,-0.0998,-0.0901
2026-08-01T13:18:56.265600+00:00,experiment_2_laptop,suspicious_other_screen_2_laptop,184,17.1127,1,8.4107,-20.9411,6.1905,-5.9145,14.6012,-26.8557,-0.0986,-0.1032
2026-08-01T13:18:56.265600+00:00,experiment_2_laptop,suspicious_other_screen_2_laptop,185,17.2083,1,7.7065,-21.1853,8.4627,-5.5736,16.1692,-26.7589,-0.0929,-0.1410
2026-08-01T13:18:56.265600+00:00,experiment_2_laptop,suspicious_other_screen_2_laptop,186,17.2992,1,7.9491,-21.0144,7.7194,-5.7085,15.6686,-26.7229,-0.0951,-0.1287
2026-08-01T13:18:56.265600+00:00,experiment_2_laptop,suspicious_other_screen_2_laptop,187,17.3915,1,8.5726,-20.3819,5.6603,-4.6279,14.2330,-25.0098,-0.0771,-0.0943
2026-08-01T13:18:56.265600+00:00,experiment_2_laptop,suspicious_other_screen_2_laptop,188,17.4829,1,9.0546,-20.9564,6.6338,-5.4582,15.6883,-26.4146,-0.0910,-0.1106
2026-08-01T13:18:56.265600+00:00,experiment_2_laptop,suspicious_other_screen_2_laptop,189,17.5787,1,8.3853,-20.7913,7.0935,-5.4362,15.4788,-26.2276,-0.0906,-0.1182
2026-08-01T13:18:56.265600+00:00,experiment_2_laptop,suspicious_other_screen_2_laptop,190,17.6687,1,8.0384,-20.9279,5.0213,-5.9578,13.0597,-26.8857,-0.0993,-0.0837
2026-08-01T13:18:56.265600+00:00,experiment_2_laptop,suspicious_other_screen_2_laptop,191,17.7618,1,8.7293,-20.6036,6.5134,-5.0732,15.2427,-25.6768,-0.0846,-0.1086
2026-08-01T13:18:56.265600+00:00,experiment_2_laptop,suspicious_other_screen_2_laptop,192,17.8594,1,8.0674,-20.3361,4.4401,-6.1660,12.5075,-26.5021,-0.1028,-0.0740
2026-08-01T13:18:56.265600+00:00,experiment_2_laptop,suspicious_other_screen_2_laptop,193,17.9494,1,8.4892,-20.8514,6.5664,-6.6514,15.0556,-27.5028,-0.1109,-0.1094
2026-08-01T13:18:56.265600+00:00,experiment_2_laptop,suspicious_other_screen_2_laptop,194,18.0413,1,7.8638,-21.0197,6.6852,-6.4953,14.5490,-27.5150,-0.1083,-0.1114
2026-08-01T13:18:56.265600+00:00,experiment_2_laptop,suspicious_other_screen_2_laptop,195,18.1355,1,8.0316,-20.9193,4.8131,-6.0452,12.8446,-26.9645,-0.1008,-0.0802
2026-08-01T13:18:56.265600+00:00,experiment_2_laptop,suspicious_other_screen_2_laptop,196,18.2284,1,7.6335,-20.9612,6.3813,-4.6341,14.0148,-25.5953,-0.0772,-0.1064
2026-08-01T13:18:56.265600+00:00,experiment_2_laptop,suspicious_other_screen_2_laptop,197,18.3214,1,8.3974,-20.3511,6.1739,-5.4419,14.5713,-25.7930,-0.0907,-0.1029
2026-08-01T13:18:56.265600+00:00,experiment_2_laptop,suspicious_other_screen_2_laptop,198,18.4133,1,8.2386,-20.9369,7.1157,-5.6104,15.3543,-26.5473,-0.0935,-0.1186
2026-08-01T13:18:56.265600+00:00,experiment_2_laptop,suspicious_other_screen_2_laptop,199,18.5107,1,8.0788,-20.9358,6.4789,-4.9670,14.5577,-25.9029,-0.0828,-0.1080
2026-08-01T13:18:56.265600+00:00,experiment_2_laptop,suspicious_other_screen_2_laptop,200,18.6012,1,7.8705,-20.8927,6.3917,-6.8355,14.2622,-27.7282,-0.1139,-0.1065
2026-08-01T13:18:56.265600+00:00,experiment_2_laptop,suspicious_other_screen_2_laptop,201,18.6919,1,7.7570,-20.8020,7.7984,-5.4072,15.5554,-26.2093,-0.0901,-0.1300
2026-08-01T13:18:56.265600+00:00,experiment_2_laptop,suspicious_other_screen_2_laptop,202,18.7864,1,7.6927,-20.7404,4.0196,-5.1129,11.7123,-25.8532,-0.0852,-0.0670
2026-08-01T13:18:56.265600+00:00,experiment_2_laptop,suspicious_other_screen_2_laptop,203,18.8803,1,7.6300,-20.9200,5.4382,-5.4639,13.0683,-26.3840,-0.0911,-0.0906
2026-08-01T13:18:56.265600+00:00,experiment_2_laptop,suspicious_other_screen_2_laptop,204,18.9780,1,8.3381,-21.2310,6.9516,-6.3756,15.2897,-27.6066,-0.1063,-0.1159
2026-08-01T13:18:56.265600+00:00,experiment_2_laptop,suspicious_other_screen_2_laptop,205,19.0647,1,8.6154,-20.4446,4.2321,-5.7859,12.8475,-26.2305,-0.0964,-0.0705
2026-08-01T13:18:56.265600+00:00,experiment_2_laptop,suspicious_other_screen_2_laptop,206,19.1605,1,8.0052,-20.7911,5.9454,-5.8065,13.9506,-26.5976,-0.0968,-0.0991
2026-08-01T13:18:56.265600+00:00,experiment_2_laptop,suspicious_other_screen_2_laptop,207,19.2519,1,7.8831,-21.0408,7.3935,-6.4993,15.2766,-27.5401,-0.1083,-0.1232
2026-08-01T13:18:56.265600+00:00,experiment_2_laptop,suspicious_other_screen_2_laptop,208,19.3455,1,8.1187,-20.8726,7.2756,-6.2817,15.3944,-27.1543,-0.1047,-0.1213
2026-08-01T13:18:56.265600+00:00,experiment_2_laptop,suspicious_other_screen_2_laptop,209,19.4370,1,8.1837,-21.0228,5.9955,-6.0202,14.1792,-27.0430,-0.1003,-0.0999
2026-08-01T13:18:56.265600+00:00,experiment_2_laptop,suspicious_other_screen_2_laptop,210,19.5297,1,8.2722,-20.7535,5.7546,-5.9375,14.0268,-26.6909,-0.0990,-0.0959
2026-08-01T13:18:56.265600+00:00,experiment_2_laptop,suspicious_other_screen_2_laptop,211,19.6244,1,8.1427,-20.9188,6.3210,-5.5660,14.4637,-26.4848,-0.0928,-0.1053
2026-08-01T13:18:56.265600+00:00,experiment_2_laptop,suspicious_other_screen_2_laptop,212,19.7238,1,7.8470,-20.9983,6.9918,-6.0110,14.8388,-27.0093,-0.1002,-0.1165
2026-08-01T13:18:56.265600+00:00,experiment_2_laptop,suspicious_other_screen_2_laptop,213,19.8125,1,8.0024,-20.6225,6.0178,-5.5688,14.0203,-26.1913,-0.0928,-0.1003
2026-08-01T13:18:56.265600+00:00,experiment_2_laptop,suspicious_other_screen_2_laptop,214,19.9045,1,8.0678,-20.4391,4.9732,-5.4959,13.0410,-25.9350,-0.0916,-0.0829
2026-08-01T13:18:56.265600+00:00,experiment_2_laptop,suspicious_other_screen_2_laptop,215,19.9987,1,7.9995,-20.6879,6.5438,-5.4369,14.5433,-26.1248,-0.0906,-0.1091
2026-08-01T13:18:56.265600+00:00,experiment_2_laptop,suspicious_other_screen_2_laptop,216,20.0882,1,8.2215,-20.6527,5.0362,-4.9625,13.2577,-25.6151,-0.0827,-0.0839
2026-08-01T13:18:56.265600+00:00,experiment_2_laptop,suspicious_other_screen_2_laptop,217,20.1806,1,7.3509,-20.6798,6.5759,-5.6783,13.9269,-26.3581,-0.0946,-0.1096
2026-08-01T13:18:56.265600+00:00,experiment_2_laptop,suspicious_other_screen_2_laptop,218,20.2812,1,8.1376,-20.8656,6.0696,-5.7455,14.2072,-26.6111,-0.0958,-0.1012
2026-08-01T13:18:56.265600+00:00,experiment_2_laptop,suspicious_other_screen_2_laptop,219,20.3683,1,8.5415,-20.6236,6.2344,-6.8994,14.7759,-27.5230,-0.1150,-0.1039
2026-08-01T13:18:56.265600+00:00,experiment_2_laptop,suspicious_other_screen_2_laptop,220,20.4610,1,8.5680,-20.9606,8.1623,-5.1049,16.7304,-26.0655,-0.0851,-0.1360
2026-08-01T13:18:56.265600+00:00,experiment_2_laptop,suspicious_other_screen_2_laptop,221,20.5526,1,11.7840,-21.3837,4.6379,-2.2403,16.4220,-23.6240,-0.0373,-0.0773
2026-08-01T13:18:56.265600+00:00,experiment_2_laptop,suspicious_other_screen_2_laptop,222,20.6471,1,10.5618,-20.4477,2.7252,-2.8386,13.2870,-23.2863,-0.0473,-0.0454
2026-08-01T13:18:56.265600+00:00,experiment_2_laptop,suspicious_other_screen_2_laptop,223,20.7404,1,12.4880,-19.3010,2.9391,-2.4695,15.4271,-21.7705,-0.0412,-0.0490
2026-08-01T13:18:56.265600+00:00,experiment_2_laptop,suspicious_other_screen_2_laptop,224,20.8315,1,12.0617,-20.5174,2.0320,-3.3933,14.0938,-23.9107,-0.0566,-0.0339
2026-08-01T13:18:56.265600+00:00,experiment_2_laptop,suspicious_other_screen_2_laptop,225,20.9292,1,12.7898,-20.3786,2.1231,-4.2889,14.9129,-24.6675,-0.0715,-0.0354
2026-08-01T13:18:56.265600+00:00,experiment_2_laptop,suspicious_other_screen_2_laptop,226,21.0162,1,12.2791,-20.0089,3.8420,-5.9629,16.1212,-25.9717,-0.0994,-0.0640
2026-08-01T13:18:56.265600+00:00,experiment_2_laptop,suspicious_other_screen_2_laptop,227,21.1120,1,12.7779,-20.0443,1.3929,-6.6996,14.1708,-26.7439,-0.1117,-0.0232
2026-08-01T13:18:56.265600+00:00,experiment_2_laptop,suspicious_other_screen_2_laptop,228,21.2056,1,12.4302,-20.0659,3.5866,0.2384,16.0168,-19.8274,0.0040,-0.0598
2026-08-01T13:18:56.265600+00:00,experiment_2_laptop,suspicious_other_screen_2_laptop,229,21.2982,1,14.3356,-18.1213,4.4192,6.5492,18.7548,-11.5721,0.1092,-0.0737
2026-08-01T13:18:56.265600+00:00,experiment_2_laptop,suspicious_other_screen_2_laptop,230,21.3897,1,13.5963,-16.9902,3.8969,6.9050,17.4932,-10.0852,0.1151,-0.0649
2026-08-01T13:18:56.265600+00:00,experiment_2_laptop,suspicious_other_screen_2_laptop,231,21.4844,1,13.2788,-9.3782,2.3461,3.5349,15.6249,-5.8433,0.0589,-0.0391
2026-08-01T13:18:56.265600+00:00,experiment_2_laptop,suspicious_other_screen_2_laptop,232,21.5802,1,11.1696,-7.3725,3.5762,3.6631,14.7458,-3.7094,0.0611,-0.0596
2026-08-01T13:18:56.265600+00:00,experiment_2_laptop,suspicious_other_screen_2_laptop,233,21.6710,1,9.1339,0.8827,5.0840,1.1389,14.2179,2.0216,0.0190,-0.0847
2026-08-01T13:18:56.265600+00:00,experiment_2_laptop,suspicious_other_screen_2_laptop,234,21.7634,1,5.9940,5.1652,7.7434,0.5588,13.7374,5.7240,0.0093,-0.1291
2026-08-01T13:18:56.265600+00:00,experiment_2_laptop,suspicious_other_screen_2_laptop,235,21.8563,1,4.5755,6.2462,6.5309,0.6562,11.1064,6.9024,0.0109,-0.1088
2026-08-01T13:18:56.265600+00:00,experiment_2_laptop,suspicious_other_screen_2_laptop,236,21.9502,1,0.7820,9.9952,4.2630,1.1911,5.0449,11.1863,0.0199,-0.0710
2026-08-01T13:18:56.265600+00:00,experiment_2_laptop,suspicious_other_screen_2_laptop,237,22.0429,1,-0.4391,10.2594,5.5700,1.1396,5.1309,11.3990,0.0190,-0.0928
2026-08-01T13:18:56.265600+00:00,experiment_2_laptop,suspicious_other_screen_2_laptop,238,22.1349,1,-1.2601,12.8655,4.3376,1.3980,3.0775,14.2635,0.0233,-0.0723
2026-08-01T13:18:56.265600+00:00,experiment_2_laptop,suspicious_other_screen_2_laptop,239,22.2316,1,-2.3456,13.9378,4.7385,1.4705,2.3929,15.4083,0.0245,-0.0790
2026-08-01T13:18:56.265600+00:00,experiment_2_laptop,suspicious_other_screen_2_laptop,240,22.3219,1,-3.5148,13.2260,5.8730,1.6160,2.3582,14.8420,0.0269,-0.0979
2026-08-01T13:18:56.265600+00:00,experiment_2_laptop,suspicious_other_screen_2_laptop,241,22.4148,1,-4.3732,13.5456,5.1233,-0.4638,0.7501,13.0818,-0.0077,-0.0854
2026-08-01T13:18:56.265600+00:00,experiment_2_laptop,suspicious_other_screen_2_laptop,242,22.5079,1,-4.7759,13.8310,5.5386,0.2028,0.7627,14.0339,0.0034,-0.0923
2026-08-01T13:18:56.265600+00:00,experiment_2_laptop,suspicious_other_screen_2_laptop,243,22.6005,1,-5.1472,13.8627,5.8943,0.1567,0.7471,14.0195,0.0026,-0.0982
2026-08-01T13:18:56.265600+00:00,experiment_2_laptop,suspicious_other_screen_2_laptop,244,22.6937,1,-5.5030,13.9402,5.3411,0.9905,-0.1619,14.9307,0.0165,-0.0890
2026-08-01T13:18:56.265600+00:00,experiment_2_laptop,suspicious_other_screen_2_laptop,245,22.7852,1,-6.0435,14.6134,5.4363,0.3285,-0.6072,14.9419,0.0055,-0.0906
2026-08-01T13:18:56.265600+00:00,experiment_2_laptop,suspicious_other_screen_2_laptop,246,22.8811,1,-4.8669,13.5408,3.8326,0.2065,-1.0343,13.7473,0.0034,-0.0639
2026-08-01T13:18:56.265600+00:00,experiment_2_laptop,suspicious_other_screen_2_laptop,247,22.9712,1,-5.0591,13.9852,4.9669,0.5690,-0.0922,14.5542,0.0095,-0.0828
2026-08-01T13:18:56.265600+00:00,experiment_2_laptop,suspicious_other_screen_2_laptop,248,23.0657,1,-6.0557,13.6654,5.3906,0.0650,-0.6651,13.7303,0.0011,-0.0898
2026-08-01T13:18:56.265600+00:00,experiment_2_laptop,suspicious_other_screen_2_laptop,249,23.1588,1,-4.8266,13.6129,4.2645,-0.0966,-0.5622,13.5163,-0.0016,-0.0711
2026-08-01T13:18:56.265600+00:00,experiment_2_laptop,suspicious_other_screen_2_laptop,250,23.2520,1,-4.7864,13.3473,4.5768,0.1461,-0.2095,13.4934,0.0024,-0.0763
2026-08-01T13:18:56.265600+00:00,experiment_2_laptop,suspicious_other_screen_2_laptop,251,23.3511,1,-5.3970,13.3700,4.4251,0.0015,-0.9719,13.3715,0.0000,-0.0738
2026-08-01T13:18:56.265600+00:00,experiment_2_laptop,suspicious_other_screen_2_laptop,252,23.4367,1,-5.6858,13.7727,4.5618,-0.1133,-1.1240,13.6593,-0.0019,-0.0760
2026-08-01T13:18:56.265600+00:00,experiment_2_laptop,suspicious_other_screen_2_laptop,253,23.5333,1,-5.9547,13.6047,3.8498,-0.1095,-2.1049,13.4952,-0.0018,-0.0642
2026-08-01T13:18:56.265600+00:00,experiment_2_laptop,suspicious_other_screen_2_laptop,254,23.6242,1,-5.3691,13.6814,4.8033,-0.3629,-0.5658,13.3185,-0.0060,-0.0801
2026-08-01T13:18:56.265600+00:00,experiment_2_laptop,suspicious_other_screen_2_laptop,255,23.7173,1,-5.8345,13.4128,3.2097,0.1661,-2.6248,13.5789,0.0028,-0.0535
2026-08-01T13:18:56.265600+00:00,experiment_2_laptop,suspicious_other_screen_2_laptop,256,23.8103,1,-6.3919,13.5175,4.3472,0.1308,-2.0448,13.6483,0.0022,-0.0725
2026-08-01T13:18:56.265600+00:00,experiment_2_laptop,suspicious_other_screen_2_laptop,257,23.9013,1,-6.2530,14.1618,4.1480,-0.0221,-2.1050,14.1397,-0.0004,-0.0691
2026-08-01T13:18:56.265600+00:00,experiment_2_laptop,suspicious_other_screen_2_laptop,258,23.9948,1,-5.8740,13.6679,3.5640,-0.1751,-2.3099,13.4928,-0.0029,-0.0594
2026-08-01T13:18:56.265600+00:00,experiment_2_laptop,suspicious_other_screen_2_laptop,259,24.0891,1,-5.5967,13.3276,3.5757,0.2210,-2.0210,13.5486,0.0037,-0.0596
2026-08-01T13:18:56.265600+00:00,experiment_2_laptop,suspicious_other_screen_2_laptop,260,24.1853,1,-5.8033,13.3877,3.1981,-0.1820,-2.6052,13.2057,-0.0030,-0.0533
2026-08-01T13:18:56.265600+00:00,experiment_2_laptop,suspicious_other_screen_2_laptop,261,24.2736,1,-5.8648,13.7359,4.2362,-0.0327,-1.6286,13.7032,-0.0005,-0.0706
2026-08-01T13:18:56.265600+00:00,experiment_2_laptop,suspicious_other_screen_2_laptop,262,24.3684,1,-6.4516,13.5492,4.0842,-0.0461,-2.3674,13.5031,-0.0008,-0.0681
2026-08-01T13:18:56.265600+00:00,experiment_2_laptop,suspicious_other_screen_2_laptop,263,24.4617,1,-5.6836,13.5797,4.2387,0.2257,-1.4448,13.8054,0.0038,-0.0706
2026-08-01T13:18:56.265600+00:00,experiment_2_laptop,suspicious_other_screen_2_laptop,264,24.5528,1,-6.1290,13.8001,4.0753,-0.1127,-2.0537,13.6874,-0.0019,-0.0679
2026-08-01T13:18:56.265600+00:00,experiment_2_laptop,suspicious_other_screen_2_laptop,265,24.6461,1,-5.5508,13.2468,4.1961,-0.1447,-1.3547,13.1021,-0.0024,-0.0699
2026-08-01T13:18:56.265600+00:00,experiment_2_laptop,suspicious_other_screen_2_laptop,266,24.7405,1,-6.6885,14.2028,4.1620,-0.1842,-2.5265,14.0186,-0.0031,-0.0694
2026-08-01T13:18:56.265600+00:00,experiment_2_laptop,suspicious_other_screen_2_laptop,267,24.8331,1,-6.8360,13.8713,3.6152,-0.2076,-3.2207,13.6637,-0.0035,-0.0603
2026-08-01T13:18:56.265600+00:00,experiment_2_laptop,suspicious_other_screen_2_laptop,268,24.9263,1,-6.5766,13.6553,3.9308,0.0068,-2.6459,13.6621,0.0001,-0.0655
2026-08-01T13:18:56.265600+00:00,experiment_2_laptop,suspicious_other_screen_2_laptop,269,25.0193,1,-7.0820,13.8614,3.7502,-0.2533,-3.3318,13.6081,-0.0042,-0.0625
2026-08-01T13:18:56.265600+00:00,experiment_2_laptop,suspicious_other_screen_2_laptop,270,25.1126,1,-7.5900,14.4755,4.2452,-0.0676,-3.3448,14.4079,-0.0011,-0.0708
2026-08-01T13:18:56.265600+00:00,experiment_2_laptop,suspicious_other_screen_2_laptop,271,25.2046,1,-7.8912,14.5982,3.4453,-0.0974,-4.4459,14.5008,-0.0016,-0.0574
2026-08-01T13:18:56.265600+00:00,experiment_2_laptop,suspicious_other_screen_2_laptop,272,25.3001,1,-7.6092,14.0303,4.6143,0.0125,-2.9949,14.0428,0.0002,-0.0769
2026-08-01T13:18:56.265600+00:00,experiment_2_laptop,suspicious_other_screen_2_laptop,273,25.3924,1,-7.7272,14.6355,3.4760,0.2856,-4.2512,14.9211,0.0048,-0.0579
2026-08-01T13:18:56.265600+00:00,experiment_2_laptop,suspicious_other_screen_2_laptop,274,25.4891,1,-7.5589,14.3589,3.4876,-0.1660,-4.0713,14.1929,-0.0028,-0.0581
2026-08-01T13:18:56.265600+00:00,experiment_2_laptop,suspicious_other_screen_2_laptop,275,25.5778,1,-7.3779,14.5371,3.5340,0.2217,-3.8439,14.7588,0.0037,-0.0589
2026-08-01T13:18:56.265600+00:00,experiment_2_laptop,suspicious_other_screen_2_laptop,276,25.6694,1,-7.5882,13.7628,3.0482,0.3201,-4.5400,14.0829,0.0053,-0.0508
2026-08-01T13:18:56.265600+00:00,experiment_2_laptop,suspicious_other_screen_2_laptop,277,25.7686,1,-7.4352,14.1526,3.4647,0.8062,-3.9704,14.9588,0.0134,-0.0577
2026-08-01T13:18:56.265600+00:00,experiment_2_laptop,suspicious_other_screen_2_laptop,278,25.8555,1,-7.8845,14.5098,4.0147,0.4267,-3.8698,14.9366,0.0071,-0.0669
2026-08-01T13:18:56.265600+00:00,experiment_2_laptop,suspicious_other_screen_2_laptop,279,25.9513,1,-7.7513,14.4109,4.2982,-0.0585,-3.4531,14.3524,-0.0010,-0.0716
2026-08-01T13:18:56.265600+00:00,experiment_2_laptop,suspicious_other_screen_2_laptop,280,26.0437,1,-7.8261,14.1157,4.3925,0.1874,-3.4336,14.3031,0.0031,-0.0732
2026-08-01T13:18:56.265600+00:00,experiment_2_laptop,suspicious_other_screen_2_laptop,281,26.1346,1,-7.9567,14.5327,3.7164,-0.2016,-4.2402,14.3311,-0.0034,-0.0619
2026-08-01T13:18:56.265600+00:00,experiment_2_laptop,suspicious_other_screen_2_laptop,282,26.2289,1,-8.2252,14.1548,2.8864,0.3542,-5.3388,14.5090,0.0059,-0.0481
2026-08-01T13:18:56.265600+00:00,experiment_2_laptop,suspicious_other_screen_2_laptop,283,26.3220,1,-7.5172,13.9026,3.6032,-0.4360,-3.9140,13.4666,-0.0073,-0.0601
2026-08-01T13:18:56.265600+00:00,experiment_2_laptop,suspicious_other_screen_2_laptop,284,26.4189,1,-6.9045,13.9604,3.1358,0.0127,-3.7687,13.9731,0.0002,-0.0523
2026-08-01T13:18:56.265600+00:00,experiment_2_laptop,suspicious_other_screen_2_laptop,285,26.5086,1,-8.1690,14.2406,4.1367,-0.5197,-4.0323,13.7209,-0.0087,-0.0689
2026-08-01T13:18:56.265600+00:00,experiment_2_laptop,suspicious_other_screen_2_laptop,286,26.6028,1,-8.2694,14.1269,5.3003,0.4810,-2.9691,14.6079,0.0080,-0.0883
2026-08-01T13:18:56.265600+00:00,experiment_2_laptop,suspicious_other_screen_2_laptop,287,26.6932,1,-8.2578,14.0548,5.2820,0.3863,-2.9758,14.4411,0.0064,-0.0880
2026-08-01T13:18:56.265600+00:00,experiment_2_laptop,suspicious_other_screen_2_laptop,288,26.7877,1,-8.0811,14.3055,4.1363,0.3051,-3.9448,14.6106,0.0051,-0.0689
2026-08-01T13:18:56.265600+00:00,experiment_2_laptop,suspicious_other_screen_2_laptop,289,26.8805,1,-8.4019,14.0130,4.7087,0.6544,-3.6933,14.6674,0.0109,-0.0785
2026-08-01T13:18:56.265600+00:00,experiment_2_laptop,suspicious_other_screen_2_laptop,290,26.9718,1,-8.3468,14.0342,3.3251,0.3933,-5.0217,14.4276,0.0066,-0.0554
2026-08-01T13:18:56.265600+00:00,experiment_2_laptop,suspicious_other_screen_2_laptop,291,27.0682,1,-8.1611,13.8591,4.0639,1.5415,-4.0971,15.4006,0.0257,-0.0677
2026-08-01T13:18:56.265600+00:00,experiment_2_laptop,suspicious_other_screen_2_laptop,292,27.1608,1,-8.7291,14.1947,3.3214,1.2854,-5.4077,15.4801,0.0214,-0.0554
2026-08-01T13:18:56.265600+00:00,experiment_2_laptop,suspicious_other_screen_2_laptop,293,27.2531,1,-8.7710,14.4996,2.4630,0.7620,-6.3080,15.2616,0.0127,-0.0410
2026-08-01T13:18:56.265600+00:00,experiment_2_laptop,suspicious_other_screen_2_laptop,294,27.3459,1,-8.6722,14.0049,2.6828,1.8744,-5.9894,15.8793,0.0312,-0.0447
2026-08-01T13:18:56.265600+00:00,experiment_2_laptop,suspicious_other_screen_2_laptop,295,27.4392,1,-9.4399,14.6442,2.3320,1.6150,-7.1079,16.2592,0.0269,-0.0389
2026-08-01T13:18:56.265600+00:00,experiment_2_laptop,suspicious_other_screen_2_laptop,296,27.5363,1,-8.7367,14.5587,2.4896,1.9038,-6.2471,16.4625,0.0317,-0.0415
2026-08-01T13:18:56.265600+00:00,experiment_2_laptop,suspicious_other_screen_2_laptop,297,27.6239,1,-8.9220,14.2248,2.2353,1.2162,-6.6867,15.4410,0.0203,-0.0373
2026-08-01T13:18:56.265600+00:00,experiment_2_laptop,suspicious_other_screen_2_laptop,298,27.7178,1,-9.5430,14.4360,2.1756,2.0435,-7.3674,16.4796,0.0341,-0.0363
2026-08-01T13:18:56.265600+00:00,experiment_2_laptop,suspicious_other_screen_2_laptop,299,27.8110,1,-9.4006,14.5350,1.7764,1.6159,-7.6242,16.1509,0.0269,-0.0296
2026-08-01T13:18:56.265600+00:00,experiment_2_laptop,suspicious_other_screen_2_laptop,300,27.9040,1,-9.5945,14.6896,3.4258,0.9305,-6.1687,15.6201,0.0155,-0.0571
2026-08-01T13:18:56.265600+00:00,experiment_2_laptop,suspicious_other_screen_2_laptop,301,27.9972,1,-8.1238,14.5110,5.0749,-2.7363,-3.0488,11.7747,-0.0456,-0.0846
2026-08-01T13:18:56.265600+00:00,experiment_2_laptop,suspicious_other_screen_2_laptop,302,28.0888,1,-8.5246,14.8955,3.8899,-2.7358,-4.6348,12.1596,-0.0456,-0.0648
2026-08-01T13:18:56.265600+00:00,experiment_2_laptop,suspicious_other_screen_2_laptop,303,28.1878,1,-7.4794,14.4184,4.0280,-2.4588,-3.4514,11.9596,-0.0410,-0.0671
2026-08-01T13:18:56.265600+00:00,experiment_2_laptop,suspicious_other_screen_2_laptop,304,28.2753,1,-8.5083,14.7792,4.0443,-2.5064,-4.4640,12.2728,-0.0418,-0.0674
2026-08-01T13:18:56.265600+00:00,experiment_2_laptop,suspicious_other_screen_2_laptop,305,28.3709,1,-8.6030,13.8947,3.4894,-2.3267,-5.1136,11.5680,-0.0388,-0.0582
2026-08-01T13:18:56.265600+00:00,experiment_2_laptop,suspicious_other_screen_2_laptop,306,28.4625,1,-8.3326,13.7397,3.0364,-2.5241,-5.2962,11.2156,-0.0421,-0.0506
2026-08-01T13:18:56.265600+00:00,experiment_2_laptop,suspicious_other_screen_2_laptop,307,28.5554,1,-7.7210,13.6814,3.4537,-2.7252,-4.2673,10.9562,-0.0454,-0.0576
2026-08-01T13:18:56.265600+00:00,experiment_2_laptop,suspicious_other_screen_2_laptop,308,28.6487,1,-7.6837,13.5587,4.2777,-2.0336,-3.4060,11.5252,-0.0339,-0.0713
2026-08-01T13:18:56.265600+00:00,experiment_2_laptop,suspicious_other_screen_2_laptop,309,28.7397,1,-7.3755,13.4311,3.5969,-2.1088,-3.7786,11.3223,-0.0351,-0.0599
2026-08-01T13:18:56.265600+00:00,experiment_2_laptop,suspicious_other_screen_2_laptop,310,28.8389,1,-8.5918,14.4925,4.0783,0.1885,-4.5136,14.6810,0.0031,-0.0680
2026-08-01T13:18:56.265600+00:00,experiment_2_laptop,suspicious_other_screen_2_laptop,311,28.9262,1,-8.1097,13.4010,3.1709,-0.2381,-4.9388,13.1630,-0.0040,-0.0528
2026-08-01T13:18:56.265600+00:00,experiment_2_laptop,suspicious_other_screen_2_laptop,312,29.0204,1,-8.2034,14.1065,3.6217,0.2093,-4.5818,14.3159,0.0035,-0.0604
2026-08-01T13:18:56.265600+00:00,experiment_2_laptop,suspicious_other_screen_2_laptop,313,29.1137,1,-8.0879,13.4399,4.4966,-0.4892,-3.5913,12.9507,-0.0082,-0.0749
2026-08-01T13:18:56.265600+00:00,experiment_2_laptop,suspicious_other_screen_2_laptop,314,29.2079,1,-7.8730,13.6680,2.0027,0.2352,-5.8703,13.9032,0.0039,-0.0334
2026-08-01T13:18:56.265600+00:00,experiment_2_laptop,suspicious_other_screen_2_laptop,315,29.3000,1,-7.8346,13.4817,3.0506,0.1166,-4.7840,13.5982,0.0019,-0.0508
2026-08-01T13:18:56.265600+00:00,experiment_2_laptop,suspicious_other_screen_2_laptop,316,29.3914,1,-7.8035,13.9501,3.0684,-0.2286,-4.7351,13.7215,-0.0038,-0.0511
2026-08-01T13:18:56.265600+00:00,experiment_2_laptop,suspicious_other_screen_2_laptop,317,29.4875,1,-7.8743,13.7699,3.4234,-0.5195,-4.4509,13.2505,-0.0087,-0.0571
2026-08-01T13:18:56.265600+00:00,experiment_2_laptop,suspicious_other_screen_2_laptop,318,29.5776,1,-8.1386,13.6904,2.8172,-0.2244,-5.3214,13.4660,-0.0037,-0.0470
2026-08-01T13:18:56.265600+00:00,experiment_2_laptop,suspicious_other_screen_2_laptop,319,29.6798,1,-8.1571,13.7849,3.5473,-0.4029,-4.6098,13.3820,-0.0067,-0.0591
2026-08-01T13:18:56.265600+00:00,experiment_2_laptop,suspicious_other_screen_2_laptop,320,29.7727,1,-8.2624,13.7041,3.1242,-0.9095,-5.1382,12.7945,-0.0152,-0.0521
2026-08-01T13:18:56.265600+00:00,experiment_2_laptop,suspicious_other_screen_2_laptop,321,29.8689,1,-8.1676,13.8530,3.3472,-0.1323,-4.8204,13.7206,-0.0022,-0.0558
2026-08-01T13:18:56.265600+00:00,experiment_2_laptop,suspicious_other_screen_2_laptop,322,29.9546,1,-8.8703,13.8386,3.2981,0.2045,-5.5722,14.0430,0.0034,-0.0550
2026-08-01T13:18:56.265600+00:00,experiment_2_laptop,suspicious_other_screen_2_laptop,323,30.0473,1,-8.2695,13.7612,2.8066,-0.1573,-5.4629,13.6040,-0.0026,-0.0468
2026-08-01T13:18:56.265600+00:00,experiment_2_laptop,suspicious_other_screen_2_laptop,324,30.1375,1,-8.9833,13.4389,3.0235,0.3368,-5.9598,13.7757,0.0056,-0.0504
2026-08-01T13:18:56.265600+00:00,experiment_2_laptop,suspicious_other_screen_2_laptop,325,30.2352,1,-8.2349,13.7346,2.9005,0.3757,-5.3344,14.1103,0.0063,-0.0483
2026-08-01T13:18:56.265600+00:00,experiment_2_laptop,suspicious_other_screen_2_laptop,326,30.3269,1,-8.4252,13.9404,2.6541,0.1120,-5.7712,14.0524,0.0019,-0.0442
2026-08-01T13:18:56.265600+00:00,experiment_2_laptop,suspicious_other_screen_2_laptop,327,30.4212,1,-8.0659,13.3224,2.9526,-0.3966,-5.1133,12.9257,-0.0066,-0.0492
2026-08-01T13:18:56.265600+00:00,experiment_2_laptop,suspicious_other_screen_2_laptop,328,30.5123,1,-8.4969,13.7992,2.9641,0.1767,-5.5328,13.9760,0.0029,-0.0494
2026-08-01T13:18:56.265600+00:00,experiment_2_laptop,suspicious_other_screen_2_laptop,329,30.6102,1,-8.6550,14.0487,3.0807,-0.2070,-5.5743,13.8417,-0.0034,-0.0513
2026-08-01T13:18:56.265600+00:00,experiment_2_laptop,suspicious_other_screen_2_laptop,330,30.6974,1,-8.3009,13.4709,5.2408,1.0968,-3.0600,14.5677,0.0183,-0.0873
2026-08-01T13:18:56.265600+00:00,experiment_2_laptop,suspicious_other_screen_2_laptop,331,30.7925,1,-8.5831,13.9706,2.5862,1.0492,-5.9969,15.0199,0.0175,-0.0431
2026-08-01T13:18:56.265600+00:00,experiment_2_laptop,suspicious_other_screen_2_laptop,332,30.8829,1,-8.2855,13.8247,2.7667,1.1983,-5.5189,15.0230,0.0200,-0.0461
2026-08-01T13:18:56.265600+00:00,experiment_2_laptop,suspicious_other_screen_2_laptop,333,30.9763,1,-7.8621,13.7676,4.6375,0.6940,-3.2247,14.4616,0.0116,-0.0773
2026-08-01T13:18:56.265600+00:00,experiment_2_laptop,suspicious_other_screen_2_laptop,334,31.0692,1,-8.2964,13.4534,2.8013,1.5798,-5.4950,15.0332,0.0263,-0.0467
2026-08-01T13:18:56.265600+00:00,experiment_2_laptop,suspicious_other_screen_2_laptop,335,31.1606,1,-8.2609,13.7762,2.2239,0.8103,-6.0369,14.5865,0.0135,-0.0371
2026-08-01T13:18:56.265600+00:00,experiment_2_laptop,suspicious_other_screen_2_laptop,336,31.2591,1,-8.6911,14.3758,3.7984,1.6497,-4.8927,16.0255,0.0275,-0.0633
2026-08-01T13:18:56.265600+00:00,experiment_2_laptop,suspicious_other_screen_2_laptop,337,31.3471,1,-7.7972,13.5632,4.6397,-0.6935,-3.1574,12.8697,-0.0116,-0.0773
2026-08-01T13:18:56.265600+00:00,experiment_2_laptop,suspicious_other_screen_2_laptop,338,31.4421,1,-8.0905,14.0585,4.8159,-0.8666,-3.2746,13.1919,-0.0144,-0.0803
2026-08-01T13:18:56.265600+00:00,experiment_2_laptop,suspicious_other_screen_2_laptop,339,31.5333,1,-7.4565,14.2090,4.3060,-0.4308,-3.1505,13.7783,-0.0072,-0.0718
2026-08-01T13:18:56.265600+00:00,experiment_2_laptop,suspicious_other_screen_2_laptop,340,31.6263,1,-7.7193,13.5616,4.2720,-1.3804,-3.4474,12.1812,-0.0230,-0.0712
2026-08-01T13:18:56.265600+00:00,experiment_2_laptop,suspicious_other_screen_2_laptop,341,31.7205,1,-7.1737,13.5301,4.0004,-1.2634,-3.1734,12.2666,-0.0211,-0.0667
2026-08-01T13:18:56.265600+00:00,experiment_2_laptop,suspicious_other_screen_2_laptop,342,31.8149,1,-7.8211,12.9163,3.6957,-1.5516,-4.1254,11.3647,-0.0259,-0.0616
2026-08-01T13:18:56.265600+00:00,experiment_2_laptop,suspicious_other_screen_2_laptop,343,31.9078,1,-7.0265,12.5375,3.8372,-1.3973,-3.1893,11.1402,-0.0233,-0.0640
2026-08-01T13:18:56.265600+00:00,experiment_2_laptop,suspicious_other_screen_2_laptop,344,31.9978,1,-7.9311,13.2661,4.1385,-2.1138,-3.7926,11.1523,-0.0352,-0.0690
2026-08-01T13:18:56.265600+00:00,experiment_2_laptop,suspicious_other_screen_2_laptop,345,32.0887,1,-7.0662,12.6202,3.9201,-1.3887,-3.1461,11.2315,-0.0231,-0.0653
2026-08-01T13:18:56.265600+00:00,experiment_2_laptop,suspicious_other_screen_2_laptop,346,32.1846,1,-7.6809,12.6651,2.6108,-1.4859,-5.0700,11.1791,-0.0248,-0.0435
2026-08-01T13:18:56.265600+00:00,experiment_2_laptop,suspicious_other_screen_2_laptop,347,32.2777,1,-6.9020,12.2606,3.3582,-1.2530,-3.5438,11.0076,-0.0209,-0.0560
2026-08-01T13:18:56.265600+00:00,experiment_2_laptop,suspicious_other_screen_2_laptop,348,32.3692,1,-7.2608,12.0411,3.5498,-1.9293,-3.7110,10.1118,-0.0322,-0.0592
2026-08-01T13:18:56.265600+00:00,experiment_2_laptop,suspicious_other_screen_2_laptop,349,32.4638,1,-7.1213,12.2259,4.5514,-1.8539,-2.5699,10.3720,-0.0309,-0.0759
2026-08-01T13:18:56.265600+00:00,experiment_2_laptop,suspicious_other_screen_2_laptop,350,32.5586,1,-6.9688,11.6847,3.0449,-1.2803,-3.9239,10.4044,-0.0213,-0.0507
2026-08-01T13:18:56.265600+00:00,experiment_2_laptop,suspicious_other_screen_2_laptop,351,32.6512,1,-7.1575,11.7224,4.3881,-0.9550,-2.7694,10.7673,-0.0159,-0.0731
2026-08-01T13:18:56.265600+00:00,experiment_2_laptop,suspicious_other_screen_2_laptop,352,32.7427,1,-7.4971,12.1645,4.8263,-0.7066,-2.6708,11.4580,-0.0118,-0.0804
2026-08-01T13:18:56.265600+00:00,experiment_2_laptop,suspicious_other_screen_2_laptop,353,32.8359,1,-7.2998,12.1517,3.2628,-0.7124,-4.0370,11.4393,-0.0119,-0.0544
2026-08-01T13:18:56.265600+00:00,experiment_2_laptop,suspicious_other_screen_2_laptop,354,32.9272,1,-7.3113,12.0915,3.5391,-0.2182,-3.7722,11.8733,-0.0036,-0.0590
2026-08-01T13:18:56.265600+00:00,experiment_2_laptop,suspicious_other_screen_2_laptop,355,33.0220,1,-7.9616,12.2197,3.9959,0.0956,-3.9658,12.3154,0.0016,-0.0666
2026-08-01T13:18:56.265600+00:00,experiment_2_laptop,suspicious_other_screen_2_laptop,356,33.1151,1,-7.6521,12.6595,2.9480,-0.4787,-4.7041,12.1808,-0.0080,-0.0491
2026-08-01T13:18:56.265600+00:00,experiment_2_laptop,suspicious_other_screen_2_laptop,357,33.2096,1,-7.7088,12.3087,2.5145,-0.2462,-5.1944,12.0625,-0.0041,-0.0419
2026-08-01T13:18:56.265600+00:00,experiment_2_laptop,suspicious_other_screen_2_laptop,358,33.2997,1,-7.3770,12.3318,3.9964,-0.2267,-3.3806,12.1051,-0.0038,-0.0666
2026-08-01T13:18:56.265600+00:00,experiment_2_laptop,suspicious_other_screen_2_laptop,359,33.3939,1,-7.8732,12.9809,2.3163,0.0539,-5.5568,13.0349,0.0009,-0.0386
2026-08-01T13:18:56.265600+00:00,experiment_2_laptop,suspicious_other_screen_2_laptop,360,33.4874,1,-7.6800,12.6452,3.6178,0.1333,-4.0621,12.7784,0.0022,-0.0603
2026-08-01T13:18:56.265600+00:00,experiment_2_laptop,suspicious_other_screen_2_laptop,361,33.5785,1,-8.0182,12.6136,3.2000,-0.4310,-4.8182,12.1825,-0.0072,-0.0533
2026-08-01T13:18:56.265600+00:00,experiment_2_laptop,suspicious_other_screen_2_laptop,362,33.6753,1,-7.5165,12.7741,3.7308,-0.0897,-3.7857,12.6844,-0.0015,-0.0622
2026-08-01T13:18:56.265600+00:00,experiment_2_laptop,suspicious_other_screen_2_laptop,363,33.7669,1,-7.6426,12.6599,3.3812,-0.6684,-4.2614,11.9915,-0.0111,-0.0564
2026-08-01T13:18:56.265600+00:00,experiment_2_laptop,suspicious_other_screen_2_laptop,364,33.8597,1,-8.5515,13.6270,2.6312,-0.2814,-5.9204,13.3456,-0.0047,-0.0439
2026-08-01T13:18:56.265600+00:00,experiment_2_laptop,suspicious_other_screen_2_laptop,365,33.9532,1,-8.1627,13.5490,2.4191,-0.1061,-5.7436,13.4428,-0.0018,-0.0403
2026-08-01T13:18:56.265600+00:00,experiment_2_laptop,suspicious_other_screen_2_laptop,366,34.0448,1,-7.7664,13.4374,3.1708,0.3401,-4.5957,13.7775,0.0057,-0.0528
2026-08-01T13:18:56.265600+00:00,experiment_2_laptop,suspicious_other_screen_2_laptop,367,34.1423,1,-8.2943,13.0836,2.1868,0.3479,-6.1075,13.4316,0.0058,-0.0364
2026-08-01T13:18:56.265600+00:00,experiment_2_laptop,suspicious_other_screen_2_laptop,368,34.2326,1,-8.2635,13.3699,2.4641,0.1725,-5.7994,13.5424,0.0029,-0.0411
2026-08-01T13:18:56.265600+00:00,experiment_2_laptop,suspicious_other_screen_2_laptop,369,34.3284,1,-8.0763,13.5682,2.3294,0.4905,-5.7468,14.0588,0.0082,-0.0388
2026-08-01T13:18:56.265600+00:00,experiment_2_laptop,suspicious_other_screen_2_laptop,370,34.4185,1,-7.5828,13.2984,4.1497,0.8156,-3.4331,14.1140,0.0136,-0.0692
2026-08-01T13:18:56.265600+00:00,experiment_2_laptop,suspicious_other_screen_2_laptop,371,34.5115,1,-8.5552,13.3861,2.7753,0.7918,-5.7799,14.1779,0.0132,-0.0463
2026-08-01T13:18:56.265600+00:00,experiment_2_laptop,suspicious_other_screen_2_laptop,372,34.6047,1,-8.6062,13.6547,2.5522,0.1446,-6.0539,13.7993,0.0024,-0.0425
2026-08-01T13:18:56.265600+00:00,experiment_2_laptop,suspicious_other_screen_2_laptop,373,34.6990,1,-9.2255,13.8965,3.4494,1.3399,-5.7762,15.2364,0.0223,-0.0575
2026-08-01T13:18:56.265600+00:00,experiment_2_laptop,suspicious_other_screen_2_laptop,374,34.7994,1,-7.7750,12.9091,3.4313,0.4157,-4.3437,13.3248,0.0069,-0.0572
2026-08-01T13:18:56.265600+00:00,experiment_2_laptop,suspicious_other_screen_2_laptop,375,34.8852,1,-8.4699,13.1015,2.3704,1.2734,-6.0994,14.3749,0.0212,-0.0395
2026-08-01T13:18:56.265600+00:00,experiment_2_laptop,suspicious_other_screen_2_laptop,376,34.9798,1,-7.7723,12.7727,3.4115,1.5270,-4.3608,14.2997,0.0254,-0.0569
2026-08-01T13:18:56.265600+00:00,experiment_2_laptop,suspicious_other_screen_2_laptop,377,35.0706,1,-8.6041,13.2291,3.4922,1.3628,-5.1119,14.5919,0.0227,-0.0582
2026-08-01T13:18:56.265600+00:00,experiment_2_laptop,suspicious_other_screen_2_laptop,378,35.1597,1,-8.4049,13.3979,2.7855,0.9964,-5.6194,14.3942,0.0166,-0.0464
2026-08-01T13:18:56.265600+00:00,experiment_2_laptop,suspicious_other_screen_2_laptop,379,35.2554,1,-8.1658,12.6648,4.0288,1.2010,-4.1370,13.8658,0.0200,-0.0671
2026-08-01T13:18:56.265600+00:00,experiment_2_laptop,suspicious_other_screen_2_laptop,380,35.3477,1,-8.1750,13.4664,3.4283,1.1540,-4.7467,14.6204,0.0192,-0.0571
2026-08-01T13:18:56.265600+00:00,experiment_2_laptop,suspicious_other_screen_2_laptop,381,35.4536,1,-8.1140,12.7598,3.4034,0.8575,-4.7107,13.6173,0.0143,-0.0567
2026-08-01T13:18:56.265600+00:00,experiment_2_laptop,suspicious_other_screen_2_laptop,382,35.5372,1,-8.1852,13.2331,2.5964,1.3216,-5.5888,14.5547,0.0220,-0.0433
2026-08-01T13:18:56.265600+00:00,experiment_2_laptop,suspicious_other_screen_2_laptop,383,35.6323,1,-7.7762,12.8934,2.3845,0.6196,-5.3918,13.5130,0.0103,-0.0397
2026-08-01T13:18:56.265600+00:00,experiment_2_laptop,suspicious_other_screen_2_laptop,384,35.7232,1,-7.9920,12.7859,3.0800,0.6374,-4.9120,13.4234,0.0106,-0.0513
2026-08-01T13:18:56.265600+00:00,experiment_2_laptop,suspicious_other_screen_2_laptop,385,35.8153,1,-8.9624,13.0149,3.7606,-0.3818,-5.2019,12.6331,-0.0064,-0.0627
2026-08-01T13:18:56.265600+00:00,experiment_2_laptop,suspicious_other_screen_2_laptop,386,35.9123,1,-8.3478,13.4160,2.8718,0.3937,-5.4759,13.8097,0.0066,-0.0479
2026-08-01T13:18:56.265600+00:00,experiment_2_laptop,suspicious_other_screen_2_laptop,387,36.0015,1,-7.4366,12.7210,3.1380,0.6042,-4.2986,13.3252,0.0101,-0.0523
2026-08-01T13:18:56.265600+00:00,experiment_2_laptop,suspicious_other_screen_2_laptop,388,36.0937,1,-7.9514,13.1806,3.4964,0.4875,-4.4550,13.6681,0.0081,-0.0583
2026-08-01T13:18:56.265600+00:00,experiment_2_laptop,suspicious_other_screen_2_laptop,389,36.1866,1,-8.3029,13.0700,2.4161,0.6019,-5.8867,13.6719,0.0100,-0.0403
2026-08-01T13:18:56.265600+00:00,experiment_2_laptop,suspicious_other_screen_2_laptop,390,36.2798,1,-8.6704,13.1120,2.7647,0.6600,-5.9057,13.7720,0.0110,-0.0461
2026-08-01T13:18:56.265600+00:00,experiment_2_laptop,suspicious_other_screen_2_laptop,391,36.3728,1,-7.9567,12.8513,3.0141,0.5657,-4.9427,13.4170,0.0094,-0.0502
2026-08-01T13:18:56.265600+00:00,experiment_2_laptop,suspicious_other_screen_2_laptop,392,36.4649,1,-7.7516,12.5700,3.3188,0.6793,-4.4328,13.2492,0.0113,-0.0553
2026-08-01T13:18:56.265600+00:00,experiment_2_laptop,suspicious_other_screen_2_laptop,393,36.5648,1,-8.1819,12.4637,2.8457,0.7192,-5.3362,13.1829,0.0120,-0.0474
2026-08-01T13:18:56.265600+00:00,experiment_2_laptop,suspicious_other_screen_2_laptop,394,36.6506,1,-8.2414,12.6101,2.9675,0.6983,-5.2739,13.3084,0.0116,-0.0495
2026-08-01T13:18:56.265600+00:00,experiment_2_laptop,suspicious_other_screen_2_laptop,395,36.7464,1,-8.0424,12.9990,2.5077,-0.2933,-5.5347,12.7057,-0.0049,-0.0418
2026-08-01T13:18:56.265600+00:00,experiment_2_laptop,suspicious_other_screen_2_laptop,396,36.8373,1,-7.6716,13.0475,2.4852,-0.1219,-5.1864,12.9257,-0.0020,-0.0414
2026-08-01T13:18:56.265600+00:00,experiment_2_laptop,suspicious_other_screen_2_laptop,397,36.9303,1,-7.8723,12.8875,2.9084,-0.5946,-4.9639,12.2928,-0.0099,-0.0485
2026-08-01T13:18:56.265600+00:00,experiment_2_laptop,suspicious_other_screen_2_laptop,398,37.0236,1,-8.4244,13.1180,2.3519,0.0125,-6.0725,13.1304,0.0002,-0.0392
2026-08-01T13:18:56.265600+00:00,experiment_2_laptop,suspicious_other_screen_2_laptop,399,37.1153,1,-7.9531,12.9299,2.2282,0.0926,-5.7249,13.0225,0.0015,-0.0371
2026-08-01T13:18:56.265600+00:00,experiment_2_laptop,suspicious_other_screen_2_laptop,400,37.2102,1,-7.2538,13.0466,3.1269,-0.6151,-4.1269,12.4315,-0.0103,-0.0521
2026-08-01T13:18:56.265600+00:00,experiment_2_laptop,suspicious_other_screen_2_laptop,401,37.3019,1,-7.0022,12.6243,3.4049,0.0039,-3.5973,12.6282,0.0001,-0.0567
2026-08-01T13:18:56.265600+00:00,experiment_2_laptop,suspicious_other_screen_2_laptop,402,37.3937,1,-6.7535,12.8754,2.0898,-0.3848,-4.6637,12.4906,-0.0064,-0.0348
2026-08-01T13:18:56.265600+00:00,experiment_2_laptop,suspicious_other_screen_2_laptop,403,37.4889,1,-7.8295,13.3996,2.2433,-0.2756,-5.5862,13.1241,-0.0046,-0.0374
2026-08-01T13:18:56.265600+00:00,experiment_2_laptop,suspicious_other_screen_2_laptop,404,37.5831,1,-7.4159,12.9598,3.3737,-0.4548,-4.0422,12.5050,-0.0076,-0.0562
2026-08-01T13:18:56.265600+00:00,experiment_2_laptop,suspicious_other_screen_2_laptop,405,37.6732,1,-8.7178,13.1994,3.2417,0.2937,-5.4761,13.4931,0.0049,-0.0540
2026-08-01T13:18:56.265600+00:00,experiment_2_laptop,suspicious_other_screen_2_laptop,406,37.7657,1,-8.8507,13.1943,3.1439,-0.0877,-5.7068,13.1066,-0.0015,-0.0524
2026-08-01T13:18:56.265600+00:00,experiment_2_laptop,suspicious_other_screen_2_laptop,407,37.8660,1,-8.5865,13.7303,2.6200,-0.3993,-5.9665,13.3310,-0.0067,-0.0437
2026-08-01T13:18:56.265600+00:00,experiment_2_laptop,suspicious_other_screen_2_laptop,408,37.9517,1,-8.0319,13.4563,3.0957,-0.0028,-4.9362,13.4535,-0.0000,-0.0516
2026-08-01T13:18:56.265600+00:00,experiment_2_laptop,suspicious_other_screen_2_laptop,409,38.0485,1,-8.1535,13.2189,2.8143,-0.0322,-5.3393,13.1867,-0.0005,-0.0469
2026-08-01T13:18:56.265600+00:00,experiment_2_laptop,suspicious_other_screen_2_laptop,410,38.1381,1,-7.0712,12.8015,3.3261,-0.2482,-3.7451,12.5532,-0.0041,-0.0554
2026-08-01T13:18:56.265600+00:00,experiment_2_laptop,suspicious_other_screen_2_laptop,411,38.2336,1,-7.3772,12.8317,4.0634,-0.6950,-3.3138,12.1367,-0.0116,-0.0677
2026-08-01T13:18:56.265600+00:00,experiment_2_laptop,suspicious_other_screen_2_laptop,412,38.3256,1,-7.7456,13.3114,7.5878,-1.3386,-0.1578,11.9728,-0.0223,-0.1265
2026-08-01T13:18:56.265600+00:00,experiment_2_laptop,suspicious_other_screen_2_laptop,413,38.4198,1,-7.6738,13.5215,6.9318,-1.6473,-0.7420,11.8742,-0.0275,-0.1155
2026-08-01T13:18:56.265600+00:00,experiment_2_laptop,suspicious_other_screen_2_laptop,414,38.5157,1,-7.5470,13.8883,6.0248,-1.3331,-1.5223,12.5553,-0.0222,-0.1004
2026-08-01T13:18:56.265600+00:00,experiment_2_laptop,suspicious_other_screen_2_laptop,415,38.6034,1,-7.3403,12.8800,7.0911,-1.4313,-0.2492,11.4488,-0.0239,-0.1182
2026-08-01T13:18:56.265600+00:00,experiment_2_laptop,suspicious_other_screen_2_laptop,416,38.6958,1,-7.4373,13.5331,5.6569,-1.4377,-1.7804,12.0954,-0.0240,-0.0943
2026-08-01T13:18:56.265600+00:00,experiment_2_laptop,suspicious_other_screen_2_laptop,417,38.7904,1,-7.7421,13.1096,6.4419,-1.7550,-1.3002,11.3546,-0.0293,-0.1074
2026-08-01T13:18:56.265600+00:00,experiment_2_laptop,suspicious_other_screen_2_laptop,418,38.8833,1,-7.5726,13.2908,7.7373,-1.3346,0.1647,11.9562,-0.0222,-0.1290
2026-08-01T13:18:56.265600+00:00,experiment_2_laptop,suspicious_other_screen_2_laptop,419,38.9762,1,-7.5646,12.8330,8.0342,-0.2790,0.4696,12.5540,-0.0046,-0.1339
2026-08-01T13:18:56.265600+00:00,experiment_2_laptop,suspicious_other_screen_2_laptop,420,39.0715,1,-6.3704,12.5005,5.7801,0.6882,-0.5903,13.1887,0.0115,-0.0963
2026-08-01T13:18:56.265600+00:00,experiment_2_laptop,suspicious_other_screen_2_laptop,421,39.1599,1,-6.8286,12.5577,3.6152,0.1318,-3.2134,12.6895,0.0022,-0.0603
2026-08-01T13:18:56.265600+00:00,experiment_2_laptop,suspicious_other_screen_2_laptop,422,39.2580,1,-6.7821,12.5060,3.3482,-0.1225,-3.4339,12.3835,-0.0020,-0.0558
2026-08-01T13:18:56.265600+00:00,experiment_2_laptop,suspicious_other_screen_2_laptop,423,39.3508,1,-7.5996,12.6697,2.6123,-0.0552,-4.9873,12.6145,-0.0009,-0.0435
2026-08-01T13:18:56.265600+00:00,experiment_2_laptop,suspicious_other_screen_2_laptop,424,39.4426,1,-7.2304,12.7361,1.7553,0.5307,-5.4750,13.2668,0.0088,-0.0293
2026-08-01T13:18:56.265600+00:00,experiment_2_laptop,suspicious_other_screen_2_laptop,425,39.5369,1,-7.0539,12.3217,2.9551,-0.0652,-4.0988,12.2564,-0.0011,-0.0493
2026-08-01T13:18:56.265600+00:00,experiment_2_laptop,suspicious_other_screen_2_laptop,426,39.6333,1,-7.2535,12.3683,3.0738,-0.0359,-4.1797,12.3325,-0.0006,-0.0512
2026-08-01T13:18:56.265600+00:00,experiment_2_laptop,suspicious_other_screen_2_laptop,427,39.7196,1,-6.7998,12.2813,2.7731,-0.0310,-4.0266,12.2503,-0.0005,-0.0462
2026-08-01T13:18:56.265600+00:00,experiment_2_laptop,suspicious_other_screen_2_laptop,428,39.8156,1,-7.3262,12.5097,3.0579,0.3409,-4.2683,12.8506,0.0057,-0.0510
2026-08-01T13:18:56.265600+00:00,experiment_2_laptop,suspicious_other_screen_2_laptop,429,39.9080,1,-7.5700,12.4411,3.0956,0.2900,-4.4744,12.7311,0.0048,-0.0516
2026-08-01T13:18:56.265600+00:00,experiment_2_laptop,suspicious_other_screen_2_laptop,430,40.0002,1,-6.7693,12.4887,3.1075,-0.0864,-3.6617,12.4023,-0.0014,-0.0518
2026-08-01T13:18:56.265600+00:00,experiment_2_laptop,suspicious_other_screen_2_laptop,431,40.0932,1,-7.2930,12.7439,2.4684,-0.6101,-4.8246,12.1338,-0.0102,-0.0411
2026-08-01T13:18:56.265600+00:00,experiment_2_laptop,suspicious_other_screen_2_laptop,432,40.1847,1,-7.6979,12.0353,2.3961,0.3757,-5.3019,12.4109,0.0063,-0.0399
2026-08-01T13:18:56.265600+00:00,experiment_2_laptop,suspicious_other_screen_2_laptop,433,40.2822,1,-7.1185,12.2435,2.2656,0.3219,-4.8529,12.5653,0.0054,-0.0378
2026-08-01T13:18:56.265600+00:00,experiment_2_laptop,suspicious_other_screen_2_laptop,434,40.3726,1,-7.3000,12.3748,3.0125,0.7869,-4.2875,13.1617,0.0131,-0.0502
2026-08-01T13:18:56.265600+00:00,experiment_2_laptop,suspicious_other_screen_2_laptop,435,40.4640,1,-6.7391,12.2624,2.2514,0.3936,-4.4877,12.6560,0.0066,-0.0375
2026-08-01T13:18:56.265600+00:00,experiment_2_laptop,suspicious_other_screen_2_laptop,436,40.5600,1,-7.7461,12.9109,2.5399,0.3537,-5.2062,13.2646,0.0059,-0.0423
2026-08-01T13:18:56.265600+00:00,experiment_2_laptop,suspicious_other_screen_2_laptop,437,40.6562,1,-7.2710,12.5506,2.3988,0.4961,-4.8722,13.0467,0.0083,-0.0400
2026-08-01T13:18:56.265600+00:00,experiment_2_laptop,suspicious_other_screen_2_laptop,438,40.7466,1,-7.7691,12.6875,2.6396,0.0269,-5.1295,12.7144,0.0004,-0.0440
2026-08-01T13:18:56.265600+00:00,experiment_2_laptop,suspicious_other_screen_2_laptop,439,40.8386,1,-7.2830,12.5082,3.7503,1.2938,-3.5327,13.8020,0.0216,-0.0625
2026-08-01T13:18:56.265600+00:00,experiment_2_laptop,suspicious_other_screen_2_laptop,440,40.9310,1,-6.4042,12.3462,3.5331,0.8024,-2.8711,13.1486,0.0134,-0.0589
2026-08-01T13:18:56.265600+00:00,experiment_2_laptop,suspicious_other_screen_2_laptop,441,41.0242,1,-7.2350,12.4710,3.6063,1.3705,-3.6287,13.8415,0.0228,-0.0601
2026-08-01T13:18:56.265600+00:00,experiment_2_laptop,suspicious_other_screen_2_laptop,442,41.1182,1,-7.3006,12.5814,3.1347,0.9927,-4.1659,13.5742,0.0165,-0.0522
2026-08-01T13:18:56.265600+00:00,experiment_2_laptop,suspicious_other_screen_2_laptop,443,41.2089,1,-7.2379,12.6167,2.0565,1.0994,-5.1815,13.7161,0.0183,-0.0343
2026-08-01T13:18:56.265600+00:00,experiment_2_laptop,suspicious_other_screen_2_laptop,444,41.3034,1,-7.3956,12.9187,2.3805,0.9783,-5.0151,13.8969,0.0163,-0.0397
2026-08-01T13:18:56.265600+00:00,experiment_2_laptop,suspicious_other_screen_2_laptop,445,41.4026,1,-7.0745,12.5340,2.4387,0.8454,-4.6358,13.3794,0.0141,-0.0406
2026-08-01T13:18:56.265600+00:00,experiment_2_laptop,suspicious_other_screen_2_laptop,446,41.4879,1,-7.3690,12.8335,2.3404,0.4591,-5.0287,13.2926,0.0077,-0.0390
2026-08-01T13:18:56.265600+00:00,experiment_2_laptop,suspicious_other_screen_2_laptop,447,41.5854,1,-7.6087,12.7510,2.0122,0.2402,-5.5965,12.9913,0.0040,-0.0335
2026-08-01T13:18:56.265600+00:00,experiment_2_laptop,suspicious_other_screen_2_laptop,448,41.6739,1,-8.0925,12.9113,1.6409,1.0073,-6.4516,13.9187,0.0168,-0.0273
2026-08-01T13:18:56.265600+00:00,experiment_2_laptop,suspicious_other_screen_2_laptop,449,41.7718,1,-8.2391,12.6836,2.7066,0.3936,-5.5325,13.0773,0.0066,-0.0451
2026-08-01T13:18:56.265600+00:00,experiment_2_laptop,suspicious_other_screen_2_laptop,450,41.8615,1,-7.6034,12.6038,2.5947,0.8495,-5.0088,13.4533,0.0142,-0.0432
2026-08-01T13:18:56.265600+00:00,experiment_2_laptop,suspicious_other_screen_2_laptop,451,41.9531,1,-7.5234,12.4884,3.2605,0.8496,-4.2629,13.3380,0.0142,-0.0543
2026-08-01T13:18:56.265600+00:00,experiment_2_laptop,suspicious_other_screen_2_laptop,452,42.0523,1,-7.6067,12.6495,3.2715,1.2513,-4.3352,13.9009,0.0209,-0.0545
2026-08-01T13:18:56.265600+00:00,experiment_2_laptop,suspicious_other_screen_2_laptop,453,42.1406,1,-7.9047,12.3511,2.6625,1.0181,-5.2422,13.3692,0.0170,-0.0444
2026-08-01T13:18:56.265600+00:00,experiment_2_laptop,suspicious_other_screen_2_laptop,454,42.2317,1,-7.2026,12.5066,2.8322,1.4406,-4.3704,13.9472,0.0240,-0.0472
2026-08-01T13:18:56.265600+00:00,experiment_2_laptop,suspicious_other_screen_2_laptop,455,42.3267,1,-7.7457,12.4986,2.3490,1.2095,-5.3968,13.7080,0.0202,-0.0391
2026-08-01T13:18:56.265600+00:00,experiment_2_laptop,suspicious_other_screen_2_laptop,456,42.4195,1,-7.4601,12.1911,2.4848,1.1747,-4.9753,13.3658,0.0196,-0.0414
2026-08-01T13:18:56.265600+00:00,experiment_2_laptop,suspicious_other_screen_2_laptop,457,42.5111,1,-7.7905,12.7351,2.4789,0.8664,-5.3116,13.6015,0.0144,-0.0413
2026-08-01T13:18:56.265600+00:00,experiment_2_laptop,suspicious_other_screen_2_laptop,458,42.6058,1,-7.4049,12.3063,2.5477,0.2443,-4.8573,12.5506,0.0041,-0.0425
2026-08-01T13:18:56.265600+00:00,experiment_2_laptop,suspicious_other_screen_2_laptop,459,42.6967,1,-7.2668,13.0087,2.8619,-0.8432,-4.4049,12.1655,-0.0141,-0.0477
2026-08-01T13:18:56.265600+00:00,experiment_2_laptop,suspicious_other_screen_2_laptop,460,42.7915,1,-7.5736,12.5761,3.9351,-1.0103,-3.6384,11.5659,-0.0168,-0.0656
2026-08-01T13:18:56.265600+00:00,experiment_2_laptop,suspicious_other_screen_2_laptop,461,42.8844,1,-6.3156,11.6749,5.0595,-0.9665,-1.2562,10.7085,-0.0161,-0.0843
2026-08-01T13:18:56.265600+00:00,experiment_2_laptop,suspicious_other_screen_2_laptop,462,42.9773,1,-6.5277,11.6950,4.3948,-0.6098,-2.1329,11.0852,-0.0102,-0.0732
2026-08-01T13:18:56.265600+00:00,experiment_2_laptop,suspicious_other_screen_2_laptop,463,43.0693,1,-6.6298,11.7295,3.3466,-0.8275,-3.2832,10.9020,-0.0138,-0.0558
2026-08-01T13:18:56.265600+00:00,experiment_2_laptop,suspicious_other_screen_2_laptop,464,43.1641,1,-7.1443,12.0050,3.6599,-1.5545,-3.4844,10.4505,-0.0259,-0.0610
2026-08-01T13:18:56.265600+00:00,experiment_2_laptop,suspicious_other_screen_2_laptop,465,43.2539,1,-6.9473,12.0551,3.5378,-1.0272,-3.4095,11.0279,-0.0171,-0.0590
2026-08-01T13:18:56.265600+00:00,experiment_2_laptop,suspicious_other_screen_2_laptop,466,43.3529,1,-6.2149,11.6193,2.9033,-1.8204,-3.3116,9.7989,-0.0303,-0.0484
2026-08-01T13:18:56.265600+00:00,experiment_2_laptop,suspicious_other_screen_2_laptop,467,43.4418,1,-6.4850,11.3675,6.6855,-1.5655,0.2004,9.8021,-0.0261,-0.1114
2026-08-01T13:18:56.265600+00:00,experiment_2_laptop,suspicious_other_screen_2_laptop,468,43.5369,1,-5.8131,11.3974,5.8489,-1.7623,0.0358,9.6351,-0.0294,-0.0975
2026-08-01T13:18:56.265600+00:00,experiment_2_laptop,suspicious_other_screen_2_laptop,469,43.6286,1,-5.9493,11.0422,4.3332,-1.6676,-1.6161,9.3745,-0.0278,-0.0722
2026-08-01T13:18:56.265600+00:00,experiment_2_laptop,suspicious_other_screen_2_laptop,470,43.7224,1,-5.9131,11.0825,5.0341,-1.8476,-0.8789,9.2349,-0.0308,-0.0839
2026-08-01T13:18:56.265600+00:00,experiment_2_laptop,suspicious_other_screen_2_laptop,471,43.8197,1,-6.3191,11.0934,4.9034,-1.9021,-1.4156,9.1913,-0.0317,-0.0817
2026-08-01T13:18:56.265600+00:00,experiment_2_laptop,suspicious_other_screen_2_laptop,472,43.9084,1,-6.6427,10.6671,4.9465,-1.8622,-1.6962,8.8049,-0.0310,-0.0824
2026-08-01T13:18:56.265600+00:00,experiment_2_laptop,suspicious_other_screen_2_laptop,473,44.0000,1,-6.1334,11.1419,4.0739,-1.5868,-2.0595,9.5551,-0.0264,-0.0679
2026-08-01T13:18:56.265600+00:00,experiment_2_laptop,suspicious_other_screen_2_laptop,474,44.0945,1,-5.3836,11.0763,4.0075,-2.1010,-1.3761,8.9753,-0.0350,-0.0668
2026-08-01T13:18:56.265600+00:00,experiment_2_laptop,suspicious_other_screen_2_laptop,475,44.1871,1,-6.4311,11.5769,3.5126,-1.3313,-2.9185,10.2456,-0.0222,-0.0585
2026-08-01T13:18:56.265600+00:00,experiment_2_laptop,suspicious_other_screen_2_laptop,476,44.2806,1,-6.0613,11.5182,3.5734,-1.7672,-2.4879,9.7510,-0.0295,-0.0596
2026-08-01T13:18:56.265600+00:00,experiment_2_laptop,suspicious_other_screen_2_laptop,477,44.3721,1,-5.8673,11.1559,3.6087,-1.9788,-2.2586,9.1771,-0.0330,-0.0601
2026-08-01T13:18:56.265600+00:00,experiment_2_laptop,suspicious_other_screen_2_laptop,478,44.4745,1,-7.2777,11.7273,3.6611,-1.7022,-3.6166,10.0251,-0.0284,-0.0610
2026-08-01T13:18:56.265600+00:00,experiment_2_laptop,suspicious_other_screen_2_laptop,479,44.5582,1,-5.7731,11.3686,4.2440,-2.2247,-1.5290,9.1439,-0.0371,-0.0707
2026-08-01T13:18:56.265600+00:00,experiment_2_laptop,suspicious_other_screen_2_laptop,480,44.6530,1,-5.9280,11.3354,4.1829,-1.7379,-1.7452,9.5975,-0.0290,-0.0697
2026-08-01T13:18:56.265600+00:00,experiment_2_laptop,suspicious_other_screen_2_laptop,481,44.7464,1,-6.6415,11.1789,4.6548,-1.7216,-1.9867,9.4573,-0.0287,-0.0776
2026-08-01T13:18:56.265600+00:00,experiment_2_laptop,suspicious_other_screen_2_laptop,482,44.8383,1,-6.0400,11.4139,3.5872,-1.2440,-2.4528,10.1699,-0.0207,-0.0598
2026-08-01T13:18:56.265600+00:00,experiment_2_laptop,suspicious_other_screen_2_laptop,483,44.9315,1,-6.8111,11.1443,3.3977,-1.8421,-3.4135,9.3022,-0.0307,-0.0566
2026-08-01T13:18:56.265600+00:00,experiment_2_laptop,suspicious_other_screen_2_laptop,484,45.0232,1,-6.7433,11.3271,3.2566,-1.9319,-3.4867,9.3951,-0.0322,-0.0543
2026-08-01T13:20:41.045593+00:00,experiment_2_laptop,suspicious_phone_under_desk_2_laptop,1,0.0881,1,-3.9369,11.4928,3.6187,0.8811,-0.3183,12.3739,0.0147,-0.0603
2026-08-01T13:20:41.045593+00:00,experiment_2_laptop,suspicious_phone_under_desk_2_laptop,2,0.1806,1,-4.0065,11.5278,4.7518,0.3827,0.7452,11.9106,0.0064,-0.0792
2026-08-01T13:20:41.045593+00:00,experiment_2_laptop,suspicious_phone_under_desk_2_laptop,3,0.2739,1,-3.2618,10.8217,5.2103,1.0539,1.9485,11.8756,0.0176,-0.0868
2026-08-01T13:20:41.045593+00:00,experiment_2_laptop,suspicious_phone_under_desk_2_laptop,4,0.3664,1,-4.2145,11.4316,4.4979,0.4924,0.2834,11.9240,0.0082,-0.0750
2026-08-01T13:20:41.045593+00:00,experiment_2_laptop,suspicious_phone_under_desk_2_laptop,5,0.4595,1,-3.7151,11.4276,4.0153,1.0056,0.3002,12.4331,0.0168,-0.0669
2026-08-01T13:20:41.045593+00:00,experiment_2_laptop,suspicious_phone_under_desk_2_laptop,6,0.5541,1,-3.8872,10.9357,3.8030,0.9175,-0.0842,11.8532,0.0153,-0.0634
2026-08-01T13:20:41.045593+00:00,experiment_2_laptop,suspicious_phone_under_desk_2_laptop,7,0.6470,1,-3.5174,10.8114,4.6039,0.7676,1.0865,11.5791,0.0128,-0.0767
2026-08-01T13:20:41.045593+00:00,experiment_2_laptop,suspicious_phone_under_desk_2_laptop,8,0.7373,1,-3.5360,11.7214,3.8143,1.0394,0.2784,12.7607,0.0173,-0.0636
2026-08-01T13:20:41.045593+00:00,experiment_2_laptop,suspicious_phone_under_desk_2_laptop,9,0.8350,1,-3.3729,11.2040,3.7540,1.0755,0.3811,12.2796,0.0179,-0.0626
2026-08-01T13:20:41.045593+00:00,experiment_2_laptop,suspicious_phone_under_desk_2_laptop,10,0.9233,1,-3.8845,10.8098,4.0640,1.1834,0.1795,11.9932,0.0197,-0.0677
2026-08-01T13:20:41.045593+00:00,experiment_2_laptop,suspicious_phone_under_desk_2_laptop,11,1.0169,1,-3.3398,10.5438,2.9817,1.3013,-0.3581,11.8451,0.0217,-0.0497
2026-08-01T13:20:41.045593+00:00,experiment_2_laptop,suspicious_phone_under_desk_2_laptop,12,1.1158,1,-2.8443,9.7971,3.6916,0.8396,0.8473,10.6368,0.0140,-0.0615
2026-08-01T13:20:41.045593+00:00,experiment_2_laptop,suspicious_phone_under_desk_2_laptop,13,1.2035,1,-2.8933,9.6115,3.5836,1.1519,0.6903,10.7634,0.0192,-0.0597
2026-08-01T13:20:41.045593+00:00,experiment_2_laptop,suspicious_phone_under_desk_2_laptop,14,1.2978,1,-3.0610,9.2787,3.3858,0.9532,0.3248,10.2320,0.0159,-0.0564
2026-08-01T13:20:41.045593+00:00,experiment_2_laptop,suspicious_phone_under_desk_2_laptop,15,1.3907,1,-3.2372,9.0620,4.7288,0.6371,1.4916,9.6990,0.0106,-0.0788
2026-08-01T13:20:41.045593+00:00,experiment_2_laptop,suspicious_phone_under_desk_2_laptop,16,1.4832,1,-3.1361,8.8825,4.8737,1.2331,1.7376,10.1157,0.0206,-0.0812
2026-08-01T13:20:41.045593+00:00,experiment_2_laptop,suspicious_phone_under_desk_2_laptop,17,1.5765,1,-3.0227,9.1626,4.1706,1.0318,1.1480,10.1943,0.0172,-0.0695
2026-08-01T13:20:41.045593+00:00,experiment_2_laptop,suspicious_phone_under_desk_2_laptop,18,1.6685,1,-2.9154,9.1131,3.5498,0.5386,0.6345,9.6517,0.0090,-0.0592
2026-08-01T13:20:41.045593+00:00,experiment_2_laptop,suspicious_phone_under_desk_2_laptop,19,1.7613,1,-3.1460,9.4089,4.1116,0.6592,0.9657,10.0680,0.0110,-0.0685
2026-08-01T13:20:41.045593+00:00,experiment_2_laptop,suspicious_phone_under_desk_2_laptop,20,1.8547,1,-2.9344,9.4439,3.5386,0.6784,0.6043,10.1224,0.0113,-0.0590
2026-08-01T13:20:41.045593+00:00,experiment_2_laptop,suspicious_phone_under_desk_2_laptop,21,1.9485,1,-3.4233,9.6623,3.5440,1.2485,0.1207,10.9108,0.0208,-0.0591
2026-08-01T13:20:41.045593+00:00,experiment_2_laptop,suspicious_phone_under_desk_2_laptop,22,2.0385,1,-2.9407,8.8985,4.1631,-0.1121,1.2224,8.7863,-0.0019,-0.0694
2026-08-01T13:20:41.045593+00:00,experiment_2_laptop,suspicious_phone_under_desk_2_laptop,23,2.1344,1,-2.6709,9.6185,4.0275,-0.8340,1.3566,8.7845,-0.0139,-0.0671
2026-08-01T13:20:41.045593+00:00,experiment_2_laptop,suspicious_phone_under_desk_2_laptop,24,2.2273,1,-2.9291,9.1710,3.7222,-0.5863,0.7930,8.5847,-0.0098,-0.0620
2026-08-01T13:20:41.045593+00:00,experiment_2_laptop,suspicious_phone_under_desk_2_laptop,25,2.3194,1,-3.1740,9.6612,2.6898,-0.0471,-0.4841,9.6141,-0.0008,-0.0448
2026-08-01T13:20:41.045593+00:00,experiment_2_laptop,suspicious_phone_under_desk_2_laptop,26,2.4150,1,-3.0701,9.3260,3.1583,-0.4609,0.0882,8.8651,-0.0077,-0.0526
2026-08-01T13:20:41.045593+00:00,experiment_2_laptop,suspicious_phone_under_desk_2_laptop,27,2.5069,1,-3.4743,9.6431,3.2474,-0.5042,-0.2269,9.1389,-0.0084,-0.0541
2026-08-01T13:20:41.045593+00:00,experiment_2_laptop,suspicious_phone_under_desk_2_laptop,28,2.5986,1,-3.0625,8.7045,3.5714,-0.2036,0.5089,8.5009,-0.0034,-0.0595
2026-08-01T13:20:41.045593+00:00,experiment_2_laptop,suspicious_phone_under_desk_2_laptop,29,2.6926,1,-3.3214,8.3924,3.2836,0.3826,-0.0378,8.7750,0.0064,-0.0547
2026-08-01T13:20:41.045593+00:00,experiment_2_laptop,suspicious_phone_under_desk_2_laptop,30,2.7845,1,-3.1844,8.0797,3.5425,0.4485,0.3581,8.5281,0.0075,-0.0590
2026-08-01T13:20:41.045593+00:00,experiment_2_laptop,suspicious_phone_under_desk_2_laptop,31,2.8790,1,-3.7195,8.8456,4.3495,0.8056,0.6300,9.6512,0.0134,-0.0725
2026-08-01T13:20:41.045593+00:00,experiment_2_laptop,suspicious_phone_under_desk_2_laptop,32,2.9706,1,-3.4288,8.8861,3.4310,1.0221,0.0022,9.9082,0.0170,-0.0572
2026-08-01T13:20:41.045593+00:00,experiment_2_laptop,suspicious_phone_under_desk_2_laptop,33,3.0616,1,-3.5389,8.5527,3.5252,0.6470,-0.0137,9.1997,0.0108,-0.0588
2026-08-01T13:20:41.045593+00:00,experiment_2_laptop,suspicious_phone_under_desk_2_laptop,34,3.1580,1,-2.8511,8.7737,3.7825,0.8043,0.9313,9.5780,0.0134,-0.0630
2026-08-01T13:20:41.045593+00:00,experiment_2_laptop,suspicious_phone_under_desk_2_laptop,35,3.2511,1,-2.7029,8.2663,4.4827,0.6767,1.7798,8.9430,0.0113,-0.0747
2026-08-01T13:20:41.045593+00:00,experiment_2_laptop,suspicious_phone_under_desk_2_laptop,36,3.3437,1,-3.1910,8.2704,3.8043,0.8584,0.6133,9.1287,0.0143,-0.0634
2026-08-01T13:20:41.045593+00:00,experiment_2_laptop,suspicious_phone_under_desk_2_laptop,37,3.4377,1,-3.8876,8.5917,3.8591,1.5729,-0.0285,10.1646,0.0262,-0.0643
2026-08-01T13:20:41.045593+00:00,experiment_2_laptop,suspicious_phone_under_desk_2_laptop,38,3.5356,1,-4.2075,8.7168,4.0757,0.8399,-0.1319,9.5567,0.0140,-0.0679
2026-08-01T13:20:41.045593+00:00,experiment_2_laptop,suspicious_phone_under_desk_2_laptop,39,3.6222,1,-3.4123,8.7657,3.8039,0.9925,0.3916,9.7582,0.0165,-0.0634
2026-08-01T13:20:41.045593+00:00,experiment_2_laptop,suspicious_phone_under_desk_2_laptop,40,3.7181,1,-3.6273,8.9330,4.3630,1.2184,0.7357,10.1514,0.0203,-0.0727
2026-08-01T13:20:41.045593+00:00,experiment_2_laptop,suspicious_phone_under_desk_2_laptop,41,3.8094,1,-3.2481,9.1464,4.2074,1.5673,0.9592,10.7137,0.0261,-0.0701
2026-08-01T13:20:41.045593+00:00,experiment_2_laptop,suspicious_phone_under_desk_2_laptop,42,3.9027,1,-3.3518,8.9787,4.2451,0.9722,0.8933,9.9509,0.0162,-0.0708
2026-08-01T13:20:41.045593+00:00,experiment_2_laptop,suspicious_phone_under_desk_2_laptop,43,3.9957,1,-3.4476,9.1655,4.1268,0.8781,0.6792,10.0436,0.0146,-0.0688
2026-08-01T13:20:41.045593+00:00,experiment_2_laptop,suspicious_phone_under_desk_2_laptop,44,4.0892,1,-3.8339,9.1641,4.3059,1.0733,0.4720,10.2373,0.0179,-0.0718
2026-08-01T13:20:41.045593+00:00,experiment_2_laptop,suspicious_phone_under_desk_2_laptop,45,4.1864,1,-3.4582,8.6179,3.8191,0.7396,0.3609,9.3575,0.0123,-0.0637
2026-08-01T13:20:41.045593+00:00,experiment_2_laptop,suspicious_phone_under_desk_2_laptop,46,4.2750,1,-2.8770,8.7300,3.0570,1.1022,0.1801,9.8322,0.0184,-0.0510
2026-08-01T13:20:41.045593+00:00,experiment_2_laptop,suspicious_phone_under_desk_2_laptop,47,4.3681,1,-3.7375,9.0763,3.0435,1.0664,-0.6939,10.1428,0.0178,-0.0507
2026-08-01T13:20:41.045593+00:00,experiment_2_laptop,suspicious_phone_under_desk_2_laptop,48,4.4606,1,-3.6842,9.2025,3.7557,1.0089,0.0715,10.2114,0.0168,-0.0626
2026-08-01T13:20:41.045593+00:00,experiment_2_laptop,suspicious_phone_under_desk_2_laptop,49,4.5535,1,-3.6515,8.9452,4.1400,1.3256,0.4885,10.2708,0.0221,-0.0690
2026-08-01T13:20:41.045593+00:00,experiment_2_laptop,suspicious_phone_under_desk_2_laptop,50,4.6451,1,-3.6730,9.0248,3.5055,1.2580,-0.1675,10.2829,0.0210,-0.0584
2026-08-01T13:20:41.045593+00:00,experiment_2_laptop,suspicious_phone_under_desk_2_laptop,51,4.7396,1,-3.4799,9.7168,3.5296,1.2833,0.0497,11.0001,0.0214,-0.0588
2026-08-01T13:20:41.045593+00:00,experiment_2_laptop,suspicious_phone_under_desk_2_laptop,52,4.8358,1,-3.3821,9.6834,3.1945,1.2853,-0.1876,10.9686,0.0214,-0.0532
2026-08-01T13:20:41.045593+00:00,experiment_2_laptop,suspicious_phone_under_desk_2_laptop,53,4.9270,1,-3.7352,9.9149,3.9140,0.9142,0.1789,10.8292,0.0152,-0.0652
2026-08-01T13:20:41.045593+00:00,experiment_2_laptop,suspicious_phone_under_desk_2_laptop,54,5.0207,1,-3.4389,9.7729,3.7775,0.8180,0.3386,10.5909,0.0136,-0.0630
2026-08-01T13:20:41.045593+00:00,experiment_2_laptop,suspicious_phone_under_desk_2_laptop,55,5.1105,1,-3.5773,9.5629,4.3577,0.8120,0.7804,10.3748,0.0135,-0.0726
2026-08-01T13:20:41.045593+00:00,experiment_2_laptop,suspicious_phone_under_desk_2_laptop,56,5.2053,1,-3.4465,10.1188,3.3566,1.4806,-0.0899,11.5994,0.0247,-0.0559
2026-08-01T13:20:41.045593+00:00,experiment_2_laptop,suspicious_phone_under_desk_2_laptop,57,5.2969,1,-4.0378,9.2724,4.4083,0.6142,0.3705,9.8866,0.0102,-0.0735
2026-08-01T13:20:41.045593+00:00,experiment_2_laptop,suspicious_phone_under_desk_2_laptop,58,5.3905,1,-3.7517,8.7024,4.6691,0.8752,0.9174,9.5776,0.0146,-0.0778
2026-08-01T13:20:41.045593+00:00,experiment_2_laptop,suspicious_phone_under_desk_2_laptop,59,5.4889,1,-4.5517,8.3588,11.0657,-1.2842,6.5140,7.0746,-0.0214,-0.1844
2026-08-01T13:20:41.045593+00:00,experiment_2_laptop,suspicious_phone_under_desk_2_laptop,60,5.5761,1,-4.5224,8.5360,15.7967,-0.8786,11.2743,7.6574,-0.0146,-0.2633
2026-08-01T13:20:41.045593+00:00,experiment_2_laptop,suspicious_phone_under_desk_2_laptop,61,5.6718,1,-6.2636,7.4535,19.5609,-1.3586,13.2973,6.0949,-0.0226,-0.3260
2026-08-01T13:20:41.045593+00:00,experiment_2_laptop,suspicious_phone_under_desk_2_laptop,62,5.7633,1,-6.2374,7.1611,14.1827,-2.1942,7.9453,4.9669,-0.0366,-0.2364
2026-08-01T13:20:41.045593+00:00,experiment_2_laptop,suspicious_phone_under_desk_2_laptop,63,5.8582,1,-8.4043,6.7902,8.8559,-1.7792,0.4516,5.0110,-0.0297,-0.1476
2026-08-01T13:20:41.045593+00:00,experiment_2_laptop,suspicious_phone_under_desk_2_laptop,64,5.9479,1,-9.1944,6.1878,9.7144,-3.0077,0.5200,3.1801,-0.0501,-0.1619
2026-08-01T13:20:41.045593+00:00,experiment_2_laptop,suspicious_phone_under_desk_2_laptop,65,6.0409,1,-10.0635,5.8725,7.2320,-3.3077,-2.8315,2.5649,-0.0551,-0.1205
2026-08-01T13:20:41.045593+00:00,experiment_2_laptop,suspicious_phone_under_desk_2_laptop,66,6.1404,1,-11.8337,5.8458,-0.4733,-2.7453,-12.3070,3.1005,-0.0458,0.0079
2026-08-01T13:20:41.045593+00:00,experiment_2_laptop,suspicious_phone_under_desk_2_laptop,67,6.2274,1,-11.0767,4.9875,-13.0740,-2.7950,-24.1507,2.1926,-0.0466,0.2179
2026-08-01T13:20:41.045593+00:00,experiment_2_laptop,suspicious_phone_under_desk_2_laptop,68,6.3219,1,-12.3567,5.5709,-4.3949,-1.8463,-16.7516,3.7245,-0.0308,0.0732
2026-08-01T13:20:41.045593+00:00,experiment_2_laptop,suspicious_phone_under_desk_2_laptop,69,6.4152,1,-12.6892,5.1911,-4.2829,-0.8026,-16.9721,4.3886,-0.0134,0.0714
2026-08-01T13:20:41.045593+00:00,experiment_2_laptop,suspicious_phone_under_desk_2_laptop,70,6.5087,1,-12.5549,5.3389,-5.1286,-3.4110,-17.6834,1.9279,-0.0568,0.0855
2026-08-01T13:20:41.045593+00:00,experiment_2_laptop,suspicious_phone_under_desk_2_laptop,71,6.6002,1,-12.6259,4.5981,-5.8118,-1.6192,-18.4378,2.9789,-0.0270,0.0969
2026-08-01T13:20:41.045593+00:00,experiment_2_laptop,suspicious_phone_under_desk_2_laptop,72,6.6936,1,-12.2568,4.8566,-3.3197,-0.5619,-15.5765,4.2947,-0.0094,0.0553
2026-08-01T13:20:41.045593+00:00,experiment_2_laptop,suspicious_phone_under_desk_2_laptop,73,6.7884,1,-13.7797,4.9083,3.2229,-0.3760,-10.5568,4.5323,-0.0063,-0.0537
2026-08-01T13:20:41.045593+00:00,experiment_2_laptop,suspicious_phone_under_desk_2_laptop,74,6.8801,1,-13.2188,5.9108,6.2040,-1.4527,-7.0148,4.4581,-0.0242,-0.1034
2026-08-01T13:20:41.045593+00:00,experiment_2_laptop,suspicious_phone_under_desk_2_laptop,75,6.9717,1,-13.6021,5.7428,-1.4423,-0.2532,-15.0443,5.4896,-0.0042,0.0240
2026-08-01T13:20:41.045593+00:00,experiment_2_laptop,suspicious_phone_under_desk_2_laptop,76,7.0661,1,-14.5316,5.8977,29.8532,-0.6867,15.3216,5.2109,-0.0114,-0.4976
2026-08-01T13:20:41.045593+00:00,experiment_2_laptop,suspicious_phone_under_desk_2_laptop,77,7.1573,1,-14.8144,5.3843,37.0523,2.8135,22.2379,8.1977,0.0469,-0.6175
2026-08-01T13:20:41.045593+00:00,experiment_2_laptop,suspicious_phone_under_desk_2_laptop,78,7.2512,1,-15.4274,4.6244,24.0501,1.5922,8.6227,6.2166,0.0265,-0.4008
2026-08-01T13:20:41.045593+00:00,experiment_2_laptop,suspicious_phone_under_desk_2_laptop,79,7.3462,1,-15.5623,4.9579,10.2961,-0.0774,-5.2662,4.8804,-0.0013,-0.1716
2026-08-01T13:20:41.045593+00:00,experiment_2_laptop,suspicious_phone_under_desk_2_laptop,80,7.4393,1,-15.9455,4.8915,25.2060,2.3320,9.2605,7.2235,0.0389,-0.4201
2026-08-01T13:20:41.045593+00:00,experiment_2_laptop,suspicious_phone_under_desk_2_laptop,81,7.5321,1,-16.2152,3.4549,26.1534,2.8149,9.9382,6.2698,0.0469,-0.4359
2026-08-01T13:20:41.045593+00:00,experiment_2_laptop,suspicious_phone_under_desk_2_laptop,82,7.6230,1,-15.5009,4.5674,21.0199,-0.2941,5.5190,4.2732,-0.0049,-0.3503
2026-08-01T13:20:41.045593+00:00,experiment_2_laptop,suspicious_phone_under_desk_2_laptop,83,7.7173,1,-16.6400,5.1284,19.6683,1.9330,3.0282,7.0614,0.0322,-0.3278
2026-08-01T13:20:41.045593+00:00,experiment_2_laptop,suspicious_phone_under_desk_2_laptop,84,7.8105,1,-15.5898,6.4657,19.0018,2.7321,3.4119,9.1978,0.0455,-0.3167
2026-08-01T13:20:41.045593+00:00,experiment_2_laptop,suspicious_phone_under_desk_2_laptop,85,7.9081,1,-14.5574,4.1209,29.2135,-1.8759,14.6560,2.2450,-0.0313,-0.4869
2026-08-01T13:20:41.045593+00:00,experiment_2_laptop,suspicious_phone_under_desk_2_laptop,86,7.9955,1,-14.7621,5.6404,19.0706,-1.3511,4.3085,4.2893,-0.0225,-0.3178
2026-08-01T13:20:41.045593+00:00,experiment_2_laptop,suspicious_phone_under_desk_2_laptop,87,8.0881,1,-14.7617,5.5780,39.0360,-0.0670,24.2743,5.5110,-0.0011,-0.6506
2026-08-01T13:20:41.045593+00:00,experiment_2_laptop,suspicious_phone_under_desk_2_laptop,88,8.1831,1,-13.5925,4.0723,23.5445,0.0278,9.9521,4.1001,0.0005,-0.3924
2026-08-01T13:20:41.045593+00:00,experiment_2_laptop,suspicious_phone_under_desk_2_laptop,89,8.2760,1,-15.5386,4.9997,-14.5681,0.8110,-30.1067,5.8108,0.0135,0.2428
2026-08-01T13:20:41.045593+00:00,experiment_2_laptop,suspicious_phone_under_desk_2_laptop,90,8.3735,1,-14.0019,3.8367,1.4215,-1.1474,-12.5803,2.6893,-0.0191,-0.0237
2026-08-01T13:20:41.045593+00:00,experiment_2_laptop,suspicious_phone_under_desk_2_laptop,91,8.4604,1,-15.2004,4.3058,23.1493,-0.2076,7.9490,4.0982,-0.0035,-0.3858
2026-08-01T13:20:41.045593+00:00,experiment_2_laptop,suspicious_phone_under_desk_2_laptop,92,8.5564,1,-15.9234,5.3637,20.5503,1.1405,4.6268,6.5042,0.0190,-0.3425
2026-08-01T13:20:41.045593+00:00,experiment_2_laptop,suspicious_phone_under_desk_2_laptop,93,8.6478,1,-15.1075,4.8141,29.5220,2.9911,14.4146,7.8053,0.0499,-0.4920
2026-08-01T13:20:41.045593+00:00,experiment_2_laptop,suspicious_phone_under_desk_2_laptop,94,8.7408,1,-15.5086,4.6398,13.1641,1.6196,-2.3446,6.2594,0.0270,-0.2194
2026-08-01T13:20:41.045593+00:00,experiment_2_laptop,suspicious_phone_under_desk_2_laptop,95,8.8342,1,-15.0477,5.2981,29.5198,-0.7906,14.4721,4.5075,-0.0132,-0.4920
2026-08-01T13:20:41.045593+00:00,experiment_2_laptop,suspicious_phone_under_desk_2_laptop,96,8.9257,1,-15.3572,6.3285,44.9683,1.8797,29.6111,8.2082,0.0313,-0.7495
2026-08-01T13:20:41.045593+00:00,experiment_2_laptop,suspicious_phone_under_desk_2_laptop,97,9.0248,1,-15.1715,5.0630,32.8325,2.0978,17.6610,7.1607,0.0350,-0.5472
2026-08-01T13:20:41.045593+00:00,experiment_2_laptop,suspicious_phone_under_desk_2_laptop,98,9.1132,1,-15.4369,5.1681,18.0666,0.5338,2.6296,5.7019,0.0089,-0.3011
2026-08-01T13:20:41.045593+00:00,experiment_2_laptop,suspicious_phone_under_desk_2_laptop,99,9.2053,1,-15.9401,4.4752,29.2710,0.2749,13.3309,4.7501,0.0046,-0.4879
2026-08-01T13:20:41.045593+00:00,experiment_2_laptop,suspicious_phone_under_desk_2_laptop,100,9.2997,1,-15.0804,3.6975,12.2422,-1.4965,-2.8381,2.2010,-0.0249,-0.2040
2026-08-01T13:20:41.045593+00:00,experiment_2_laptop,suspicious_phone_under_desk_2_laptop,101,9.3926,1,-15.9398,5.6094,18.6431,-2.0241,2.7033,3.5853,-0.0337,-0.3107
2026-08-01T13:20:41.045593+00:00,experiment_2_laptop,suspicious_phone_under_desk_2_laptop,102,9.4857,1,-14.6940,3.6935,22.6769,1.2893,7.9829,4.9827,0.0215,-0.3779
2026-08-01T13:20:41.045593+00:00,experiment_2_laptop,suspicious_phone_under_desk_2_laptop,103,9.5770,1,-15.9160,4.4034,12.0334,-1.8306,-3.8826,2.5728,-0.0305,-0.2006
2026-08-01T13:20:41.045593+00:00,experiment_2_laptop,suspicious_phone_under_desk_2_laptop,104,9.6746,1,-16.4961,6.9948,1.4885,0.8054,-15.0076,7.8002,0.0134,-0.0248
2026-08-01T13:20:41.045593+00:00,experiment_2_laptop,suspicious_phone_under_desk_2_laptop,105,9.7652,1,-16.2299,4.0248,12.6291,0.8576,-3.6007,4.8824,0.0143,-0.2105
2026-08-01T13:20:41.045593+00:00,experiment_2_laptop,suspicious_phone_under_desk_2_laptop,106,9.8577,1,-15.7863,5.4430,9.5287,-0.7768,-6.2576,4.6662,-0.0129,-0.1588
2026-08-01T13:20:41.045593+00:00,experiment_2_laptop,suspicious_phone_under_desk_2_laptop,107,9.9491,1,-15.7494,4.7551,17.7256,0.7682,1.9762,5.5233,0.0128,-0.2954
2026-08-01T13:20:41.045593+00:00,experiment_2_laptop,suspicious_phone_under_desk_2_laptop,108,10.0434,1,-15.8417,5.0880,14.3840,0.4628,-1.4576,5.5507,0.0077,-0.2397
2026-08-01T13:20:41.045593+00:00,experiment_2_laptop,suspicious_phone_under_desk_2_laptop,109,10.1349,1,-15.3608,5.4330,13.4565,0.6410,-1.9043,6.0741,0.0107,-0.2243
2026-08-01T13:20:41.045593+00:00,experiment_2_laptop,suspicious_phone_under_desk_2_laptop,110,10.2302,1,-15.7746,4.8730,13.6618,-0.0935,-2.1128,4.7795,-0.0016,-0.2277
2026-08-01T13:20:41.045593+00:00,experiment_2_laptop,suspicious_phone_under_desk_2_laptop,111,10.3225,1,-15.6043,3.9723,11.4447,-0.2463,-4.1596,3.7260,-0.0041,-0.1907
2026-08-01T13:20:41.045593+00:00,experiment_2_laptop,suspicious_phone_under_desk_2_laptop,112,10.4147,1,-17.0694,6.3756,7.2274,-0.1619,-9.8421,6.2137,-0.0027,-0.1205
2026-08-01T13:20:41.045593+00:00,experiment_2_laptop,suspicious_phone_under_desk_2_laptop,113,10.5073,1,-15.6588,4.1294,13.0584,1.6200,-2.6004,5.7494,0.0270,-0.2176
2026-08-01T13:20:41.045593+00:00,experiment_2_laptop,suspicious_phone_under_desk_2_laptop,114,10.6008,1,-16.1049,4.8734,13.3343,1.1492,-2.7706,6.0226,0.0192,-0.2222
2026-08-01T13:20:41.045593+00:00,experiment_2_laptop,suspicious_phone_under_desk_2_laptop,115,10.6948,1,-16.0693,4.0835,0.4511,-0.3487,-15.6182,3.7348,-0.0058,-0.0075
2026-08-01T13:20:41.045593+00:00,experiment_2_laptop,suspicious_phone_under_desk_2_laptop,116,10.7911,1,-16.3490,4.7380,-3.5726,-1.7576,-19.9216,2.9804,-0.0293,0.0595
2026-08-01T13:20:41.045593+00:00,experiment_2_laptop,suspicious_phone_under_desk_2_laptop,117,10.8794,1,-15.8821,3.8764,12.8435,-0.7812,-3.0387,3.0952,-0.0130,-0.2141
2026-08-01T13:20:41.045593+00:00,experiment_2_laptop,suspicious_phone_under_desk_2_laptop,118,10.9754,1,-15.0527,4.7418,7.1656,-1.9039,-7.8871,2.8379,-0.0317,-0.1194
2026-08-01T13:20:41.045593+00:00,experiment_2_laptop,suspicious_phone_under_desk_2_laptop,119,11.0652,1,-16.6169,4.2101,7.6497,-0.8084,-8.9672,3.4017,-0.0135,-0.1275
2026-08-01T13:20:41.045593+00:00,experiment_2_laptop,suspicious_phone_under_desk_2_laptop,120,11.1611,1,-16.4581,5.5588,12.2921,0.4466,-4.1660,6.0053,0.0074,-0.2049
2026-08-01T13:20:41.045593+00:00,experiment_2_laptop,suspicious_phone_under_desk_2_laptop,121,11.2525,1,-16.7257,3.8895,12.2520,-1.8487,-4.4737,2.0407,-0.0308,-0.2042
2026-08-01T13:20:41.045593+00:00,experiment_2_laptop,suspicious_phone_under_desk_2_laptop,122,11.3463,1,-16.2878,4.3411,21.6304,0.1807,5.3426,4.5218,0.0030,-0.3605
2026-08-01T13:20:41.045593+00:00,experiment_2_laptop,suspicious_phone_under_desk_2_laptop,123,11.4427,1,-15.3624,3.9330,15.7691,2.1174,0.4067,6.0504,0.0353,-0.2628
2026-08-01T13:20:41.045593+00:00,experiment_2_laptop,suspicious_phone_under_desk_2_laptop,124,11.5331,1,-16.3360,4.4055,17.9659,2.9347,1.6299,7.3402,0.0489,-0.2994
2026-08-01T13:20:41.045593+00:00,experiment_2_laptop,suspicious_phone_under_desk_2_laptop,125,11.6253,1,-16.3094,4.3241,15.8453,0.7600,-0.4641,5.0841,0.0127,-0.2641
2026-08-01T13:20:41.045593+00:00,experiment_2_laptop,suspicious_phone_under_desk_2_laptop,126,11.7186,1,-16.4301,6.1719,10.9274,1.0856,-5.5028,7.2575,0.0181,-0.1821
2026-08-01T13:20:41.045593+00:00,experiment_2_laptop,suspicious_phone_under_desk_2_laptop,127,11.8099,1,-15.7423,3.9306,24.1884,3.7074,8.4462,7.6380,0.0618,-0.4031
2026-08-01T13:20:41.045593+00:00,experiment_2_laptop,suspicious_phone_under_desk_2_laptop,128,11.9046,1,-16.6093,4.1935,18.5024,2.0654,1.8931,6.2589,0.0344,-0.3084
2026-08-01T13:20:41.045593+00:00,experiment_2_laptop,suspicious_phone_under_desk_2_laptop,129,11.9961,1,-15.3868,4.5282,15.8601,-2.6883,0.4733,1.8399,-0.0448,-0.2643
2026-08-01T13:20:41.045593+00:00,experiment_2_laptop,suspicious_phone_under_desk_2_laptop,130,12.0918,1,-15.5908,3.5375,5.6475,-0.3053,-9.9433,3.2323,-0.0051,-0.0941
2026-08-01T13:20:41.045593+00:00,experiment_2_laptop,suspicious_phone_under_desk_2_laptop,131,12.1837,1,-15.4229,5.4614,14.9436,-0.0487,-0.4793,5.4127,-0.0008,-0.2491
2026-08-01T13:20:41.045593+00:00,experiment_2_laptop,suspicious_phone_under_desk_2_laptop,132,12.2765,1,-15.0285,4.8155,11.4803,3.7688,-3.5482,8.5843,0.0628,-0.1913
2026-08-01T13:20:41.045593+00:00,experiment_2_laptop,suspicious_phone_under_desk_2_laptop,133,12.3690,1,-14.9773,4.8346,8.5410,2.8797,-6.4363,7.7143,0.0480,-0.1423
2026-08-01T13:20:41.045593+00:00,experiment_2_laptop,suspicious_phone_under_desk_2_laptop,134,12.4611,1,-15.3934,5.6062,19.8962,0.6341,4.5028,6.2403,0.0106,-0.3316
2026-08-01T13:20:41.045593+00:00,experiment_2_laptop,suspicious_phone_under_desk_2_laptop,135,12.5543,1,-14.9733,3.1775,17.9238,1.5780,2.9504,4.7555,0.0263,-0.2987
2026-08-01T13:20:41.045593+00:00,experiment_2_laptop,suspicious_phone_under_desk_2_laptop,136,12.6473,1,-15.4508,5.3901,33.0836,-0.9150,17.6328,4.4751,-0.0152,-0.5514
2026-08-01T13:20:41.045593+00:00,experiment_2_laptop,suspicious_phone_under_desk_2_laptop,137,12.7433,1,-16.0571,3.8280,17.3963,1.4207,1.3392,5.2487,0.0237,-0.2899
2026-08-01T13:20:41.045593+00:00,experiment_2_laptop,suspicious_phone_under_desk_2_laptop,138,12.8351,1,-16.0291,6.7716,22.8743,1.2844,6.8452,8.0561,0.0214,-0.3812
2026-08-01T13:20:41.045593+00:00,experiment_2_laptop,suspicious_phone_under_desk_2_laptop,139,12.9280,1,-15.7968,4.7257,16.5863,0.4978,0.7895,5.2235,0.0083,-0.2764
2026-08-01T13:20:41.045593+00:00,experiment_2_laptop,suspicious_phone_under_desk_2_laptop,140,13.0196,1,-15.5137,6.0265,20.6546,-0.9623,5.1409,5.0642,-0.0160,-0.3442
2026-08-01T13:20:41.045593+00:00,experiment_2_laptop,suspicious_phone_under_desk_2_laptop,141,13.1140,1,-14.7650,4.4748,18.5514,0.9760,3.7864,5.4508,0.0163,-0.3092
2026-08-01T13:20:41.045593+00:00,experiment_2_laptop,suspicious_phone_under_desk_2_laptop,142,13.2071,1,-14.9849,4.0536,18.2071,1.0641,3.2221,5.1178,0.0177,-0.3035
2026-08-01T13:20:41.045593+00:00,experiment_2_laptop,suspicious_phone_under_desk_2_laptop,143,13.3011,1,-15.7585,4.2930,14.6025,-1.8818,-1.1560,2.4112,-0.0314,-0.2434
2026-08-01T13:20:41.045593+00:00,experiment_2_laptop,suspicious_phone_under_desk_2_laptop,144,13.3952,1,-15.5008,4.4058,31.3572,0.3075,15.8565,4.7133,0.0051,-0.5226
2026-08-01T13:20:41.045593+00:00,experiment_2_laptop,suspicious_phone_under_desk_2_laptop,145,13.4861,1,-14.6950,3.8722,20.2422,0.9358,5.5471,4.8080,0.0156,-0.3374
2026-08-01T13:20:41.045593+00:00,experiment_2_laptop,suspicious_phone_under_desk_2_laptop,146,13.5812,1,-15.7967,5.7371,11.8342,0.2651,-3.9625,6.0022,0.0044,-0.1972
2026-08-01T13:20:41.045593+00:00,experiment_2_laptop,suspicious_phone_under_desk_2_laptop,147,13.6709,1,-15.1209,4.6163,21.6891,1.4853,6.5682,6.1016,0.0248,-0.3615
2026-08-01T13:20:41.045593+00:00,experiment_2_laptop,suspicious_phone_under_desk_2_laptop,148,13.7639,1,-14.5916,4.0305,20.7340,3.8992,6.1424,7.9297,0.0650,-0.3456
2026-08-01T13:20:41.045593+00:00,experiment_2_laptop,suspicious_phone_under_desk_2_laptop,149,13.8644,1,-15.8486,5.2697,35.8572,0.8224,20.0086,6.0921,0.0137,-0.5976
2026-08-01T13:20:41.045593+00:00,experiment_2_laptop,suspicious_phone_under_desk_2_laptop,150,13.9506,1,-15.2250,5.7948,31.3527,2.2920,16.1278,8.0868,0.0382,-0.5225
2026-08-01T13:20:41.045593+00:00,experiment_2_laptop,suspicious_phone_under_desk_2_laptop,151,14.0448,1,-15.5153,3.5026,38.3891,4.2907,22.8738,7.7933,0.0715,-0.6398
2026-08-01T13:20:41.045593+00:00,experiment_2_laptop,suspicious_phone_under_desk_2_laptop,152,14.1347,1,-15.8125,5.6005,18.3949,0.8704,2.5823,6.4709,0.0145,-0.3066
2026-08-01T13:20:41.045593+00:00,experiment_2_laptop,suspicious_phone_under_desk_2_laptop,153,14.2308,1,-15.4412,5.2968,19.2096,2.6917,3.7685,7.9886,0.0449,-0.3202
2026-08-01T13:20:41.045593+00:00,experiment_2_laptop,suspicious_phone_under_desk_2_laptop,154,14.3226,1,-15.0742,4.0597,18.3678,-0.7034,3.2935,3.3563,-0.0117,-0.3061
2026-08-01T13:20:41.045593+00:00,experiment_2_laptop,suspicious_phone_under_desk_2_laptop,155,14.4180,1,-15.0776,4.2730,20.2547,1.6337,5.1771,5.9067,0.0272,-0.3376
2026-08-01T13:20:41.045593+00:00,experiment_2_laptop,suspicious_phone_under_desk_2_laptop,156,14.5115,1,-15.9366,5.9239,19.4548,-0.1365,3.5182,5.7875,-0.0023,-0.3242
2026-08-01T13:20:41.045593+00:00,experiment_2_laptop,suspicious_phone_under_desk_2_laptop,157,14.6019,1,-15.5578,5.2326,26.1228,-0.5128,10.5650,4.7198,-0.0085,-0.4354
2026-08-01T13:20:41.045593+00:00,experiment_2_laptop,suspicious_phone_under_desk_2_laptop,158,14.6957,1,-15.2457,4.2931,28.3300,4.0840,13.0843,8.3771,0.0681,-0.4722
2026-08-01T13:20:41.045593+00:00,experiment_2_laptop,suspicious_phone_under_desk_2_laptop,159,14.7887,1,-15.5251,4.9736,27.7110,1.1163,12.1859,6.0899,0.0186,-0.4618
2026-08-01T13:20:41.045593+00:00,experiment_2_laptop,suspicious_phone_under_desk_2_laptop,160,14.8817,1,-14.9337,4.7331,25.0485,3.7967,10.1148,8.5298,0.0633,-0.4175
2026-08-01T13:20:41.045593+00:00,experiment_2_laptop,suspicious_phone_under_desk_2_laptop,161,14.9794,1,-15.3109,5.1550,20.4802,1.8664,5.1692,7.0214,0.0311,-0.3413
2026-08-01T13:20:41.045593+00:00,experiment_2_laptop,suspicious_phone_under_desk_2_laptop,162,15.0679,1,-13.8086,4.5735,31.8870,3.2568,18.0784,7.8303,0.0543,-0.5314
2026-08-01T13:20:41.045593+00:00,experiment_2_laptop,suspicious_phone_under_desk_2_laptop,163,15.1608,1,-16.2574,6.0365,29.8740,-0.2640,13.6166,5.7725,-0.0044,-0.4979
2026-08-01T13:20:41.045593+00:00,experiment_2_laptop,suspicious_phone_under_desk_2_laptop,164,15.2546,1,-15.4187,4.7357,11.6510,2.4754,-3.7677,7.2111,0.0413,-0.1942
2026-08-01T13:20:41.045593+00:00,experiment_2_laptop,suspicious_phone_under_desk_2_laptop,165,15.3498,1,-16.0052,5.3619,24.0441,1.2500,8.0389,6.6118,0.0208,-0.4007
2026-08-01T13:20:41.045593+00:00,experiment_2_laptop,suspicious_phone_under_desk_2_laptop,166,15.4421,1,-15.4311,5.1007,17.4888,-0.5096,2.0577,4.5911,-0.0085,-0.2915
2026-08-01T13:20:41.045593+00:00,experiment_2_laptop,suspicious_phone_under_desk_2_laptop,167,15.5346,1,-15.3807,5.4580,31.3310,4.2375,15.9502,9.6955,0.0706,-0.5222
2026-08-01T13:20:41.045593+00:00,experiment_2_laptop,suspicious_phone_under_desk_2_laptop,168,15.6329,1,-15.9633,5.1247,18.0959,3.8309,2.1326,8.9557,0.0638,-0.3016
2026-08-01T13:20:41.045593+00:00,experiment_2_laptop,suspicious_phone_under_desk_2_laptop,169,15.7183,1,-16.3699,5.8934,27.6699,1.0389,11.2999,6.9322,0.0173,-0.4612
2026-08-01T13:20:41.045593+00:00,experiment_2_laptop,suspicious_phone_under_desk_2_laptop,170,15.8130,1,-14.5747,5.2362,12.2723,1.1129,-2.3024,6.3491,0.0185,-0.2045
2026-08-01T13:20:41.045593+00:00,experiment_2_laptop,suspicious_phone_under_desk_2_laptop,171,15.9053,1,-16.1916,6.4229,16.5227,1.2450,0.3311,7.6679,0.0208,-0.2754
2026-08-01T13:20:41.045593+00:00,experiment_2_laptop,suspicious_phone_under_desk_2_laptop,172,15.9988,1,-14.3623,4.9807,14.4448,2.1028,0.0824,7.0835,0.0350,-0.2407
2026-08-01T13:20:41.045593+00:00,experiment_2_laptop,suspicious_phone_under_desk_2_laptop,173,16.0918,1,-15.3061,3.9079,19.8330,3.5286,4.5268,7.4364,0.0588,-0.3305
2026-08-01T13:20:41.045593+00:00,experiment_2_laptop,suspicious_phone_under_desk_2_laptop,174,16.1849,1,-16.0445,5.4818,32.0892,0.5276,16.0447,6.0094,0.0088,-0.5348
2026-08-01T13:20:41.045593+00:00,experiment_2_laptop,suspicious_phone_under_desk_2_laptop,175,16.2777,1,-15.5366,5.7730,24.9835,0.0220,9.4469,5.7950,0.0004,-0.4164
2026-08-01T13:20:41.045593+00:00,experiment_2_laptop,suspicious_phone_under_desk_2_laptop,176,16.3719,1,-14.7480,5.1381,11.6366,7.4432,-3.1113,12.5813,0.1241,-0.1939
2026-08-01T13:20:41.045593+00:00,experiment_2_laptop,suspicious_phone_under_desk_2_laptop,177,16.4691,1,-15.6061,4.6558,26.1683,0.5126,10.5622,5.1684,0.0085,-0.4361
2026-08-01T13:20:41.045593+00:00,experiment_2_laptop,suspicious_phone_under_desk_2_laptop,178,16.5558,1,-15.4568,5.8309,28.8900,-1.1451,13.4332,4.6858,-0.0191,-0.4815
2026-08-01T13:20:41.045593+00:00,experiment_2_laptop,suspicious_phone_under_desk_2_laptop,179,16.6498,1,-14.2278,4.8038,8.1998,0.3077,-6.0280,5.1114,0.0051,-0.1367
2026-08-01T13:20:41.045593+00:00,experiment_2_laptop,suspicious_phone_under_desk_2_laptop,180,16.7418,1,-15.2724,4.8931,22.5091,0.6850,7.2367,5.5781,0.0114,-0.3752
2026-08-01T13:20:41.045593+00:00,experiment_2_laptop,suspicious_phone_under_desk_2_laptop,181,16.8352,1,-16.0614,5.6770,16.2637,1.4382,0.2023,7.1152,0.0240,-0.2711
2026-08-01T13:20:41.045593+00:00,experiment_2_laptop,suspicious_phone_under_desk_2_laptop,182,16.9292,1,-15.3559,4.4163,21.1044,2.0611,5.7485,6.4774,0.0344,-0.3517
2026-08-01T13:20:41.045593+00:00,experiment_2_laptop,suspicious_phone_under_desk_2_laptop,183,17.0232,1,-15.0006,4.8199,42.8712,0.8350,27.8706,5.6550,0.0139,-0.7145
2026-08-01T13:20:41.045593+00:00,experiment_2_laptop,suspicious_phone_under_desk_2_laptop,184,17.1215,1,-15.6321,5.1422,27.4295,1.6541,11.7974,6.7963,0.0276,-0.4572
2026-08-01T13:20:41.045593+00:00,experiment_2_laptop,suspicious_phone_under_desk_2_laptop,185,17.2089,1,-15.5229,4.7087,28.5559,2.7333,13.0331,7.4420,0.0456,-0.4759
2026-08-01T13:20:41.045593+00:00,experiment_2_laptop,suspicious_phone_under_desk_2_laptop,186,17.3041,1,-15.1617,4.6115,20.7804,0.3819,5.6188,4.9933,0.0064,-0.3463
2026-08-01T13:20:41.045593+00:00,experiment_2_laptop,suspicious_phone_under_desk_2_laptop,187,17.4022,1,-15.6168,5.6271,14.3773,1.4998,-1.2395,7.1269,0.0250,-0.2396
2026-08-01T13:20:41.045593+00:00,experiment_2_laptop,suspicious_phone_under_desk_2_laptop,188,17.4866,1,-15.4439,5.2979,24.0045,2.6038,8.5606,7.9017,0.0434,-0.4001
2026-08-01T13:20:41.045593+00:00,experiment_2_laptop,suspicious_phone_under_desk_2_laptop,189,17.5825,1,-15.2397,5.2237,16.6078,1.5106,1.3681,6.7343,0.0252,-0.2768
2026-08-01T13:20:41.045593+00:00,experiment_2_laptop,suspicious_phone_under_desk_2_laptop,190,17.6733,1,-14.6333,5.3672,32.9975,3.8046,18.3642,9.1718,0.0634,-0.5500
2026-08-01T13:20:41.045593+00:00,experiment_2_laptop,suspicious_phone_under_desk_2_laptop,191,17.7669,1,-15.3233,6.0262,35.5428,0.5238,20.2195,6.5500,0.0087,-0.5924
2026-08-01T13:20:41.045593+00:00,experiment_2_laptop,suspicious_phone_under_desk_2_laptop,192,17.8599,1,-14.7644,5.4738,22.8650,4.1184,8.1007,9.5922,0.0686,-0.3811
2026-08-01T13:20:41.045593+00:00,experiment_2_laptop,suspicious_phone_under_desk_2_laptop,193,17.9518,1,-14.5830,5.8226,18.1725,2.2857,3.5895,8.1083,0.0381,-0.3029
2026-08-01T13:20:41.045593+00:00,experiment_2_laptop,suspicious_phone_under_desk_2_laptop,194,18.0489,1,-14.9110,4.5879,11.5570,-1.4331,-3.3540,3.1549,-0.0239,-0.1926
2026-08-01T13:20:41.045593+00:00,experiment_2_laptop,suspicious_phone_under_desk_2_laptop,195,18.1392,1,-15.8532,5.2805,26.1054,-0.2414,10.2522,5.0392,-0.0040,-0.4351
2026-08-01T13:20:41.045593+00:00,experiment_2_laptop,suspicious_phone_under_desk_2_laptop,196,18.2344,1,-15.2817,4.1842,28.7326,1.6673,13.4509,5.8515,0.0278,-0.4789
2026-08-01T13:20:41.045593+00:00,experiment_2_laptop,suspicious_phone_under_desk_2_laptop,197,18.3261,1,-15.5638,5.8445,13.8376,-0.2261,-1.7262,5.6183,-0.0038,-0.2306
2026-08-01T13:20:41.045593+00:00,experiment_2_laptop,suspicious_phone_under_desk_2_laptop,198,18.4179,1,-15.0203,5.6833,16.9649,5.1798,1.9445,10.8631,0.0863,-0.2827
2026-08-01T13:20:41.045593+00:00,experiment_2_laptop,suspicious_phone_under_desk_2_laptop,199,18.5112,1,-15.0883,5.3945,29.2902,1.2292,14.2019,6.6236,0.0205,-0.4882
2026-08-01T13:20:41.045593+00:00,experiment_2_laptop,suspicious_phone_under_desk_2_laptop,200,18.6025,1,-15.3906,6.7168,21.0992,2.8874,5.7086,9.6042,0.0481,-0.3517
2026-08-01T13:20:41.045593+00:00,experiment_2_laptop,suspicious_phone_under_desk_2_laptop,201,18.6952,1,-15.8417,4.2649,7.9006,1.7949,-7.9412,6.0597,0.0299,-0.1317
2026-08-01T13:20:41.045593+00:00,experiment_2_laptop,suspicious_phone_under_desk_2_laptop,202,18.7898,1,-15.9942,4.1677,10.3135,2.6431,-5.6807,6.8108,0.0441,-0.1719
2026-08-01T13:20:41.045593+00:00,experiment_2_laptop,suspicious_phone_under_desk_2_laptop,203,18.8843,1,-15.6703,5.1399,13.0750,0.7096,-2.5954,5.8495,0.0118,-0.2179
2026-08-01T13:20:41.045593+00:00,experiment_2_laptop,suspicious_phone_under_desk_2_laptop,204,18.9746,1,-15.2084,5.6548,7.0013,1.4281,-8.2071,7.0828,0.0238,-0.1167
2026-08-01T13:20:41.045593+00:00,experiment_2_laptop,suspicious_phone_under_desk_2_laptop,205,19.0689,1,-15.1699,5.3698,24.5598,1.8865,9.3899,7.2563,0.0314,-0.4093
2026-08-01T13:20:41.045593+00:00,experiment_2_laptop,suspicious_phone_under_desk_2_laptop,206,19.1617,1,-15.0913,5.0998,10.2877,5.3678,-4.8036,10.4676,0.0895,-0.1715
2026-08-01T13:20:41.045593+00:00,experiment_2_laptop,suspicious_phone_under_desk_2_laptop,207,19.2539,1,-15.0750,4.6743,9.6664,0.4989,-5.4086,5.1732,0.0083,-0.1611
2026-08-01T13:20:41.045593+00:00,experiment_2_laptop,suspicious_phone_under_desk_2_laptop,208,19.3516,1,-15.7935,4.3347,4.7933,1.3310,-11.0002,5.6657,0.0222,-0.0799
2026-08-01T13:20:41.045593+00:00,experiment_2_laptop,suspicious_phone_under_desk_2_laptop,209,19.4417,1,-16.4108,6.1988,13.3033,2.8696,-3.1075,9.0684,0.0478,-0.2217
2026-08-01T13:20:41.045593+00:00,experiment_2_laptop,suspicious_phone_under_desk_2_laptop,210,19.5345,1,-15.5462,6.1658,8.3869,2.5248,-7.1593,8.6906,0.0421,-0.1398
2026-08-01T13:20:41.045593+00:00,experiment_2_laptop,suspicious_phone_under_desk_2_laptop,211,19.6274,1,-15.1667,4.9656,15.5056,1.3259,0.3389,6.2915,0.0221,-0.2584
2026-08-01T13:20:41.045593+00:00,experiment_2_laptop,suspicious_phone_under_desk_2_laptop,212,19.7203,1,-15.7244,5.7067,9.1924,1.8984,-6.5319,7.6051,0.0316,-0.1532
2026-08-01T13:20:41.045593+00:00,experiment_2_laptop,suspicious_phone_under_desk_2_laptop,213,19.8195,1,-15.5165,5.3663,11.1438,1.2343,-4.3728,6.6007,0.0206,-0.1857
2026-08-01T13:20:41.045593+00:00,experiment_2_laptop,suspicious_phone_under_desk_2_laptop,214,19.9069,1,-15.3216,6.0729,6.1619,3.9658,-9.1597,10.0386,0.0661,-0.1027
2026-08-01T13:20:41.045593+00:00,experiment_2_laptop,suspicious_phone_under_desk_2_laptop,215,20.0013,1,-15.0503,4.5760,22.7902,4.1929,7.7399,8.7689,0.0699,-0.3798
2026-08-01T13:20:41.045593+00:00,experiment_2_laptop,suspicious_phone_under_desk_2_laptop,216,20.0910,1,-15.0419,4.9612,6.9351,1.0995,-8.1068,6.0607,0.0183,-0.1156
2026-08-01T13:20:41.045593+00:00,experiment_2_laptop,suspicious_phone_under_desk_2_laptop,217,20.1856,1,-15.3146,4.4494,9.8979,-0.6238,-5.4167,3.8256,-0.0104,-0.1650
2026-08-01T13:20:41.045593+00:00,experiment_2_laptop,suspicious_phone_under_desk_2_laptop,218,20.2770,1,-15.6203,3.7465,14.2459,-0.0467,-1.3744,3.6998,-0.0008,-0.2374
2026-08-01T13:20:41.045593+00:00,experiment_2_laptop,suspicious_phone_under_desk_2_laptop,219,20.3704,1,-16.3263,4.2326,27.6695,1.8235,11.3432,6.0561,0.0304,-0.4612
2026-08-01T13:20:41.045593+00:00,experiment_2_laptop,suspicious_phone_under_desk_2_laptop,220,20.4693,1,-15.6894,5.5966,13.1093,1.2376,-2.5801,6.8342,0.0206,-0.2185
2026-08-01T13:20:41.045593+00:00,experiment_2_laptop,suspicious_phone_under_desk_2_laptop,221,20.5565,1,-15.6642,5.9300,23.8041,5.1818,8.1399,11.1118,0.0864,-0.3967
2026-08-01T13:20:41.045593+00:00,experiment_2_laptop,suspicious_phone_under_desk_2_laptop,222,20.6523,1,-14.4378,4.5829,15.3184,-0.0565,0.8806,4.5264,-0.0009,-0.2553
2026-08-01T13:20:41.045593+00:00,experiment_2_laptop,suspicious_phone_under_desk_2_laptop,223,20.7439,1,-15.6585,5.7121,8.9597,3.6748,-6.6988,9.3870,0.0612,-0.1493
2026-08-01T13:20:41.045593+00:00,experiment_2_laptop,suspicious_phone_under_desk_2_laptop,224,20.8378,1,-15.5333,4.1045,7.2832,1.4170,-8.2500,5.5216,0.0236,-0.1214
2026-08-01T13:20:41.045593+00:00,experiment_2_laptop,suspicious_phone_under_desk_2_laptop,225,20.9306,1,-15.8585,6.1588,11.6068,1.7884,-4.2517,7.9472,0.0298,-0.1934
2026-08-01T13:20:41.045593+00:00,experiment_2_laptop,suspicious_phone_under_desk_2_laptop,226,21.0217,1,-15.6304,5.4235,19.0040,2.2147,3.3737,7.6382,0.0369,-0.3167
2026-08-01T13:20:41.045593+00:00,experiment_2_laptop,suspicious_phone_under_desk_2_laptop,227,21.1193,1,-15.2987,4.8765,9.2628,1.9430,-6.0359,6.8195,0.0324,-0.1544
2026-08-01T13:20:41.045593+00:00,experiment_2_laptop,suspicious_phone_under_desk_2_laptop,228,21.2066,1,-15.6457,5.5221,4.7508,1.3581,-10.8948,6.8802,0.0226,-0.0792
2026-08-01T13:20:41.045593+00:00,experiment_2_laptop,suspicious_phone_under_desk_2_laptop,229,21.3023,1,-15.0445,5.0370,6.7707,1.7863,-8.2739,6.8233,0.0298,-0.1128
2026-08-01T13:20:41.045593+00:00,experiment_2_laptop,suspicious_phone_under_desk_2_laptop,230,21.3960,1,-15.3561,5.7381,9.9220,2.3893,-5.4341,8.1273,0.0398,-0.1654
2026-08-01T13:20:41.045593+00:00,experiment_2_laptop,suspicious_phone_under_desk_2_laptop,231,21.4885,1,-15.2832,4.5711,18.3931,5.6454,3.1099,10.2165,0.0941,-0.3066
2026-08-01T13:20:41.045593+00:00,experiment_2_laptop,suspicious_phone_under_desk_2_laptop,232,21.5818,1,-11.5046,5.1225,7.4219,0.5508,-4.0827,5.6733,0.0092,-0.1237
2026-08-01T13:20:41.045593+00:00,experiment_2_laptop,suspicious_phone_under_desk_2_laptop,233,21.6731,1,-11.2118,5.3778,7.0501,0.3361,-4.1617,5.7139,0.0056,-0.1175
2026-08-01T13:20:41.045593+00:00,experiment_2_laptop,suspicious_phone_under_desk_2_laptop,234,21.7673,1,-9.0558,7.0637,6.5531,0.3935,-2.5026,7.4572,0.0066,-0.1092
2026-08-01T13:20:41.045593+00:00,experiment_2_laptop,suspicious_phone_under_desk_2_laptop,235,21.8606,1,-7.4701,8.9438,5.8340,-0.3455,-1.6361,8.5983,-0.0058,-0.0972
2026-08-01T13:20:41.045593+00:00,experiment_2_laptop,suspicious_phone_under_desk_2_laptop,236,21.9537,1,-6.4868,9.1078,4.0113,-0.2555,-2.4755,8.8523,-0.0043,-0.0669
2026-08-01T13:20:41.045593+00:00,experiment_2_laptop,suspicious_phone_under_desk_2_laptop,237,22.0467,1,-3.8246,11.0626,4.3922,0.1644,0.5676,11.2270,0.0027,-0.0732
2026-08-01T13:20:41.045593+00:00,experiment_2_laptop,suspicious_phone_under_desk_2_laptop,238,22.1383,1,-3.8463,10.9485,4.3851,0.0006,0.5388,10.9492,0.0000,-0.0731
2026-08-01T13:20:41.045593+00:00,experiment_2_laptop,suspicious_phone_under_desk_2_laptop,239,22.2371,1,-1.4413,11.3897,3.5619,-0.4481,2.1207,10.9416,-0.0075,-0.0594
2026-08-01T13:20:41.045593+00:00,experiment_2_laptop,suspicious_phone_under_desk_2_laptop,240,22.3255,1,0.3398,11.4317,3.1100,-0.2133,3.4498,11.2184,-0.0036,-0.0518
2026-08-01T13:20:41.045593+00:00,experiment_2_laptop,suspicious_phone_under_desk_2_laptop,241,22.4186,1,0.0452,11.5141,3.9510,-0.0954,3.9962,11.4187,-0.0016,-0.0658
2026-08-01T13:20:41.045593+00:00,experiment_2_laptop,suspicious_phone_under_desk_2_laptop,242,22.5103,1,1.3666,11.6682,3.6327,-0.6972,4.9993,10.9710,-0.0116,-0.0605
2026-08-01T13:20:41.045593+00:00,experiment_2_laptop,suspicious_phone_under_desk_2_laptop,243,22.6062,1,0.8867,11.6901,3.3594,-0.4710,4.2461,11.2192,-0.0078,-0.0560
2026-08-01T13:20:41.045593+00:00,experiment_2_laptop,suspicious_phone_under_desk_2_laptop,244,22.6965,1,-0.6945,11.9694,4.3231,0.4353,3.6286,12.4047,0.0073,-0.0721
2026-08-01T13:20:41.045593+00:00,experiment_2_laptop,suspicious_phone_under_desk_2_laptop,245,22.7892,1,-0.0156,11.7753,5.0611,0.2842,5.0455,12.0595,0.0047,-0.0844
2026-08-01T13:20:41.045593+00:00,experiment_2_laptop,suspicious_phone_under_desk_2_laptop,246,22.8885,1,0.0784,12.4250,4.3206,0.1822,4.3991,12.6072,0.0030,-0.0720
2026-08-01T13:20:41.045593+00:00,experiment_2_laptop,suspicious_phone_under_desk_2_laptop,247,22.9752,1,-0.7966,12.3668,4.6678,1.0992,3.8712,13.4659,0.0183,-0.0778
2026-08-01T13:20:41.045593+00:00,experiment_2_laptop,suspicious_phone_under_desk_2_laptop,248,23.0698,1,-0.5164,12.8965,4.2437,0.5922,3.7273,13.4886,0.0099,-0.0707
2026-08-01T13:20:41.045593+00:00,experiment_2_laptop,suspicious_phone_under_desk_2_laptop,249,23.1611,1,-1.1057,13.1439,4.4387,0.8669,3.3330,14.0108,0.0144,-0.0740
2026-08-01T13:20:41.045593+00:00,experiment_2_laptop,suspicious_phone_under_desk_2_laptop,250,23.2562,1,-2.0116,13.1009,4.7430,0.7769,2.7313,13.8779,0.0129,-0.0790
2026-08-01T13:20:41.045593+00:00,experiment_2_laptop,suspicious_phone_under_desk_2_laptop,251,23.3499,1,-1.5476,12.6018,5.5270,1.2300,3.9794,13.8318,0.0205,-0.0921
2026-08-01T13:20:41.045593+00:00,experiment_2_laptop,suspicious_phone_under_desk_2_laptop,252,23.4427,1,-1.7028,13.2033,4.6667,0.9356,2.9638,14.1389,0.0156,-0.0778
2026-08-01T13:20:41.045593+00:00,experiment_2_laptop,suspicious_phone_under_desk_2_laptop,253,23.5361,1,-1.3988,13.2514,4.9194,0.4833,3.5205,13.7347,0.0081,-0.0820
2026-08-01T13:20:41.045593+00:00,experiment_2_laptop,suspicious_phone_under_desk_2_laptop,254,23.6286,1,-1.5457,12.9875,4.9358,0.9718,3.3902,13.9593,0.0162,-0.0823
2026-08-01T13:20:41.045593+00:00,experiment_2_laptop,suspicious_phone_under_desk_2_laptop,255,23.7243,1,-1.6127,12.8665,5.4443,0.9076,3.8316,13.7740,0.0151,-0.0907
2026-08-01T13:20:41.045593+00:00,experiment_2_laptop,suspicious_phone_under_desk_2_laptop,256,23.8132,1,-1.2203,12.3011,4.5726,0.0357,3.3523,12.3367,0.0006,-0.0762
2026-08-01T13:20:41.045593+00:00,experiment_2_laptop,suspicious_phone_under_desk_2_laptop,257,23.9077,1,-1.7359,12.8539,5.2175,-0.2845,3.4815,12.5694,-0.0047,-0.0870
2026-08-01T13:20:41.045593+00:00,experiment_2_laptop,suspicious_phone_under_desk_2_laptop,258,23.9995,1,-1.6577,12.5432,5.8982,-0.7972,4.2405,11.7460,-0.0133,-0.0983
2026-08-01T13:20:41.045593+00:00,experiment_2_laptop,suspicious_phone_under_desk_2_laptop,259,24.0923,1,-2.0590,12.4708,4.5281,-0.3890,2.4690,12.0818,-0.0065,-0.0755
2026-08-01T13:20:41.045593+00:00,experiment_2_laptop,suspicious_phone_under_desk_2_laptop,260,24.1882,1,-2.3542,12.2203,5.5743,-0.4194,3.2200,11.8009,-0.0070,-0.0929
2026-08-01T13:20:41.045593+00:00,experiment_2_laptop,suspicious_phone_under_desk_2_laptop,261,24.2798,1,-1.9953,12.5779,4.5112,-0.2093,2.5159,12.3686,-0.0035,-0.0752
2026-08-01T13:20:41.045593+00:00,experiment_2_laptop,suspicious_phone_under_desk_2_laptop,262,24.3727,1,-2.0903,12.6434,5.3179,-0.3361,3.2275,12.3073,-0.0056,-0.0886
2026-08-01T13:20:41.045593+00:00,experiment_2_laptop,suspicious_phone_under_desk_2_laptop,263,24.4655,1,-2.3918,11.6665,5.6979,0.2913,3.3061,11.9578,0.0049,-0.0950
2026-08-01T13:20:41.045593+00:00,experiment_2_laptop,suspicious_phone_under_desk_2_laptop,264,24.5575,1,-2.5670,12.1377,5.3512,-0.4420,2.7842,11.6958,-0.0074,-0.0892
2026-08-01T13:20:41.045593+00:00,experiment_2_laptop,suspicious_phone_under_desk_2_laptop,265,24.6569,1,-2.2726,12.3188,6.5979,-1.0189,4.3253,11.2999,-0.0170,-0.1100
2026-08-01T13:20:41.045593+00:00,experiment_2_laptop,suspicious_phone_under_desk_2_laptop,266,24.7432,1,-2.4763,12.3944,6.9987,-1.7703,4.5224,10.6241,-0.0295,-0.1166
2026-08-01T13:20:41.045593+00:00,experiment_2_laptop,suspicious_phone_under_desk_2_laptop,267,24.8423,1,-2.7069,12.5812,6.6412,-1.9196,3.9343,10.6616,-0.0320,-0.1107
2026-08-01T13:20:41.045593+00:00,experiment_2_laptop,suspicious_phone_under_desk_2_laptop,268,24.9297,1,-2.2320,12.0715,8.4183,-1.4014,6.1862,10.6701,-0.0234,-0.1403
2026-08-01T13:20:41.045593+00:00,experiment_2_laptop,suspicious_phone_under_desk_2_laptop,269,25.0253,1,-1.4838,11.5777,8.9210,-0.5747,7.4372,11.0030,-0.0096,-0.1487
2026-08-01T13:20:41.045593+00:00,experiment_2_laptop,suspicious_phone_under_desk_2_laptop,270,25.1169,1,-2.4662,12.5980,6.1626,-0.7155,3.6964,11.8826,-0.0119,-0.1027
2026-08-01T13:20:41.045593+00:00,experiment_2_laptop,suspicious_phone_under_desk_2_laptop,271,25.2123,1,-2.4515,12.0199,4.5341,-0.0249,2.0826,11.9951,-0.0004,-0.0756
2026-08-01T13:20:41.045593+00:00,experiment_2_laptop,suspicious_phone_under_desk_2_laptop,272,25.3032,1,-1.8742,12.1328,5.8712,-0.5299,3.9970,11.6029,-0.0088,-0.0979
2026-08-01T13:20:41.045593+00:00,experiment_2_laptop,suspicious_phone_under_desk_2_laptop,273,25.3970,1,-2.2496,11.9205,5.4585,-0.0768,3.2088,11.8437,-0.0013,-0.0910
2026-08-01T13:20:41.045593+00:00,experiment_2_laptop,suspicious_phone_under_desk_2_laptop,274,25.4894,1,-2.1797,11.9502,4.6933,-0.7787,2.5136,11.1715,-0.0130,-0.0782
2026-08-01T13:20:41.045593+00:00,experiment_2_laptop,suspicious_phone_under_desk_2_laptop,275,25.5829,1,-1.9556,11.9116,4.9079,-0.3430,2.9524,11.5686,-0.0057,-0.0818
2026-08-01T13:20:41.045593+00:00,experiment_2_laptop,suspicious_phone_under_desk_2_laptop,276,25.6755,1,-2.2832,12.3159,5.1785,-0.2303,2.8953,12.0856,-0.0038,-0.0863
2026-08-01T13:20:41.045593+00:00,experiment_2_laptop,suspicious_phone_under_desk_2_laptop,277,25.7669,1,-2.9326,12.1299,5.1637,-0.2278,2.2311,11.9021,-0.0038,-0.0861
2026-08-01T13:20:41.045593+00:00,experiment_2_laptop,suspicious_phone_under_desk_2_laptop,278,25.8617,1,-3.2871,12.6645,5.2877,0.0057,2.0007,12.6702,0.0001,-0.0881
2026-08-01T13:20:41.045593+00:00,experiment_2_laptop,suspicious_phone_under_desk_2_laptop,279,25.9585,1,-3.1043,12.5933,5.2814,-0.7212,2.1771,11.8721,-0.0120,-0.0880
2026-08-01T13:20:41.045593+00:00,experiment_2_laptop,suspicious_phone_under_desk_2_laptop,280,26.0484,1,-3.0751,12.9719,5.7790,-0.7742,2.7039,12.1977,-0.0129,-0.0963
2026-08-01T13:20:41.045593+00:00,experiment_2_laptop,suspicious_phone_under_desk_2_laptop,281,26.1473,1,-2.7808,13.0295,5.0052,0.3342,2.2244,13.3638,0.0056,-0.0834
2026-08-01T13:20:41.045593+00:00,experiment_2_laptop,suspicious_phone_under_desk_2_laptop,282,26.2330,1,-3.3090,13.4698,5.7490,0.8252,2.4400,14.2950,0.0138,-0.0958
2026-08-01T13:20:41.045593+00:00,experiment_2_laptop,suspicious_phone_under_desk_2_laptop,283,26.3270,1,-2.9593,13.2337,4.5921,0.5112,1.6327,13.7449,0.0085,-0.0765
2026-08-01T13:20:41.045593+00:00,experiment_2_laptop,suspicious_phone_under_desk_2_laptop,284,26.4201,1,-3.2946,13.3248,5.1551,0.3056,1.8605,13.6304,0.0051,-0.0859
2026-08-01T13:20:41.045593+00:00,experiment_2_laptop,suspicious_phone_under_desk_2_laptop,285,26.5119,1,-2.6963,12.9760,4.5243,0.9491,1.8280,13.9251,0.0158,-0.0754
2026-08-01T13:20:41.045593+00:00,experiment_2_laptop,suspicious_phone_under_desk_2_laptop,286,26.6052,1,-2.9336,13.0808,4.4773,0.8604,1.5437,13.9412,0.0143,-0.0746
2026-08-01T13:20:41.045593+00:00,experiment_2_laptop,suspicious_phone_under_desk_2_laptop,287,26.6996,1,-3.8039,13.1109,4.3665,0.6280,0.5626,13.7388,0.0105,-0.0728
2026-08-01T13:20:41.045593+00:00,experiment_2_laptop,suspicious_phone_under_desk_2_laptop,288,26.7933,1,-3.4756,13.1473,4.1893,0.4036,0.7138,13.5510,0.0067,-0.0698
2026-08-01T13:20:41.045593+00:00,experiment_2_laptop,suspicious_phone_under_desk_2_laptop,289,26.8847,1,-3.5075,13.2811,4.8095,0.6832,1.3019,13.9643,0.0114,-0.0802
2026-08-01T13:20:41.045593+00:00,experiment_2_laptop,suspicious_phone_under_desk_2_laptop,290,26.9779,1,-3.4484,13.0493,4.0062,0.9597,0.5578,14.0090,0.0160,-0.0668
2026-08-01T13:20:41.045593+00:00,experiment_2_laptop,suspicious_phone_under_desk_2_laptop,291,27.0769,1,-3.8394,13.2980,4.4947,0.7362,0.6552,14.0342,0.0123,-0.0749
2026-08-01T13:20:41.045593+00:00,experiment_2_laptop,suspicious_phone_under_desk_2_laptop,292,27.1626,1,-3.9577,13.2111,5.1794,0.8609,1.2218,14.0720,0.0143,-0.0863
2026-08-01T13:20:41.045593+00:00,experiment_2_laptop,suspicious_phone_under_desk_2_laptop,293,27.2592,1,-3.7563,13.0578,4.6855,0.5097,0.9292,13.5676,0.0085,-0.0781
2026-08-01T13:20:41.045593+00:00,experiment_2_laptop,suspicious_phone_under_desk_2_laptop,294,27.3511,1,-3.5822,13.2319,4.3241,0.5723,0.7419,13.8042,0.0095,-0.0721
2026-08-01T13:20:41.045593+00:00,experiment_2_laptop,suspicious_phone_under_desk_2_laptop,295,27.4437,1,-4.2091,13.1872,5.0307,1.1194,0.8216,14.3066,0.0187,-0.0838
2026-08-01T13:20:41.045593+00:00,experiment_2_laptop,suspicious_phone_under_desk_2_laptop,296,27.5367,1,-4.4866,13.1969,5.1787,0.1182,0.6921,13.3151,0.0020,-0.0863
2026-08-01T13:20:41.045593+00:00,experiment_2_laptop,suspicious_phone_under_desk_2_laptop,297,27.6283,1,-3.8221,12.5560,4.1870,0.8541,0.3649,13.4101,0.0142,-0.0698
2026-08-01T13:20:41.045593+00:00,experiment_2_laptop,suspicious_phone_under_desk_2_laptop,298,27.7256,1,-4.5475,13.2726,5.0527,1.1059,0.5052,14.3786,0.0184,-0.0842
2026-08-01T13:20:41.045593+00:00,experiment_2_laptop,suspicious_phone_under_desk_2_laptop,299,27.8144,1,-3.5682,12.6360,4.1671,0.2961,0.5988,12.9321,0.0049,-0.0695
2026-08-01T13:20:41.045593+00:00,experiment_2_laptop,suspicious_phone_under_desk_2_laptop,300,27.9134,1,-3.9463,13.2308,4.5812,0.1543,0.6349,13.3852,0.0026,-0.0764
2026-08-01T13:20:41.045593+00:00,experiment_2_laptop,suspicious_phone_under_desk_2_laptop,301,28.0005,1,-3.9031,12.8085,5.2920,0.5044,1.3889,13.3129,0.0084,-0.0882
2026-08-01T13:20:41.045593+00:00,experiment_2_laptop,suspicious_phone_under_desk_2_laptop,302,28.0953,1,-4.0202,12.9091,5.1614,0.4448,1.1412,13.3539,0.0074,-0.0860
2026-08-01T13:20:41.045593+00:00,experiment_2_laptop,suspicious_phone_under_desk_2_laptop,303,28.1938,1,-4.3467,12.9213,3.9200,0.0170,-0.4268,12.9383,0.0003,-0.0653
2026-08-01T13:20:41.045593+00:00,experiment_2_laptop,suspicious_phone_under_desk_2_laptop,304,28.2809,1,-3.6631,13.1840,5.5846,0.2345,1.9215,13.4185,0.0039,-0.0931
2026-08-01T13:20:41.045593+00:00,experiment_2_laptop,suspicious_phone_under_desk_2_laptop,305,28.3784,1,-4.0941,12.7624,4.7229,0.7109,0.6287,13.4733,0.0118,-0.0787
2026-08-01T13:20:41.045593+00:00,experiment_2_laptop,suspicious_phone_under_desk_2_laptop,306,28.4668,1,-3.8698,12.7444,5.2503,0.1886,1.3805,12.9330,0.0031,-0.0875
2026-08-01T13:20:41.045593+00:00,experiment_2_laptop,suspicious_phone_under_desk_2_laptop,307,28.5598,1,-4.1206,13.1752,5.9490,0.3851,1.8283,13.5603,0.0064,-0.0991
2026-08-01T13:20:41.045593+00:00,experiment_2_laptop,suspicious_phone_under_desk_2_laptop,308,28.6521,1,-3.6493,12.7227,4.6964,-0.1252,1.0471,12.5975,-0.0021,-0.0783
2026-08-01T13:20:41.045593+00:00,experiment_2_laptop,suspicious_phone_under_desk_2_laptop,309,28.7457,1,-3.9713,12.6871,5.4224,-0.1521,1.4512,12.5350,-0.0025,-0.0904
2026-08-01T13:20:41.045593+00:00,experiment_2_laptop,suspicious_phone_under_desk_2_laptop,310,28.8388,1,-4.4188,13.0688,5.2401,-0.3900,0.8213,12.6788,-0.0065,-0.0873
2026-08-01T13:20:41.045593+00:00,experiment_2_laptop,suspicious_phone_under_desk_2_laptop,311,28.9305,1,-3.9864,12.6409,4.5787,-0.6667,0.5923,11.9742,-0.0111,-0.0763
2026-08-01T13:20:41.045593+00:00,experiment_2_laptop,suspicious_phone_under_desk_2_laptop,312,29.0265,1,-3.2979,12.9630,6.5015,-2.4302,3.2036,10.5328,-0.0405,-0.1084
2026-08-01T13:20:41.045593+00:00,experiment_2_laptop,suspicious_phone_under_desk_2_laptop,313,29.1180,1,-3.6978,12.8948,6.4460,-2.0172,2.7482,10.8777,-0.0336,-0.1074
2026-08-01T13:20:41.045593+00:00,experiment_2_laptop,suspicious_phone_under_desk_2_laptop,314,29.2099,1,-3.6534,12.8688,5.7989,-1.4174,2.1456,11.4514,-0.0236,-0.0966
2026-08-01T13:20:41.045593+00:00,experiment_2_laptop,suspicious_phone_under_desk_2_laptop,315,29.3036,1,-3.4856,12.6925,5.9291,-1.4129,2.4435,11.2796,-0.0235,-0.0988
2026-08-01T13:20:41.045593+00:00,experiment_2_laptop,suspicious_phone_under_desk_2_laptop,316,29.3965,1,-3.3379,11.7669,4.3494,-2.5376,1.0114,9.2293,-0.0423,-0.0725
2026-08-01T13:20:41.045593+00:00,experiment_2_laptop,suspicious_phone_under_desk_2_laptop,317,29.4966,1,-3.5771,12.2028,2.4563,-4.1305,-1.1208,8.0724,-0.0688,-0.0409
2026-08-01T13:20:41.045593+00:00,experiment_2_laptop,suspicious_phone_under_desk_2_laptop,318,29.5823,1,-4.1811,11.7361,1.1231,-3.9884,-3.0580,7.7478,-0.0665,-0.0187
2026-08-01T13:20:41.045593+00:00,experiment_2_laptop,suspicious_phone_under_desk_2_laptop,319,29.6764,1,-3.7695,11.9690,3.2910,-3.7622,-0.4785,8.2068,-0.0627,-0.0548
2026-08-01T13:20:41.045593+00:00,experiment_2_laptop,suspicious_phone_under_desk_2_laptop,320,29.7706,1,-3.3958,11.8565,1.9598,-3.8371,-1.4360,8.0194,-0.0640,-0.0327
2026-08-01T13:20:41.045593+00:00,experiment_2_laptop,suspicious_phone_under_desk_2_laptop,321,29.8626,1,-4.5416,11.8973,3.5532,-3.5379,-0.9884,8.3594,-0.0590,-0.0592
2026-08-01T13:20:41.045593+00:00,experiment_2_laptop,suspicious_phone_under_desk_2_laptop,322,29.9558,1,-3.4027,12.2723,3.5435,-3.7201,0.1408,8.5522,-0.0620,-0.0591
2026-08-01T13:20:41.045593+00:00,experiment_2_laptop,suspicious_phone_under_desk_2_laptop,323,30.0489,1,-4.3489,12.4935,5.2501,-0.0408,0.9012,12.4527,-0.0007,-0.0875
2026-08-01T13:20:41.045593+00:00,experiment_2_laptop,suspicious_phone_under_desk_2_laptop,324,30.1449,1,-5.0646,12.2681,3.7514,0.7312,-1.3133,12.9992,0.0122,-0.0625
2026-08-01T13:20:41.045593+00:00,experiment_2_laptop,suspicious_phone_under_desk_2_laptop,325,30.2353,1,-3.9489,12.3208,3.7423,0.0967,-0.2067,12.4174,0.0016,-0.0624
2026-08-01T13:20:41.045593+00:00,experiment_2_laptop,suspicious_phone_under_desk_2_laptop,326,30.3292,1,-4.4026,12.2545,2.2980,0.7377,-2.1045,12.9922,0.0123,-0.0383
2026-08-01T13:20:41.045593+00:00,experiment_2_laptop,suspicious_phone_under_desk_2_laptop,327,30.4194,1,-5.2316,12.5727,3.5907,0.7808,-1.6409,13.3535,0.0130,-0.0598
2026-08-01T13:20:41.045593+00:00,experiment_2_laptop,suspicious_phone_under_desk_2_laptop,328,30.5139,1,-4.7957,12.9739,3.9676,0.3744,-0.8281,13.3483,0.0062,-0.0661
2026-08-01T13:20:41.045593+00:00,experiment_2_laptop,suspicious_phone_under_desk_2_laptop,329,30.6062,1,-4.8897,12.9438,4.1507,-0.3051,-0.7390,12.6387,-0.0051,-0.0692
2026-08-01T13:20:41.045593+00:00,experiment_2_laptop,suspicious_phone_under_desk_2_laptop,330,30.7005,1,-4.4290,12.9107,3.5653,0.1387,-0.8637,13.0494,0.0023,-0.0594
2026-08-01T13:20:41.045593+00:00,experiment_2_laptop,suspicious_phone_under_desk_2_laptop,331,30.7960,1,-4.3960,12.5594,4.0004,-0.1994,-0.3956,12.3600,-0.0033,-0.0667
2026-08-01T13:20:41.045593+00:00,experiment_2_laptop,suspicious_phone_under_desk_2_laptop,332,30.8865,1,-4.0916,12.6240,3.8437,0.2524,-0.2479,12.8764,0.0042,-0.0641
2026-08-01T13:20:41.045593+00:00,experiment_2_laptop,suspicious_phone_under_desk_2_laptop,333,30.9774,1,-5.3774,13.0768,3.7626,-0.0767,-1.6148,13.0001,-0.0013,-0.0627
2026-08-01T13:20:41.045593+00:00,experiment_2_laptop,suspicious_phone_under_desk_2_laptop,334,31.0704,1,-4.9597,12.9405,4.8703,-0.0322,-0.0895,12.9083,-0.0005,-0.0812
2026-08-01T13:20:41.045593+00:00,experiment_2_laptop,suspicious_phone_under_desk_2_laptop,335,31.1651,1,-4.6138,12.5687,4.2724,-0.1014,-0.3414,12.4673,-0.0017,-0.0712
2026-08-01T13:20:41.045593+00:00,experiment_2_laptop,suspicious_phone_under_desk_2_laptop,336,31.2631,1,-5.3121,12.6922,3.4819,-0.1994,-1.8302,12.4928,-0.0033,-0.0580
2026-08-01T13:20:41.045593+00:00,experiment_2_laptop,suspicious_phone_under_desk_2_laptop,337,31.3503,1,-4.6605,12.8460,3.8603,0.3899,-0.8002,13.2359,0.0065,-0.0643
2026-08-01T13:20:41.045593+00:00,experiment_2_laptop,suspicious_phone_under_desk_2_laptop,338,31.4477,1,-4.3065,12.4293,4.2807,0.2098,-0.0258,12.6391,0.0035,-0.0713
2026-08-01T13:20:41.045593+00:00,experiment_2_laptop,suspicious_phone_under_desk_2_laptop,339,31.5369,1,-4.4442,12.5261,3.8343,-0.1160,-0.6099,12.4101,-0.0019,-0.0639
2026-08-01T13:20:41.045593+00:00,experiment_2_laptop,suspicious_phone_under_desk_2_laptop,340,31.6309,1,-4.4056,12.7494,3.5275,0.4150,-0.8781,13.1644,0.0069,-0.0588
2026-08-01T13:20:41.045593+00:00,experiment_2_laptop,suspicious_phone_under_desk_2_laptop,341,31.7236,1,-4.3496,12.3643,4.2409,0.1884,-0.1087,12.5528,0.0031,-0.0707
2026-08-01T13:20:41.045593+00:00,experiment_2_laptop,suspicious_phone_under_desk_2_laptop,342,31.8182,1,-4.6209,12.3059,4.4482,0.0418,-0.1726,12.3478,0.0007,-0.0741
2026-08-01T13:20:41.045593+00:00,experiment_2_laptop,suspicious_phone_under_desk_2_laptop,343,31.9109,1,-4.3475,12.1401,3.5398,-0.9283,-0.8078,11.2118,-0.0155,-0.0590
2026-08-01T13:20:41.045593+00:00,experiment_2_laptop,suspicious_phone_under_desk_2_laptop,344,32.0031,1,-4.0720,12.1275,4.5845,-0.4916,0.5125,11.6359,-0.0082,-0.0764
2026-08-01T13:20:41.045593+00:00,experiment_2_laptop,suspicious_phone_under_desk_2_laptop,345,32.0991,1,-4.4276,12.2010,4.2880,-0.3870,-0.1397,11.8140,-0.0065,-0.0715
2026-08-01T13:20:41.045593+00:00,experiment_2_laptop,suspicious_phone_under_desk_2_laptop,346,32.1876,1,-4.7217,12.2284,4.8381,0.1520,0.1164,12.3804,0.0025,-0.0806
2026-08-01T13:20:41.045593+00:00,experiment_2_laptop,suspicious_phone_under_desk_2_laptop,347,32.2834,1,-5.2434,12.1130,4.2444,0.5087,-0.9990,12.6218,0.0085,-0.0707
2026-08-01T13:20:41.045593+00:00,experiment_2_laptop,suspicious_phone_under_desk_2_laptop,348,32.3752,1,-5.4467,11.2234,2.1985,0.5744,-3.2481,11.7978,0.0096,-0.0366
2026-08-01T13:20:41.045593+00:00,experiment_2_laptop,suspicious_phone_under_desk_2_laptop,349,32.4668,1,-5.2387,11.0380,0.8522,0.3183,-4.3865,11.3563,0.0053,-0.0142
2026-08-01T13:20:41.045593+00:00,experiment_2_laptop,suspicious_phone_under_desk_2_laptop,350,32.5639,1,-5.6671,11.2741,-0.2365,0.7774,-5.9036,12.0515,0.0130,0.0039
2026-08-01T13:20:41.045593+00:00,experiment_2_laptop,suspicious_phone_under_desk_2_laptop,351,32.6526,1,-5.7613,11.7433,-0.6355,0.7657,-6.3968,12.5090,0.0128,0.0106
2026-08-01T13:20:41.045593+00:00,experiment_2_laptop,suspicious_phone_under_desk_2_laptop,352,32.7468,1,-6.1548,11.1589,-0.1016,0.6824,-6.2564,11.8413,0.0114,0.0017
2026-08-01T13:20:41.045593+00:00,experiment_2_laptop,suspicious_phone_under_desk_2_laptop,353,32.8385,1,-6.2240,11.3992,-0.1080,0.2668,-6.3320,11.6660,0.0044,0.0018
2026-08-01T13:20:41.045593+00:00,experiment_2_laptop,suspicious_phone_under_desk_2_laptop,354,32.9331,1,-6.1575,11.1015,0.1032,0.1203,-6.0543,11.2218,0.0020,-0.0017
2026-08-01T13:20:41.045593+00:00,experiment_2_laptop,suspicious_phone_under_desk_2_laptop,355,33.0262,1,-6.5282,11.0085,0.2618,0.2279,-6.2664,11.2364,0.0038,-0.0044
2026-08-01T13:20:41.045593+00:00,experiment_2_laptop,suspicious_phone_under_desk_2_laptop,356,33.1195,1,-6.6333,11.2307,-0.0741,-0.0218,-6.7074,11.2089,-0.0004,0.0012
2026-08-01T13:20:41.045593+00:00,experiment_2_laptop,suspicious_phone_under_desk_2_laptop,357,33.2125,1,-5.9608,11.2918,-0.0672,-0.3519,-6.0279,10.9399,-0.0059,0.0011
2026-08-01T13:20:41.045593+00:00,experiment_2_laptop,suspicious_phone_under_desk_2_laptop,358,33.3044,1,-6.2470,11.7337,-1.0056,-0.5036,-7.2527,11.2301,-0.0084,0.0168
2026-08-01T13:20:41.045593+00:00,experiment_2_laptop,suspicious_phone_under_desk_2_laptop,359,33.3986,1,-6.5631,11.1174,-0.4193,-0.3776,-6.9824,10.7397,-0.0063,0.0070
2026-08-01T13:20:41.045593+00:00,experiment_2_laptop,suspicious_phone_under_desk_2_laptop,360,33.4920,1,-6.7338,11.4852,0.1850,-0.1249,-6.5489,11.3603,-0.0021,-0.0031
2026-08-01T13:20:41.045593+00:00,experiment_2_laptop,suspicious_phone_under_desk_2_laptop,361,33.5845,1,-7.0217,11.2700,0.9810,-0.3080,-6.0406,10.9619,-0.0051,-0.0164
2026-08-01T13:20:41.045593+00:00,experiment_2_laptop,suspicious_phone_under_desk_2_laptop,362,33.6762,1,-6.8173,11.3046,-0.0418,0.1607,-6.8591,11.4652,0.0027,0.0007
2026-08-01T13:20:41.045593+00:00,experiment_2_laptop,suspicious_phone_under_desk_2_laptop,363,33.7691,1,-6.4580,11.3194,1.3136,-0.2923,-5.1444,11.0270,-0.0049,-0.0219
2026-08-01T13:20:41.045593+00:00,experiment_2_laptop,suspicious_phone_under_desk_2_laptop,364,33.8651,1,-7.2890,10.9345,2.0573,0.5419,-5.2317,11.4764,0.0090,-0.0343
2026-08-01T13:20:41.045593+00:00,experiment_2_laptop,suspicious_phone_under_desk_2_laptop,365,33.9575,1,-7.7770,11.4280,1.4035,0.4251,-6.3735,11.8531,0.0071,-0.0234
2026-08-01T13:20:41.045593+00:00,experiment_2_laptop,suspicious_phone_under_desk_2_laptop,366,34.0497,1,-7.3059,10.9949,3.1939,0.7403,-4.1120,11.7352,0.0123,-0.0532
2026-08-01T13:20:41.045593+00:00,experiment_2_laptop,suspicious_phone_under_desk_2_laptop,367,34.1428,1,-7.2701,11.2233,2.6095,0.3967,-4.6606,11.6200,0.0066,-0.0435
2026-08-01T13:20:41.045593+00:00,experiment_2_laptop,suspicious_phone_under_desk_2_laptop,368,34.2345,1,-7.2864,11.5666,1.3553,0.4861,-5.9310,12.0528,0.0081,-0.0226
2026-08-01T13:20:41.045593+00:00,experiment_2_laptop,suspicious_phone_under_desk_2_laptop,369,34.3320,1,-7.1767,10.7419,1.6048,0.7493,-5.5719,11.4913,0.0125,-0.0267
2026-08-01T13:20:41.045593+00:00,experiment_2_laptop,suspicious_phone_under_desk_2_laptop,370,34.4203,1,-7.3383,10.5726,1.6705,0.4966,-5.6678,11.0692,0.0083,-0.0278
2026-08-01T13:20:41.045593+00:00,experiment_2_laptop,suspicious_phone_under_desk_2_laptop,371,34.5166,1,-6.7876,10.8605,2.1689,0.2084,-4.6187,11.0689,0.0035,-0.0361
2026-08-01T13:20:41.045593+00:00,experiment_2_laptop,suspicious_phone_under_desk_2_laptop,372,34.6075,1,-6.4341,10.9896,2.2767,0.5789,-4.1574,11.5685,0.0096,-0.0379
2026-08-01T13:20:41.045593+00:00,experiment_2_laptop,suspicious_phone_under_desk_2_laptop,373,34.7009,1,-6.5621,10.8972,5.1530,-0.9915,-1.4091,9.9057,-0.0165,-0.0859
2026-08-01T13:20:41.045593+00:00,experiment_2_laptop,suspicious_phone_under_desk_2_laptop,374,34.7923,1,-6.2101,10.7012,2.1663,-1.1925,-4.0438,9.5087,-0.0199,-0.0361
2026-08-01T13:20:41.045593+00:00,experiment_2_laptop,suspicious_phone_under_desk_2_laptop,375,34.8854,1,-6.7937,10.7614,2.7552,-1.4882,-4.0385,9.2732,-0.0248,-0.0459
2026-08-01T13:20:41.045593+00:00,experiment_2_laptop,suspicious_phone_under_desk_2_laptop,376,34.9876,1,-6.8899,10.1497,1.2080,-0.9802,-5.6819,9.1695,-0.0163,-0.0201
2026-08-01T13:20:41.045593+00:00,experiment_2_laptop,suspicious_phone_under_desk_2_laptop,377,35.0720,1,-7.2944,10.4007,1.6429,-1.4438,-5.6515,8.9569,-0.0241,-0.0274
2026-08-01T13:20:41.045593+00:00,experiment_2_laptop,suspicious_phone_under_desk_2_laptop,378,35.1660,1,-7.6010,10.2102,1.1866,-1.4780,-6.4144,8.7323,-0.0246,-0.0198
2026-08-01T13:20:41.045593+00:00,experiment_2_laptop,suspicious_phone_under_desk_2_laptop,379,35.2586,1,-6.9834,10.2996,1.1664,-1.4682,-5.8170,8.8314,-0.0245,-0.0194
2026-08-01T13:20:41.045593+00:00,experiment_2_laptop,suspicious_phone_under_desk_2_laptop,380,35.3528,1,-6.9962,9.7293,1.2407,-1.2439,-5.7555,8.4854,-0.0207,-0.0207
2026-08-01T13:20:41.045593+00:00,experiment_2_laptop,suspicious_phone_under_desk_2_laptop,381,35.4456,1,-7.5155,10.2336,1.3804,0.0448,-6.1350,10.2785,0.0007,-0.0230
2026-08-01T13:20:41.045593+00:00,experiment_2_laptop,suspicious_phone_under_desk_2_laptop,382,35.5392,1,-7.6076,10.9245,1.5843,0.6102,-6.0233,11.5347,0.0102,-0.0264
2026-08-01T13:20:41.045593+00:00,experiment_2_laptop,suspicious_phone_under_desk_2_laptop,383,35.6330,1,-7.5805,10.8904,1.6671,0.2724,-5.9134,11.1628,0.0045,-0.0278
2026-08-01T13:20:41.045593+00:00,experiment_2_laptop,suspicious_phone_under_desk_2_laptop,384,35.7235,1,-7.1999,10.9933,1.0810,0.2377,-6.1190,11.2310,0.0040,-0.0180
2026-08-01T13:20:41.045593+00:00,experiment_2_laptop,suspicious_phone_under_desk_2_laptop,385,35.8148,1,-7.3642,10.7688,1.5198,0.3100,-5.8444,11.0789,0.0052,-0.0253
2026-08-01T13:20:41.045593+00:00,experiment_2_laptop,suspicious_phone_under_desk_2_laptop,386,35.9108,1,-7.3813,10.7451,2.1460,0.6244,-5.2354,11.3695,0.0104,-0.0358
2026-08-01T13:20:41.045593+00:00,experiment_2_laptop,suspicious_phone_under_desk_2_laptop,387,36.0022,1,-7.7129,11.0377,2.1889,0.6550,-5.5241,11.6927,0.0109,-0.0365
2026-08-01T13:20:41.045593+00:00,experiment_2_laptop,suspicious_phone_under_desk_2_laptop,388,36.1028,1,-7.6269,11.0689,3.4525,0.3741,-4.1744,11.4430,0.0062,-0.0575
2026-08-01T13:20:41.045593+00:00,experiment_2_laptop,suspicious_phone_under_desk_2_laptop,389,36.1886,1,-7.4677,11.0979,2.6423,0.3366,-4.8254,11.4345,0.0056,-0.0440
2026-08-01T13:20:41.045593+00:00,experiment_2_laptop,suspicious_phone_under_desk_2_laptop,390,36.2846,1,-7.6772,11.6654,2.8684,0.6940,-4.8088,12.3594,0.0116,-0.0478
2026-08-01T13:20:41.045593+00:00,experiment_2_laptop,suspicious_phone_under_desk_2_laptop,391,36.3748,1,-6.8944,10.8351,1.7536,-0.0146,-5.1408,10.8205,-0.0002,-0.0292
2026-08-01T13:20:41.045593+00:00,experiment_2_laptop,suspicious_phone_under_desk_2_laptop,392,36.4705,1,-7.0373,10.9671,0.7346,0.5657,-6.3027,11.5327,0.0094,-0.0122
2026-08-01T13:20:41.045593+00:00,experiment_2_laptop,suspicious_phone_under_desk_2_laptop,393,36.5604,1,-6.4709,9.8316,0.6492,-1.4472,-5.8217,8.3843,-0.0241,-0.0108
2026-08-01T13:20:41.045593+00:00,experiment_2_laptop,suspicious_phone_under_desk_2_laptop,394,36.6536,1,-7.0024,10.3489,0.8839,-0.7660,-6.1185,9.5829,-0.0128,-0.0147
2026-08-01T13:20:41.045593+00:00,experiment_2_laptop,suspicious_phone_under_desk_2_laptop,395,36.7487,1,-7.2623,10.1754,0.9021,-1.3696,-6.3602,8.8058,-0.0228,-0.0150
2026-08-01T13:20:41.045593+00:00,experiment_2_laptop,suspicious_phone_under_desk_2_laptop,396,36.8395,1,-7.4302,10.5614,1.0690,0.2621,-6.3612,10.8235,0.0044,-0.0178
2026-08-01T13:20:41.045593+00:00,experiment_2_laptop,suspicious_phone_under_desk_2_laptop,397,36.9359,1,-7.4211,10.8499,0.1320,0.4667,-7.2892,11.3167,0.0078,-0.0022
2026-08-01T13:20:41.045593+00:00,experiment_2_laptop,suspicious_phone_under_desk_2_laptop,398,37.0255,1,-6.8538,10.5542,1.3454,0.3274,-5.5084,10.8816,0.0055,-0.0224
2026-08-01T13:20:41.045593+00:00,experiment_2_laptop,suspicious_phone_under_desk_2_laptop,399,37.1201,1,-6.8066,10.7594,1.6679,0.2292,-5.1388,10.9887,0.0038,-0.0278
2026-08-01T13:20:41.045593+00:00,experiment_2_laptop,suspicious_phone_under_desk_2_laptop,400,37.2106,1,-7.2570,10.7923,1.0757,0.2873,-6.1813,11.0796,0.0048,-0.0179
2026-08-01T13:20:41.045593+00:00,experiment_2_laptop,suspicious_phone_under_desk_2_laptop,401,37.3065,1,-7.0000,10.9259,2.0369,0.3784,-4.9631,11.3043,0.0063,-0.0339
2026-08-01T13:20:41.045593+00:00,experiment_2_laptop,suspicious_phone_under_desk_2_laptop,402,37.4023,1,-7.4081,10.8322,1.1162,0.2716,-6.2918,11.1039,0.0045,-0.0186
2026-08-01T13:20:41.045593+00:00,experiment_2_laptop,suspicious_phone_under_desk_2_laptop,403,37.4913,1,-7.7639,11.2166,1.2842,0.0758,-6.4797,11.2925,0.0013,-0.0214
2026-08-01T13:20:41.045593+00:00,experiment_2_laptop,suspicious_phone_under_desk_2_laptop,404,37.5859,1,-7.7208,11.0036,2.2684,0.5114,-5.4524,11.5150,0.0085,-0.0378
2026-08-01T13:20:41.045593+00:00,experiment_2_laptop,suspicious_phone_under_desk_2_laptop,405,37.6787,1,-7.2207,10.7286,3.7487,-1.3806,-3.4720,9.3481,-0.0230,-0.0625
2026-08-01T13:20:41.045593+00:00,experiment_2_laptop,suspicious_phone_under_desk_2_laptop,406,37.7717,1,-6.9822,10.4391,2.3082,-1.4886,-4.6741,8.9505,-0.0248,-0.0385
2026-08-01T13:20:41.045593+00:00,experiment_2_laptop,suspicious_phone_under_desk_2_laptop,407,37.8652,1,-7.0164,10.4974,2.2531,-1.6045,-4.7633,8.8929,-0.0267,-0.0376
2026-08-01T13:20:41.045593+00:00,experiment_2_laptop,suspicious_phone_under_desk_2_laptop,408,37.9582,1,-6.7522,10.5353,1.1777,-1.6399,-5.5745,8.8955,-0.0273,-0.0196
2026-08-01T13:20:41.045593+00:00,experiment_2_laptop,suspicious_phone_under_desk_2_laptop,409,38.0553,1,-6.5848,10.4922,2.3345,-0.1633,-4.2503,10.3289,-0.0027,-0.0389
2026-08-01T13:20:41.045593+00:00,experiment_2_laptop,suspicious_phone_under_desk_2_laptop,410,38.1431,1,-7.0768,11.2965,1.3101,0.4068,-5.7667,11.7033,0.0068,-0.0218
2026-08-01T13:20:41.045593+00:00,experiment_2_laptop,suspicious_phone_under_desk_2_laptop,411,38.2368,1,-7.5670,10.5900,1.8534,0.7567,-5.7136,11.3467,0.0126,-0.0309
2026-08-01T13:20:41.045593+00:00,experiment_2_laptop,suspicious_phone_under_desk_2_laptop,412,38.3305,1,-7.1544,10.8484,1.7843,0.8194,-5.3701,11.6679,0.0137,-0.0297
2026-08-01T13:20:41.045593+00:00,experiment_2_laptop,suspicious_phone_under_desk_2_laptop,413,38.4218,1,-7.5023,11.1455,1.5478,0.6473,-5.9546,11.7928,0.0108,-0.0258
2026-08-01T13:20:41.045593+00:00,experiment_2_laptop,suspicious_phone_under_desk_2_laptop,414,38.5167,1,-7.0061,10.6853,1.8622,0.1966,-5.1439,10.8820,0.0033,-0.0310
2026-08-01T13:20:41.045593+00:00,experiment_2_laptop,suspicious_phone_under_desk_2_laptop,415,38.6100,1,-7.1210,11.0204,1.8489,0.0889,-5.2720,11.1093,0.0015,-0.0308
2026-08-01T13:20:41.045593+00:00,experiment_2_laptop,suspicious_phone_under_desk_2_laptop,416,38.7010,1,-7.4460,10.6242,1.2365,-1.5494,-6.2095,9.0748,-0.0258,-0.0206
2026-08-01T13:20:41.045593+00:00,experiment_2_laptop,suspicious_phone_under_desk_2_laptop,417,38.7957,1,-7.3647,10.6897,1.8311,-1.2734,-5.5336,9.4164,-0.0212,-0.0305
2026-08-01T13:20:41.045593+00:00,experiment_2_laptop,suspicious_phone_under_desk_2_laptop,418,38.8868,1,-7.1610,10.4645,1.8903,-1.4985,-5.2707,8.9660,-0.0250,-0.0315
2026-08-01T13:20:41.045593+00:00,experiment_2_laptop,suspicious_phone_under_desk_2_laptop,419,38.9813,1,-6.8778,10.8751,1.6548,-1.5582,-5.2230,9.3169,-0.0260,-0.0276
2026-08-01T13:20:41.045593+00:00,experiment_2_laptop,suspicious_phone_under_desk_2_laptop,420,39.0734,1,-7.4673,10.5716,2.2146,-1.4252,-5.2527,9.1464,-0.0238,-0.0369
2026-08-01T13:20:41.045593+00:00,experiment_2_laptop,suspicious_phone_under_desk_2_laptop,421,39.1705,1,-7.1687,10.6143,1.7924,-1.6866,-5.3763,8.9277,-0.0281,-0.0299
2026-08-01T13:20:41.045593+00:00,experiment_2_laptop,suspicious_phone_under_desk_2_laptop,422,39.2593,1,-7.3165,10.6612,2.2368,-1.0795,-5.0798,9.5818,-0.0180,-0.0373
2026-08-01T13:20:41.045593+00:00,experiment_2_laptop,suspicious_phone_under_desk_2_laptop,423,39.3565,1,-6.9242,10.8956,1.9982,0.6873,-4.9260,11.5830,0.0115,-0.0333
2026-08-01T13:20:41.045593+00:00,experiment_2_laptop,suspicious_phone_under_desk_2_laptop,424,39.4465,1,-7.2262,10.9096,2.0624,0.6401,-5.1639,11.5497,0.0107,-0.0344
2026-08-01T13:20:41.045593+00:00,experiment_2_laptop,suspicious_phone_under_desk_2_laptop,425,39.5400,1,-7.0524,10.8831,0.6937,0.7178,-6.3587,11.6009,0.0120,-0.0116
2026-08-01T13:20:41.045593+00:00,experiment_2_laptop,suspicious_phone_under_desk_2_laptop,426,39.6312,1,-7.5430,11.0548,1.3334,0.3893,-6.2097,11.4441,0.0065,-0.0222
2026-08-01T13:20:41.045593+00:00,experiment_2_laptop,suspicious_phone_under_desk_2_laptop,427,39.7244,1,-7.1953,11.0551,0.7140,0.1635,-6.4813,11.2186,0.0027,-0.0119
2026-08-01T13:20:41.045593+00:00,experiment_2_laptop,suspicious_phone_under_desk_2_laptop,428,39.8218,1,-6.4745,11.2428,1.5257,0.2579,-4.9488,11.5007,0.0043,-0.0254
2026-08-01T13:20:41.045593+00:00,experiment_2_laptop,suspicious_phone_under_desk_2_laptop,429,39.9117,1,-7.5078,11.1513,2.0575,0.4901,-5.4503,11.6413,0.0082,-0.0343
2026-08-01T13:20:41.045593+00:00,experiment_2_laptop,suspicious_phone_under_desk_2_laptop,430,40.0068,1,-7.0970,10.8452,1.7998,-1.8328,-5.2973,9.0124,-0.0305,-0.0300
2026-08-01T13:20:41.045593+00:00,experiment_2_laptop,suspicious_phone_under_desk_2_laptop,431,40.0981,1,-6.6709,10.2964,1.4678,-1.3391,-5.2032,8.9573,-0.0223,-0.0245
2026-08-01T13:20:41.045593+00:00,experiment_2_laptop,suspicious_phone_under_desk_2_laptop,432,40.1894,1,-6.6799,10.0257,0.6637,-1.6210,-6.0161,8.4047,-0.0270,-0.0111
2026-08-01T13:20:41.045593+00:00,experiment_2_laptop,suspicious_phone_under_desk_2_laptop,433,40.2823,1,-6.7796,9.9546,2.2020,-1.1017,-4.5776,8.8529,-0.0184,-0.0367
2026-08-01T13:20:41.045593+00:00,experiment_2_laptop,suspicious_phone_under_desk_2_laptop,434,40.3754,1,-7.1443,10.3254,1.7047,-1.5242,-5.4396,8.8012,-0.0254,-0.0284
2026-08-01T13:20:41.045593+00:00,experiment_2_laptop,suspicious_phone_under_desk_2_laptop,435,40.4729,1,-7.1805,10.3855,1.8872,0.0964,-5.2933,10.4819,0.0016,-0.0315
2026-08-01T13:20:41.045593+00:00,experiment_2_laptop,suspicious_phone_under_desk_2_laptop,436,40.5627,1,-7.0125,10.9651,1.2300,0.4454,-5.7825,11.4105,0.0074,-0.0205
2026-08-01T13:20:41.045593+00:00,experiment_2_laptop,suspicious_phone_under_desk_2_laptop,437,40.6557,1,-7.0755,10.8630,1.4816,0.3487,-5.5940,11.2116,0.0058,-0.0247
2026-08-01T13:20:41.045593+00:00,experiment_2_laptop,suspicious_phone_under_desk_2_laptop,438,40.7493,1,-7.3359,10.9755,1.0033,0.2223,-6.3326,11.1978,0.0037,-0.0167
2026-08-01T13:20:41.045593+00:00,experiment_2_laptop,suspicious_phone_under_desk_2_laptop,439,40.8421,1,-6.8604,10.8924,1.5757,0.1573,-5.2848,11.0497,0.0026,-0.0263
2026-08-01T13:20:41.045593+00:00,experiment_2_laptop,suspicious_phone_under_desk_2_laptop,440,40.9397,1,-7.2594,10.4292,1.9812,1.0572,-5.2783,11.4864,0.0176,-0.0330
2026-08-01T13:20:41.045593+00:00,experiment_2_laptop,suspicious_phone_under_desk_2_laptop,441,41.0268,1,-6.7764,10.3696,1.6650,0.7711,-5.1114,11.1407,0.0129,-0.0277
2026-08-01T13:20:41.045593+00:00,experiment_2_laptop,suspicious_phone_under_desk_2_laptop,442,41.1231,1,-6.5152,10.6043,1.7104,0.0444,-4.8048,10.6487,0.0007,-0.0285
2026-08-01T13:20:41.045593+00:00,experiment_2_laptop,suspicious_phone_under_desk_2_laptop,443,41.2137,1,-7.1062,10.2054,2.1664,-2.0071,-4.9398,8.1983,-0.0335,-0.0361
2026-08-01T13:20:41.045593+00:00,experiment_2_laptop,suspicious_phone_under_desk_2_laptop,444,41.3077,1,-7.1938,10.1348,1.8119,-1.9233,-5.3819,8.2115,-0.0321,-0.0302
2026-08-01T13:20:41.045593+00:00,experiment_2_laptop,suspicious_phone_under_desk_2_laptop,445,41.3990,1,-7.0718,10.3849,2.1318,-1.6197,-4.9401,8.7652,-0.0270,-0.0355
2026-08-01T13:20:41.045593+00:00,experiment_2_laptop,suspicious_phone_under_desk_2_laptop,446,41.4941,1,-6.5557,10.5489,2.3185,-0.8688,-4.2372,9.6801,-0.0145,-0.0386
2026-08-01T13:20:41.045593+00:00,experiment_2_laptop,suspicious_phone_under_desk_2_laptop,447,41.5897,1,-7.0997,10.9981,1.6058,-0.0492,-5.4939,10.9489,-0.0008,-0.0268
2026-08-01T13:20:41.045593+00:00,experiment_2_laptop,suspicious_phone_under_desk_2_laptop,448,41.6804,1,-6.7339,10.6012,1.1347,0.6428,-5.5992,11.2440,0.0107,-0.0189
2026-08-01T13:20:41.045593+00:00,experiment_2_laptop,suspicious_phone_under_desk_2_laptop,449,41.7728,1,-7.2085,10.5418,2.0046,0.9235,-5.2039,11.4653,0.0154,-0.0334
2026-08-01T13:20:41.045593+00:00,experiment_2_laptop,suspicious_phone_under_desk_2_laptop,450,41.8658,1,-6.6312,11.1626,1.5819,0.2911,-5.0493,11.4537,0.0049,-0.0264
2026-08-01T13:20:41.045593+00:00,experiment_2_laptop,suspicious_phone_under_desk_2_laptop,451,41.9592,1,-7.5249,10.9759,1.9903,0.2143,-5.5345,11.1902,0.0036,-0.0332
2026-08-01T13:20:41.045593+00:00,experiment_2_laptop,suspicious_phone_under_desk_2_laptop,452,42.0479,1,-7.0653,10.8268,1.3846,0.2869,-5.6806,11.1137,0.0048,-0.0231
2026-08-01T13:20:41.045593+00:00,experiment_2_laptop,suspicious_phone_under_desk_2_laptop,453,42.1583,1,-7.1621,11.0091,1.8528,0.3958,-5.3092,11.4049,0.0066,-0.0309
2026-08-01T13:20:41.045593+00:00,experiment_2_laptop,suspicious_phone_under_desk_2_laptop,454,42.2460,1,-7.0124,10.9114,1.5418,0.4951,-5.4706,11.4066,0.0083,-0.0257
2026-08-01T13:20:41.045593+00:00,experiment_2_laptop,suspicious_phone_under_desk_2_laptop,455,42.3418,1,-6.6465,10.0935,1.2101,-1.7302,-5.4364,8.3633,-0.0288,-0.0202
2026-08-01T13:20:41.045593+00:00,experiment_2_laptop,suspicious_phone_under_desk_2_laptop,456,42.4317,1,-6.1875,9.5562,2.2420,-0.8761,-3.9456,8.6801,-0.0146,-0.0374
2026-08-01T13:20:41.045593+00:00,experiment_2_laptop,suspicious_phone_under_desk_2_laptop,457,42.5247,1,-6.6683,9.5746,2.0150,-0.8213,-4.6533,8.7533,-0.0137,-0.0336
2026-08-01T13:20:41.045593+00:00,experiment_2_laptop,suspicious_phone_under_desk_2_laptop,458,42.6156,1,-6.3302,9.4830,1.7816,-1.0897,-4.5486,8.3933,-0.0182,-0.0297
2026-08-01T13:20:41.045593+00:00,experiment_2_laptop,suspicious_phone_under_desk_2_laptop,459,42.7098,1,-5.8886,9.2748,2.2724,-0.8871,-3.6162,8.3877,-0.0148,-0.0379
2026-08-01T13:20:41.045593+00:00,experiment_2_laptop,suspicious_phone_under_desk_2_laptop,460,42.8110,1,-7.2052,10.5091,1.8629,-0.1116,-5.3422,10.3975,-0.0019,-0.0310
2026-08-01T13:20:41.045593+00:00,experiment_2_laptop,suspicious_phone_under_desk_2_laptop,461,42.8953,1,-6.6003,10.1407,1.3925,0.7504,-5.2077,10.8911,0.0125,-0.0232
2026-08-01T13:20:41.045593+00:00,experiment_2_laptop,suspicious_phone_under_desk_2_laptop,462,42.9916,1,-6.8381,10.3914,1.4529,0.3122,-5.3852,10.7036,0.0052,-0.0242
2026-08-01T13:20:41.045593+00:00,experiment_2_laptop,suspicious_phone_under_desk_2_laptop,463,43.0832,1,-6.7634,10.4984,1.3216,0.6497,-5.4418,11.1480,0.0108,-0.0220
2026-08-01T13:20:41.045593+00:00,experiment_2_laptop,suspicious_phone_under_desk_2_laptop,464,43.1774,1,-6.9633,10.1969,1.6783,0.5966,-5.2850,10.7935,0.0099,-0.0280
2026-08-01T13:20:41.045593+00:00,experiment_2_laptop,suspicious_phone_under_desk_2_laptop,465,43.2673,1,-6.7691,10.4399,1.6213,0.4997,-5.1478,10.9396,0.0083,-0.0270
2026-08-01T13:20:41.045593+00:00,experiment_2_laptop,suspicious_phone_under_desk_2_laptop,466,43.3641,1,-6.1194,9.9491,2.1667,0.0331,-3.9526,9.9822,0.0006,-0.0361
2026-08-01T13:20:41.045593+00:00,experiment_2_laptop,suspicious_phone_under_desk_2_laptop,467,43.4551,1,-7.1011,9.9925,1.7157,0.2969,-5.3853,10.2895,0.0049,-0.0286
2026-08-01T13:20:41.045593+00:00,experiment_2_laptop,suspicious_phone_under_desk_2_laptop,468,43.5481,1,-6.6453,9.8697,1.9772,1.0441,-4.6681,10.9138,0.0174,-0.0330
2026-08-01T13:20:41.045593+00:00,experiment_2_laptop,suspicious_phone_under_desk_2_laptop,469,43.6395,1,-6.9132,9.9510,2.5166,1.0980,-4.3967,11.0489,0.0183,-0.0419
2026-08-01T13:20:41.045593+00:00,experiment_2_laptop,suspicious_phone_under_desk_2_laptop,470,43.7340,1,-6.3417,9.7340,2.5662,-0.6016,-3.7755,9.1324,-0.0100,-0.0428
2026-08-01T13:20:41.045593+00:00,experiment_2_laptop,suspicious_phone_under_desk_2_laptop,471,43.8271,1,-6.4153,9.3446,1.2145,-1.2861,-5.2008,8.0584,-0.0214,-0.0202
2026-08-01T13:20:41.045593+00:00,experiment_2_laptop,suspicious_phone_under_desk_2_laptop,472,43.9188,1,-6.4714,9.4197,1.0487,-1.5108,-5.4226,7.9090,-0.0252,-0.0175
2026-08-01T13:20:41.045593+00:00,experiment_2_laptop,suspicious_phone_under_desk_2_laptop,473,44.0142,1,-7.1658,9.7529,2.2937,-1.3357,-4.8721,8.4171,-0.0223,-0.0382
2026-08-01T13:20:41.045593+00:00,experiment_2_laptop,suspicious_phone_under_desk_2_laptop,474,44.1096,1,-6.2344,9.5607,1.1356,-0.9469,-5.0987,8.6138,-0.0158,-0.0189
2026-08-01T13:20:41.045593+00:00,experiment_2_laptop,suspicious_phone_under_desk_2_laptop,475,44.1995,1,-6.8282,9.8303,2.0444,0.5691,-4.7838,10.3995,0.0095,-0.0341
2026-08-01T13:20:41.045593+00:00,experiment_2_laptop,suspicious_phone_under_desk_2_laptop,476,44.2923,1,-6.7890,10.5988,1.0132,0.8495,-5.7758,11.4484,0.0142,-0.0169
2026-08-01T13:20:41.045593+00:00,experiment_2_laptop,suspicious_phone_under_desk_2_laptop,477,44.3855,1,-6.6074,10.3333,2.0476,0.5994,-4.5597,10.9327,0.0100,-0.0341
2026-08-01T13:20:41.045593+00:00,experiment_2_laptop,suspicious_phone_under_desk_2_laptop,478,44.4786,1,-6.7070,9.9347,1.9101,0.5383,-4.7969,10.4730,0.0090,-0.0318
2026-08-01T13:20:41.045593+00:00,experiment_2_laptop,suspicious_phone_under_desk_2_laptop,479,44.5761,1,-6.8388,9.9021,2.1886,0.5754,-4.6502,10.4775,0.0096,-0.0365
2026-08-01T13:20:41.045593+00:00,experiment_2_laptop,suspicious_phone_under_desk_2_laptop,480,44.6642,1,-7.6494,10.6019,2.1577,0.6108,-5.4917,11.2127,0.0102,-0.0360
2026-08-01T13:20:41.045593+00:00,experiment_2_laptop,suspicious_phone_under_desk_2_laptop,481,44.7593,1,-7.1469,10.4015,1.9088,0.0831,-5.2381,10.4847,0.0014,-0.0318
2026-08-01T13:20:41.045593+00:00,experiment_2_laptop,suspicious_phone_under_desk_2_laptop,482,44.8508,1,-6.7766,9.8990,2.2780,-0.9640,-4.4986,8.9350,-0.0161,-0.0380
2026-08-01T13:20:41.045593+00:00,experiment_2_laptop,suspicious_phone_under_desk_2_laptop,483,44.9441,1,-6.9080,9.9765,3.3214,-1.3209,-3.5867,8.6555,-0.0220,-0.0554
2026-08-01T13:20:41.045593+00:00,experiment_2_laptop,suspicious_phone_under_desk_2_laptop,484,45.0351,1,-6.6970,9.3469,2.9911,-1.3787,-3.7059,7.9682,-0.0230,-0.0499
2026-08-01T13:23:15.782644+00:00,experiment_2_laptop,natural_stretch_and_drink_2_laptop,1,0.0807,1,-3.7787,14.0310,3.2017,0.0224,-0.5770,14.0534,0.0004,-0.0534
2026-08-01T13:23:15.782644+00:00,experiment_2_laptop,natural_stretch_and_drink_2_laptop,2,0.1733,1,-3.8702,13.8444,3.8412,0.3795,-0.0290,14.2240,0.0063,-0.0640
2026-08-01T13:23:15.782644+00:00,experiment_2_laptop,natural_stretch_and_drink_2_laptop,3,0.2681,1,-4.3171,13.7924,4.1252,-0.1349,-0.1919,13.6575,-0.0022,-0.0688
2026-08-01T13:23:15.782644+00:00,experiment_2_laptop,natural_stretch_and_drink_2_laptop,4,0.3611,1,-3.9683,13.6839,5.0017,0.1652,1.0334,13.8491,0.0028,-0.0834
2026-08-01T13:23:15.782644+00:00,experiment_2_laptop,natural_stretch_and_drink_2_laptop,5,0.4604,1,-4.0746,13.3502,4.8082,0.2497,0.7336,13.5998,0.0042,-0.0801
2026-08-01T13:23:15.782644+00:00,experiment_2_laptop,natural_stretch_and_drink_2_laptop,6,0.5477,1,-3.6885,12.6970,4.6663,0.7053,0.9778,13.4024,0.0118,-0.0778
2026-08-01T13:23:15.782644+00:00,experiment_2_laptop,natural_stretch_and_drink_2_laptop,7,0.6402,1,-3.4926,12.7732,4.2429,-0.8498,0.7503,11.9234,-0.0142,-0.0707
2026-08-01T13:23:15.782644+00:00,experiment_2_laptop,natural_stretch_and_drink_2_laptop,8,0.7323,1,-3.3836,12.2947,4.4657,-0.6567,1.0821,11.6379,-0.0109,-0.0744
2026-08-01T13:23:15.782644+00:00,experiment_2_laptop,natural_stretch_and_drink_2_laptop,9,0.8283,1,-3.6912,12.8072,2.7505,-0.4243,-0.9407,12.3829,-0.0071,-0.0458
2026-08-01T13:23:15.782644+00:00,experiment_2_laptop,natural_stretch_and_drink_2_laptop,10,0.9185,1,-3.5331,13.1938,5.4893,-0.4653,1.9562,12.7285,-0.0078,-0.0915
2026-08-01T13:23:15.782644+00:00,experiment_2_laptop,natural_stretch_and_drink_2_laptop,11,1.0099,1,-3.8550,13.8306,4.9209,-0.6032,1.0659,13.2274,-0.0101,-0.0820
2026-08-01T13:23:15.782644+00:00,experiment_2_laptop,natural_stretch_and_drink_2_laptop,12,1.1071,1,-3.5124,13.1727,3.9445,-0.3282,0.4321,12.8445,-0.0055,-0.0657
2026-08-01T13:23:15.782644+00:00,experiment_2_laptop,natural_stretch_and_drink_2_laptop,13,1.1979,1,-3.4648,12.9291,4.6937,-0.5801,1.2289,12.3490,-0.0097,-0.0782
2026-08-01T13:23:15.782644+00:00,experiment_2_laptop,natural_stretch_and_drink_2_laptop,14,1.2927,1,-3.8286,12.8199,4.5323,0.1088,0.7037,12.9287,0.0018,-0.0755
2026-08-01T13:23:15.782644+00:00,experiment_2_laptop,natural_stretch_and_drink_2_laptop,15,1.3857,1,-4.4899,13.2491,4.5911,-0.3508,0.1012,12.8983,-0.0058,-0.0765
2026-08-01T13:23:15.782644+00:00,experiment_2_laptop,natural_stretch_and_drink_2_laptop,16,1.4766,1,-3.8315,13.1747,5.6991,-0.7078,1.8676,12.4669,-0.0118,-0.0950
2026-08-01T13:23:15.782644+00:00,experiment_2_laptop,natural_stretch_and_drink_2_laptop,17,1.5713,1,-3.4771,13.5221,3.6682,-0.9635,0.1911,12.5586,-0.0161,-0.0611
2026-08-01T13:23:15.782644+00:00,experiment_2_laptop,natural_stretch_and_drink_2_laptop,18,1.6629,1,-4.1070,13.2185,4.0073,-0.5230,-0.0997,12.6956,-0.0087,-0.0668
2026-08-01T13:23:15.782644+00:00,experiment_2_laptop,natural_stretch_and_drink_2_laptop,19,1.7586,1,-4.6588,14.0971,4.9938,-0.1788,0.3349,13.9183,-0.0030,-0.0832
2026-08-01T13:23:15.782644+00:00,experiment_2_laptop,natural_stretch_and_drink_2_laptop,20,1.8488,1,-4.7831,15.0464,4.7983,-0.4559,0.0151,14.5905,-0.0076,-0.0800
2026-08-01T13:23:15.782644+00:00,experiment_2_laptop,natural_stretch_and_drink_2_laptop,21,1.9432,1,-4.3066,13.5088,5.0723,-0.1249,0.7657,13.3839,-0.0021,-0.0845
2026-08-01T13:23:15.782644+00:00,experiment_2_laptop,natural_stretch_and_drink_2_laptop,22,2.0360,1,-4.1146,13.5583,4.7348,-0.4504,0.6202,13.1079,-0.0075,-0.0789
2026-08-01T13:23:15.782644+00:00,experiment_2_laptop,natural_stretch_and_drink_2_laptop,23,2.1280,1,-4.2958,12.8662,4.0420,-0.4420,-0.2538,12.4242,-0.0074,-0.0674
2026-08-01T13:23:15.782644+00:00,experiment_2_laptop,natural_stretch_and_drink_2_laptop,24,2.2215,1,-3.3741,12.3148,4.6750,-0.9141,1.3008,11.4007,-0.0152,-0.0779
2026-08-01T13:23:15.782644+00:00,experiment_2_laptop,natural_stretch_and_drink_2_laptop,25,2.3151,1,-3.4839,13.2507,4.1545,-0.6265,0.6706,12.6242,-0.0104,-0.0692
2026-08-01T13:23:15.782644+00:00,experiment_2_laptop,natural_stretch_and_drink_2_laptop,26,2.4123,1,-2.6846,12.6174,4.2772,-0.3889,1.5925,12.2286,-0.0065,-0.0713
2026-08-01T13:23:15.782644+00:00,experiment_2_laptop,natural_stretch_and_drink_2_laptop,27,2.5000,1,-3.5768,12.4036,4.5572,-0.2982,0.9804,12.1054,-0.0050,-0.0760
2026-08-01T13:23:15.782644+00:00,experiment_2_laptop,natural_stretch_and_drink_2_laptop,28,2.5932,1,-2.6007,12.4355,4.1471,0.5692,1.5464,13.0046,0.0095,-0.0691
2026-08-01T13:23:15.782644+00:00,experiment_2_laptop,natural_stretch_and_drink_2_laptop,29,2.6875,1,-2.8844,12.0095,4.2438,0.7036,1.3594,12.7131,0.0117,-0.0707
2026-08-01T13:23:15.782644+00:00,experiment_2_laptop,natural_stretch_and_drink_2_laptop,30,2.7787,1,-3.3234,12.8186,4.0467,0.1895,0.7233,13.0081,0.0032,-0.0674
2026-08-01T13:23:15.782644+00:00,experiment_2_laptop,natural_stretch_and_drink_2_laptop,31,2.8730,1,-3.0163,12.3369,3.7043,0.4171,0.6880,12.7540,0.0070,-0.0617
2026-08-01T13:23:15.782644+00:00,experiment_2_laptop,natural_stretch_and_drink_2_laptop,32,2.9664,1,-3.1369,12.3605,4.2456,0.6717,1.1088,13.0322,0.0112,-0.0708
2026-08-01T13:23:15.782644+00:00,experiment_2_laptop,natural_stretch_and_drink_2_laptop,33,3.0598,1,-3.9262,13.2530,8.4486,0.0139,4.5224,13.2669,0.0002,-0.1408
2026-08-01T13:23:15.782644+00:00,experiment_2_laptop,natural_stretch_and_drink_2_laptop,34,3.1530,1,-3.0943,12.7216,6.4531,-0.7383,3.3588,11.9833,-0.0123,-0.1076
2026-08-01T13:23:15.782644+00:00,experiment_2_laptop,natural_stretch_and_drink_2_laptop,35,3.2473,1,-3.1425,12.3945,5.2211,-0.5479,2.0786,11.8466,-0.0091,-0.0870
2026-08-01T13:23:15.782644+00:00,experiment_2_laptop,natural_stretch_and_drink_2_laptop,36,3.3372,1,-3.3674,13.0413,5.9345,-1.8614,2.5671,11.1799,-0.0310,-0.0989
2026-08-01T13:23:15.782644+00:00,experiment_2_laptop,natural_stretch_and_drink_2_laptop,37,3.4303,1,-3.0602,13.0711,5.1388,-0.8823,2.0785,12.1888,-0.0147,-0.0856
2026-08-01T13:23:15.782644+00:00,experiment_2_laptop,natural_stretch_and_drink_2_laptop,38,3.5311,1,-3.2383,13.2181,5.4631,-0.4925,2.2248,12.7256,-0.0082,-0.0911
2026-08-01T13:23:15.782644+00:00,experiment_2_laptop,natural_stretch_and_drink_2_laptop,39,3.6163,1,-3.1278,12.8841,4.9614,-0.3474,1.8336,12.5367,-0.0058,-0.0827
2026-08-01T13:23:15.782644+00:00,experiment_2_laptop,natural_stretch_and_drink_2_laptop,40,3.7112,1,-1.9472,12.7544,5.6183,-0.4129,3.6711,12.3415,-0.0069,-0.0936
2026-08-01T13:23:15.782644+00:00,experiment_2_laptop,natural_stretch_and_drink_2_laptop,41,3.8029,1,-3.5190,14.0527,5.2728,-0.3882,1.7538,13.6646,-0.0065,-0.0879
2026-08-01T13:23:15.782644+00:00,experiment_2_laptop,natural_stretch_and_drink_2_laptop,42,3.8982,1,-2.8167,13.4771,5.3383,-0.1763,2.5216,13.3009,-0.0029,-0.0890
2026-08-01T13:23:15.782644+00:00,experiment_2_laptop,natural_stretch_and_drink_2_laptop,43,3.9886,1,-2.7323,13.0699,5.2862,-0.2918,2.5539,12.7781,-0.0049,-0.0881
2026-08-01T13:23:15.782644+00:00,experiment_2_laptop,natural_stretch_and_drink_2_laptop,44,4.0832,1,-3.0140,12.7057,4.6936,-0.3559,1.6796,12.3498,-0.0059,-0.0782
2026-08-01T13:23:15.782644+00:00,experiment_2_laptop,natural_stretch_and_drink_2_laptop,45,4.1789,1,-3.2416,12.8617,4.4499,-0.5659,1.2083,12.2958,-0.0094,-0.0742
2026-08-01T13:23:15.782644+00:00,experiment_2_laptop,natural_stretch_and_drink_2_laptop,46,4.2686,1,-3.6690,13.6260,5.0340,-0.4514,1.3650,13.1746,-0.0075,-0.0839
2026-08-01T13:23:15.782644+00:00,experiment_2_laptop,natural_stretch_and_drink_2_laptop,47,4.3637,1,-3.4077,13.5058,4.8861,-0.7666,1.4784,12.7392,-0.0128,-0.0814
2026-08-01T13:23:15.782644+00:00,experiment_2_laptop,natural_stretch_and_drink_2_laptop,48,4.4537,1,-3.3119,13.5089,4.9234,-0.8561,1.6115,12.6528,-0.0143,-0.0821
2026-08-01T13:23:15.782644+00:00,experiment_2_laptop,natural_stretch_and_drink_2_laptop,49,4.5471,1,-3.3000,13.8122,3.5279,-0.6968,0.2279,13.1155,-0.0116,-0.0588
2026-08-01T13:23:15.782644+00:00,experiment_2_laptop,natural_stretch_and_drink_2_laptop,50,4.6457,1,-3.7654,13.3530,4.9331,-0.5544,1.1677,12.7986,-0.0092,-0.0822
2026-08-01T13:23:15.782644+00:00,experiment_2_laptop,natural_stretch_and_drink_2_laptop,51,4.7361,1,-3.6170,13.7026,5.2042,-0.7341,1.5872,12.9685,-0.0122,-0.0867
2026-08-01T13:23:15.782644+00:00,experiment_2_laptop,natural_stretch_and_drink_2_laptop,52,4.8289,1,-3.1114,13.5536,4.8691,-0.5538,1.7577,12.9999,-0.0092,-0.0812
2026-08-01T13:23:15.782644+00:00,experiment_2_laptop,natural_stretch_and_drink_2_laptop,53,4.9190,1,-2.9965,13.8388,5.7960,-0.6232,2.7995,13.2156,-0.0104,-0.0966
2026-08-01T13:23:15.782644+00:00,experiment_2_laptop,natural_stretch_and_drink_2_laptop,54,5.0143,1,-3.5847,13.6723,4.5573,-0.8008,0.9726,12.8715,-0.0133,-0.0760
2026-08-01T13:23:15.782644+00:00,experiment_2_laptop,natural_stretch_and_drink_2_laptop,55,5.1074,1,-2.7467,13.3140,3.9774,-0.9667,1.2307,12.3472,-0.0161,-0.0663
2026-08-01T13:23:15.782644+00:00,experiment_2_laptop,natural_stretch_and_drink_2_laptop,56,5.1982,1,-3.2707,13.4329,6.2819,-0.2715,3.0112,13.1614,-0.0045,-0.1047
2026-08-01T13:23:15.782644+00:00,experiment_2_laptop,natural_stretch_and_drink_2_laptop,57,5.2962,1,-2.7542,13.2644,6.0584,-0.2708,3.3042,12.9936,-0.0045,-0.1010
2026-08-01T13:23:15.782644+00:00,experiment_2_laptop,natural_stretch_and_drink_2_laptop,58,5.3858,1,-3.3021,13.8540,5.0500,-0.4893,1.7479,13.3647,-0.0082,-0.0842
2026-08-01T13:23:15.782644+00:00,experiment_2_laptop,natural_stretch_and_drink_2_laptop,59,5.4805,1,-2.4763,13.5401,5.7496,-0.5132,3.2733,13.0269,-0.0086,-0.0958
2026-08-01T13:23:15.782644+00:00,experiment_2_laptop,natural_stretch_and_drink_2_laptop,60,5.5714,1,-2.8242,13.7198,5.3783,-0.5305,2.5541,13.1893,-0.0088,-0.0896
2026-08-01T13:23:15.782644+00:00,experiment_2_laptop,natural_stretch_and_drink_2_laptop,61,5.6658,1,-3.0557,14.0226,5.0607,-0.4505,2.0051,13.5721,-0.0075,-0.0843
2026-08-01T13:23:15.782644+00:00,experiment_2_laptop,natural_stretch_and_drink_2_laptop,62,5.7565,1,-2.6453,13.3661,4.2092,-0.6808,1.5639,12.6852,-0.0113,-0.0702
2026-08-01T13:23:15.782644+00:00,experiment_2_laptop,natural_stretch_and_drink_2_laptop,63,5.8495,1,-1.2987,13.1562,3.3621,-0.8770,2.0634,12.2792,-0.0146,-0.0560
2026-08-01T13:23:15.782644+00:00,experiment_2_laptop,natural_stretch_and_drink_2_laptop,64,5.9471,1,-0.9868,13.1502,4.7926,-0.5416,3.8058,12.6086,-0.0090,-0.0799
2026-08-01T13:23:15.782644+00:00,experiment_2_laptop,natural_stretch_and_drink_2_laptop,65,6.0359,1,-1.7957,13.5718,3.0374,-0.1007,1.2417,13.4711,-0.0017,-0.0506
2026-08-01T13:23:15.782644+00:00,experiment_2_laptop,natural_stretch_and_drink_2_laptop,66,6.1303,1,-1.1295,13.0139,4.5116,-0.3035,3.3821,12.7105,-0.0051,-0.0752
2026-08-01T13:23:15.782644+00:00,experiment_2_laptop,natural_stretch_and_drink_2_laptop,67,6.2222,1,-1.6851,12.8804,3.4227,0.1083,1.7375,12.9886,0.0018,-0.0570
2026-08-01T13:23:15.782644+00:00,experiment_2_laptop,natural_stretch_and_drink_2_laptop,68,6.3162,1,-0.4300,13.6728,5.0064,-0.8647,4.5764,12.8080,-0.0144,-0.0834
2026-08-01T13:23:15.782644+00:00,experiment_2_laptop,natural_stretch_and_drink_2_laptop,69,6.4091,1,0.0761,13.8601,4.7388,-0.4788,4.8149,13.3813,-0.0080,-0.0790
2026-08-01T13:23:15.782644+00:00,experiment_2_laptop,natural_stretch_and_drink_2_laptop,70,6.5006,1,2.7889,11.1555,5.8688,0.4230,8.6578,11.5785,0.0070,-0.0978
2026-08-01T13:23:15.782644+00:00,experiment_2_laptop,natural_stretch_and_drink_2_laptop,71,6.5975,1,4.0398,7.9454,3.4177,0.9937,7.4575,8.9391,0.0166,-0.0570
2026-08-01T13:23:15.782644+00:00,experiment_2_laptop,natural_stretch_and_drink_2_laptop,72,6.6872,1,6.8148,7.0871,2.5849,3.0077,9.3997,10.0948,0.0501,-0.0431
2026-08-01T13:23:15.782644+00:00,experiment_2_laptop,natural_stretch_and_drink_2_laptop,73,6.7805,1,17.9704,1.4794,-3.0223,10.5063,14.9480,11.9857,0.1751,0.0504
2026-08-01T13:23:15.782644+00:00,experiment_2_laptop,natural_stretch_and_drink_2_laptop,74,6.8735,1,17.6527,3.2799,-9.4472,14.6289,8.2055,17.9088,0.2438,0.1575
2026-08-01T13:23:15.782644+00:00,experiment_2_laptop,natural_stretch_and_drink_2_laptop,75,6.9680,1,23.9131,4.7810,-10.5941,14.0576,13.3191,18.8386,0.2343,0.1766
2026-08-01T13:23:15.782644+00:00,experiment_2_laptop,natural_stretch_and_drink_2_laptop,76,7.0610,1,27.4186,2.3583,-10.6159,13.3502,16.8027,15.7085,0.2225,0.1769
2026-08-01T13:23:15.782644+00:00,experiment_2_laptop,natural_stretch_and_drink_2_laptop,77,7.1539,1,28.7245,4.0596,-10.5431,12.1064,18.1814,16.1661,0.2018,0.1757
2026-08-01T13:23:15.782644+00:00,experiment_2_laptop,natural_stretch_and_drink_2_laptop,78,7.2462,1,27.4507,3.9744,-11.2643,8.9285,16.1863,12.9029,0.1488,0.1877
2026-08-01T13:23:15.782644+00:00,experiment_2_laptop,natural_stretch_and_drink_2_laptop,79,7.3407,1,27.4079,2.9043,4.1329,31.1237,31.5409,34.0280,0.5187,-0.0689
2026-08-01T13:23:15.782644+00:00,experiment_2_laptop,natural_stretch_and_drink_2_laptop,80,7.4334,1,24.3539,-0.0243,-9.0555,14.3254,15.2984,14.3011,0.2388,0.1509
2026-08-01T13:23:15.782644+00:00,experiment_2_laptop,natural_stretch_and_drink_2_laptop,81,7.5244,1,18.2593,2.6310,3.3627,8.9239,21.6220,11.5549,0.1487,-0.0560
2026-08-01T13:23:15.782644+00:00,experiment_2_laptop,natural_stretch_and_drink_2_laptop,82,7.6175,1,19.5433,2.9839,0.6617,5.1192,20.2050,8.1030,0.0853,-0.0110
2026-08-01T13:23:15.782644+00:00,experiment_2_laptop,natural_stretch_and_drink_2_laptop,83,7.7150,1,19.9142,-0.5029,14.7612,3.5689,34.6754,3.0661,0.0595,-0.2460
2026-08-01T13:23:15.782644+00:00,experiment_2_laptop,natural_stretch_and_drink_2_laptop,84,7.8036,1,13.7907,-0.2881,5.4258,-1.8870,19.2165,-2.1751,-0.0314,-0.0904
2026-08-01T13:23:15.782644+00:00,experiment_2_laptop,natural_stretch_and_drink_2_laptop,85,7.8995,1,10.4489,-2.6178,3.6731,-3.5323,14.1220,-6.1501,-0.0589,-0.0612
2026-08-01T13:23:15.782644+00:00,experiment_2_laptop,natural_stretch_and_drink_2_laptop,86,7.9915,1,10.7989,-3.3046,2.3947,-2.9357,13.1936,-6.2403,-0.0489,-0.0399
2026-08-01T13:23:15.782644+00:00,experiment_2_laptop,natural_stretch_and_drink_2_laptop,87,8.0844,1,9.7932,3.4057,-2.0220,-7.4202,7.7712,-4.0145,-0.1237,0.0337
2026-08-01T13:23:15.782644+00:00,experiment_2_laptop,natural_stretch_and_drink_2_laptop,88,8.1757,1,5.6592,3.2093,-1.5426,-7.0426,4.1166,-3.8333,-0.1174,0.0257
2026-08-01T13:23:15.782644+00:00,experiment_2_laptop,natural_stretch_and_drink_2_laptop,89,8.2707,1,7.2741,4.0768,-2.4440,-6.9772,4.8301,-2.9004,-0.1163,0.0407
2026-08-01T13:23:15.782644+00:00,experiment_2_laptop,natural_stretch_and_drink_2_laptop,90,8.3665,1,7.2219,4.4505,-1.8850,-6.6693,5.3369,-2.2188,-0.1112,0.0314
2026-08-01T13:23:15.782644+00:00,experiment_2_laptop,natural_stretch_and_drink_2_laptop,91,8.4551,1,9.8649,2.9458,-2.7775,-6.0396,7.0874,-3.0938,-0.1007,0.0463
2026-08-01T13:23:15.782644+00:00,experiment_2_laptop,natural_stretch_and_drink_2_laptop,92,8.5492,1,10.5785,1.7095,0.0213,-3.9180,10.5997,-2.2086,-0.0653,-0.0004
2026-08-01T13:23:15.782644+00:00,experiment_2_laptop,natural_stretch_and_drink_2_laptop,93,8.6415,1,11.2906,5.4362,1.9876,-4.1729,13.2782,1.2633,-0.0695,-0.0331
2026-08-01T13:23:15.782644+00:00,experiment_2_laptop,natural_stretch_and_drink_2_laptop,94,8.7354,1,12.7503,8.4873,4.1586,-2.8688,16.9089,5.6185,-0.0478,-0.0693
2026-08-01T13:23:15.782644+00:00,experiment_2_laptop,natural_stretch_and_drink_2_laptop,95,8.8282,1,5.3854,11.9349,2.6954,-2.6102,8.0808,9.3246,-0.0435,-0.0449
2026-08-01T13:23:15.782644+00:00,experiment_2_laptop,natural_stretch_and_drink_2_laptop,96,8.9202,1,-1.0378,10.6602,6.8077,-0.7212,5.7700,9.9389,-0.0120,-0.1135
2026-08-01T13:23:15.782644+00:00,experiment_2_laptop,natural_stretch_and_drink_2_laptop,97,9.0194,1,-0.2450,10.2474,5.7304,-1.0608,5.4854,9.1866,-0.0177,-0.0955
2026-08-01T13:23:15.782644+00:00,experiment_2_laptop,natural_stretch_and_drink_2_laptop,98,9.1065,1,-4.1257,11.2719,5.9675,-0.3905,1.8418,10.8814,-0.0065,-0.0995
2026-08-01T13:23:15.782644+00:00,experiment_2_laptop,natural_stretch_and_drink_2_laptop,99,9.2011,1,-4.5576,12.0653,3.8500,-0.3999,-0.7075,11.6654,-0.0067,-0.0642
2026-08-01T13:23:15.782644+00:00,experiment_2_laptop,natural_stretch_and_drink_2_laptop,100,9.2942,1,-8.5148,12.0679,7.3851,0.2725,-1.1297,12.3404,0.0045,-0.1231
2026-08-01T13:23:15.782644+00:00,experiment_2_laptop,natural_stretch_and_drink_2_laptop,101,9.3855,1,-9.5773,8.4381,5.4635,0.6025,-4.1137,9.0406,0.0100,-0.0911
2026-08-01T13:23:15.782644+00:00,experiment_2_laptop,natural_stretch_and_drink_2_laptop,102,9.4844,1,-11.0278,9.2189,2.0456,-0.7570,-8.9822,8.4619,-0.0126,-0.0341
2026-08-01T13:23:15.782644+00:00,experiment_2_laptop,natural_stretch_and_drink_2_laptop,103,9.5746,1,-13.3628,9.5167,2.3527,0.8519,-11.0101,10.3686,0.0142,-0.0392
2026-08-01T13:23:15.782644+00:00,experiment_2_laptop,natural_stretch_and_drink_2_laptop,104,9.6673,1,-13.4890,11.3242,4.0756,0.6147,-9.4134,11.9389,0.0102,-0.0679
2026-08-01T13:23:15.782644+00:00,experiment_2_laptop,natural_stretch_and_drink_2_laptop,105,9.7595,1,-9.6424,13.6186,5.9467,0.1535,-3.6957,13.7722,0.0026,-0.0991
2026-08-01T13:23:15.782644+00:00,experiment_2_laptop,natural_stretch_and_drink_2_laptop,106,9.8537,1,-9.5195,13.3727,4.2420,0.3603,-5.2775,13.7330,0.0060,-0.0707
2026-08-01T13:23:15.782644+00:00,experiment_2_laptop,natural_stretch_and_drink_2_laptop,107,9.9449,1,-5.8552,13.8253,4.8820,-0.8961,-0.9732,12.9292,-0.0149,-0.0814
2026-08-01T13:23:15.782644+00:00,experiment_2_laptop,natural_stretch_and_drink_2_laptop,108,10.0365,1,-1.9200,13.5537,4.1311,-0.7023,2.2112,12.8514,-0.0117,-0.0689
2026-08-01T13:23:15.782644+00:00,experiment_2_laptop,natural_stretch_and_drink_2_laptop,109,10.1341,1,-0.7148,14.0224,4.9896,-0.7852,4.2747,13.2372,-0.0131,-0.0832
2026-08-01T13:23:15.782644+00:00,experiment_2_laptop,natural_stretch_and_drink_2_laptop,110,10.2244,1,1.4423,15.9639,3.6330,-0.0929,5.0754,15.8710,-0.0015,-0.0606
2026-08-01T13:23:15.782644+00:00,experiment_2_laptop,natural_stretch_and_drink_2_laptop,111,10.3155,1,2.9313,17.2584,3.4346,0.0319,6.3659,17.2903,0.0005,-0.0572
2026-08-01T13:23:15.782644+00:00,experiment_2_laptop,natural_stretch_and_drink_2_laptop,112,10.4089,1,4.3945,16.4294,3.9609,0.4231,8.3554,16.8525,0.0071,-0.0660
2026-08-01T13:23:15.782644+00:00,experiment_2_laptop,natural_stretch_and_drink_2_laptop,113,10.5032,1,7.8389,15.9028,5.3769,-0.9436,13.2158,14.9592,-0.0157,-0.0896
2026-08-01T13:23:15.782644+00:00,experiment_2_laptop,natural_stretch_and_drink_2_laptop,114,10.5973,1,8.7518,15.6461,4.7993,-0.3616,13.5510,15.2845,-0.0060,-0.0800
2026-08-01T13:23:15.782644+00:00,experiment_2_laptop,natural_stretch_and_drink_2_laptop,115,10.6879,1,10.5550,16.3926,4.0551,0.9282,14.6102,17.3208,0.0155,-0.0676
2026-08-01T13:23:15.782644+00:00,experiment_2_laptop,natural_stretch_and_drink_2_laptop,116,10.7853,1,13.2601,17.6434,2.9704,3.0489,16.2305,20.6923,0.0508,-0.0495
2026-08-01T13:23:15.782644+00:00,experiment_2_laptop,natural_stretch_and_drink_2_laptop,117,10.8728,1,14.4837,16.9467,5.8834,2.2377,20.3671,19.1843,0.0373,-0.0981
2026-08-01T13:23:15.782644+00:00,experiment_2_laptop,natural_stretch_and_drink_2_laptop,118,10.9712,1,14.9604,17.3668,3.3870,4.9626,18.3473,22.3295,0.0827,-0.0564
2026-08-01T13:23:15.782644+00:00,experiment_2_laptop,natural_stretch_and_drink_2_laptop,119,11.0603,1,13.0091,17.9686,4.8392,4.0738,17.8483,22.0424,0.0679,-0.0807
2026-08-01T13:23:15.782644+00:00,experiment_2_laptop,natural_stretch_and_drink_2_laptop,120,11.1549,1,15.8577,12.4774,5.0065,8.8906,20.8642,21.3680,0.1482,-0.0834
2026-08-01T13:23:15.782644+00:00,experiment_2_laptop,natural_stretch_and_drink_2_laptop,121,11.2481,1,38.6156,13.9957,5.7647,16.9782,44.3803,30.9739,0.2830,-0.0961
2026-08-01T13:23:15.782644+00:00,experiment_2_laptop,natural_stretch_and_drink_2_laptop,122,11.3436,1,39.9641,15.1732,7.7786,11.6402,47.7427,26.8134,0.1940,-0.1296
2026-08-01T13:23:15.782644+00:00,experiment_2_laptop,natural_stretch_and_drink_2_laptop,123,11.4330,0,0.0000,0.0000,0.0000,0.0000,0.0000,0.0000,0.0000,0.0000
2026-08-01T13:23:15.782644+00:00,experiment_2_laptop,natural_stretch_and_drink_2_laptop,124,11.5285,1,32.2555,19.7080,3.8011,-0.6845,36.0566,19.0235,-0.0114,-0.0634
2026-08-01T13:23:15.782644+00:00,experiment_2_laptop,natural_stretch_and_drink_2_laptop,125,11.6198,1,35.9430,20.9108,21.5709,4.3906,57.5139,25.3013,0.0732,-0.3595
2026-08-01T13:23:15.782644+00:00,experiment_2_laptop,natural_stretch_and_drink_2_laptop,126,11.7140,1,39.9211,18.1829,19.7204,24.1245,59.6415,42.3074,0.4021,-0.3287
2026-08-01T13:23:15.782644+00:00,experiment_2_laptop,natural_stretch_and_drink_2_laptop,127,11.8055,0,0.0000,0.0000,0.0000,0.0000,0.0000,0.0000,0.0000,0.0000
2026-08-01T13:23:15.782644+00:00,experiment_2_laptop,natural_stretch_and_drink_2_laptop,128,11.9072,1,8.8089,3.7579,4.0407,0.9310,12.8495,4.6889,0.0155,-0.0673
2026-08-01T13:23:15.782644+00:00,experiment_2_laptop,natural_stretch_and_drink_2_laptop,129,11.9907,1,20.0129,5.0948,-5.2288,13.8508,14.7841,18.9457,0.2308,0.0871
2026-08-01T13:23:15.782644+00:00,experiment_2_laptop,natural_stretch_and_drink_2_laptop,130,12.0841,0,0.0000,0.0000,0.0000,0.0000,0.0000,0.0000,0.0000,0.0000
2026-08-01T13:23:15.782644+00:00,experiment_2_laptop,natural_stretch_and_drink_2_laptop,131,12.1743,0,0.0000,0.0000,0.0000,0.0000,0.0000,0.0000,0.0000,0.0000
2026-08-01T13:23:15.782644+00:00,experiment_2_laptop,natural_stretch_and_drink_2_laptop,132,12.2688,0,0.0000,0.0000,0.0000,0.0000,0.0000,0.0000,0.0000,0.0000
2026-08-01T13:23:15.782644+00:00,experiment_2_laptop,natural_stretch_and_drink_2_laptop,133,12.3662,0,0.0000,0.0000,0.0000,0.0000,0.0000,0.0000,0.0000,0.0000
2026-08-01T13:23:15.782644+00:00,experiment_2_laptop,natural_stretch_and_drink_2_laptop,134,12.4593,0,0.0000,0.0000,0.0000,0.0000,0.0000,0.0000,0.0000,0.0000
2026-08-01T13:23:15.782644+00:00,experiment_2_laptop,natural_stretch_and_drink_2_laptop,135,12.5515,0,0.0000,0.0000,0.0000,0.0000,0.0000,0.0000,0.0000,0.0000
2026-08-01T13:23:15.782644+00:00,experiment_2_laptop,natural_stretch_and_drink_2_laptop,136,12.6440,0,0.0000,0.0000,0.0000,0.0000,0.0000,0.0000,0.0000,0.0000
2026-08-01T13:23:15.782644+00:00,experiment_2_laptop,natural_stretch_and_drink_2_laptop,137,12.7395,0,0.0000,0.0000,0.0000,0.0000,0.0000,0.0000,0.0000,0.0000
2026-08-01T13:23:15.782644+00:00,experiment_2_laptop,natural_stretch_and_drink_2_laptop,138,12.8309,0,0.0000,0.0000,0.0000,0.0000,0.0000,0.0000,0.0000,0.0000
2026-08-01T13:23:15.782644+00:00,experiment_2_laptop,natural_stretch_and_drink_2_laptop,139,12.9241,0,0.0000,0.0000,0.0000,0.0000,0.0000,0.0000,0.0000,0.0000
2026-08-01T13:23:15.782644+00:00,experiment_2_laptop,natural_stretch_and_drink_2_laptop,140,13.0183,1,33.2808,-2.4959,15.7459,-2.4811,49.0267,-4.9770,-0.0414,-0.2624
2026-08-01T13:23:15.782644+00:00,experiment_2_laptop,natural_stretch_and_drink_2_laptop,141,13.1074,1,24.8674,1.5505,32.0979,0.1885,56.9653,1.7390,0.0031,-0.5350
2026-08-01T13:23:15.782644+00:00,experiment_2_laptop,natural_stretch_and_drink_2_laptop,142,13.2021,1,18.0342,4.8086,-5.7188,-3.5762,12.3154,1.2324,-0.0596,0.0953
2026-08-01T13:23:15.782644+00:00,experiment_2_laptop,natural_stretch_and_drink_2_laptop,143,13.2955,1,1.0151,10.8089,15.8205,0.9242,16.8357,11.7330,0.0154,-0.2637
2026-08-01T13:23:15.782644+00:00,experiment_2_laptop,natural_stretch_and_drink_2_laptop,144,13.3884,1,-2.1920,11.3236,5.5790,-1.3410,3.3869,9.9826,-0.0224,-0.0930
2026-08-01T13:23:15.782644+00:00,experiment_2_laptop,natural_stretch_and_drink_2_laptop,145,13.4809,1,-8.9219,12.3816,6.0556,-1.1066,-2.8663,11.2750,-0.0184,-0.1009
2026-08-01T13:23:15.782644+00:00,experiment_2_laptop,natural_stretch_and_drink_2_laptop,146,13.5740,1,-7.5107,12.1783,8.9705,-0.1967,1.4598,11.9816,-0.0033,-0.1495
2026-08-01T13:23:15.782644+00:00,experiment_2_laptop,natural_stretch_and_drink_2_laptop,147,13.6675,1,-9.3492,12.4938,6.3532,1.0641,-2.9959,13.5579,0.0177,-0.1059
2026-08-01T13:23:15.782644+00:00,experiment_2_laptop,natural_stretch_and_drink_2_laptop,148,13.7588,1,-11.0804,10.8495,7.5182,1.4904,-3.5623,12.3399,0.0248,-0.1253
2026-08-01T13:23:15.782644+00:00,experiment_2_laptop,natural_stretch_and_drink_2_laptop,149,13.8549,1,-10.9478,11.6351,7.2050,-0.2792,-3.7429,11.3559,-0.0047,-0.1201
2026-08-01T13:23:15.782644+00:00,experiment_2_laptop,natural_stretch_and_drink_2_laptop,150,13.9444,1,-9.0955,10.1769,6.1687,-0.3666,-2.9268,9.8102,-0.0061,-0.1028
2026-08-01T13:23:15.782644+00:00,experiment_2_laptop,natural_stretch_and_drink_2_laptop,151,14.0378,1,-8.5009,10.6947,5.7325,-0.1797,-2.7685,10.5150,-0.0030,-0.0955
2026-08-01T13:23:15.782644+00:00,experiment_2_laptop,natural_stretch_and_drink_2_laptop,152,14.1326,1,-11.5286,10.9968,8.0412,-1.7400,-3.4874,9.2568,-0.0290,-0.1340
2026-08-01T13:23:15.782644+00:00,experiment_2_laptop,natural_stretch_and_drink_2_laptop,153,14.2266,1,-9.6459,11.8566,9.1028,-3.0583,-0.5431,8.7983,-0.0510,-0.1517
2026-08-01T13:23:15.782644+00:00,experiment_2_laptop,natural_stretch_and_drink_2_laptop,154,14.3228,1,-10.2703,11.5729,4.5413,-3.1539,-5.7290,8.4190,-0.0526,-0.0757
2026-08-01T13:23:15.782644+00:00,experiment_2_laptop,natural_stretch_and_drink_2_laptop,155,14.4095,1,-8.9518,10.6252,0.7315,-2.5810,-8.2203,8.0442,-0.0430,-0.0122
2026-08-01T13:23:15.782644+00:00,experiment_2_laptop,natural_stretch_and_drink_2_laptop,156,14.5111,1,-8.8125,10.5445,-2.0969,-1.9153,-10.9093,8.6292,-0.0319,0.0349
2026-08-01T13:23:15.782644+00:00,experiment_2_laptop,natural_stretch_and_drink_2_laptop,157,14.5978,1,-7.7025,9.6413,0.6044,-1.2416,-7.0981,8.3997,-0.0207,-0.0101
2026-08-01T13:23:15.782644+00:00,experiment_2_laptop,natural_stretch_and_drink_2_laptop,158,14.6890,1,-6.5593,10.3117,-1.4017,-0.4402,-7.9610,9.8715,-0.0073,0.0234
2026-08-01T13:23:15.782644+00:00,experiment_2_laptop,natural_stretch_and_drink_2_laptop,159,14.7819,1,-7.3600,10.3586,1.9622,0.5897,-5.3978,10.9483,0.0098,-0.0327
2026-08-01T13:23:15.782644+00:00,experiment_2_laptop,natural_stretch_and_drink_2_laptop,160,14.8781,1,-6.6954,10.8062,3.0471,-0.1105,-3.6483,10.6957,-0.0018,-0.0508
2026-08-01T13:23:15.782644+00:00,experiment_2_laptop,natural_stretch_and_drink_2_laptop,161,14.9678,1,-7.0830,10.3580,2.2250,-0.9268,-4.8580,9.4312,-0.0154,-0.0371
2026-08-01T13:23:15.782644+00:00,experiment_2_laptop,natural_stretch_and_drink_2_laptop,162,15.0633,1,-6.3292,10.2002,4.9467,-0.2967,-1.3824,9.9035,-0.0049,-0.0824
2026-08-01T13:23:15.782644+00:00,experiment_2_laptop,natural_stretch_and_drink_2_laptop,163,15.1581,1,-3.4779,9.4892,5.1870,-0.7603,1.7091,8.7289,-0.0127,-0.0864
2026-08-01T13:23:15.782644+00:00,experiment_2_laptop,natural_stretch_and_drink_2_laptop,164,15.2492,1,-3.5335,9.3060,6.7561,-0.5150,3.2227,8.7910,-0.0086,-0.1126
2026-08-01T13:23:15.782644+00:00,experiment_2_laptop,natural_stretch_and_drink_2_laptop,165,15.3419,1,-3.5340,9.3384,6.5281,-0.3404,2.9941,8.9979,-0.0057,-0.1088
2026-08-01T13:23:15.782644+00:00,experiment_2_laptop,natural_stretch_and_drink_2_laptop,166,15.4343,1,-3.9810,9.7310,5.3020,-0.5598,1.3211,9.1712,-0.0093,-0.0884
2026-08-01T13:23:15.782644+00:00,experiment_2_laptop,natural_stretch_and_drink_2_laptop,167,15.5287,1,-4.1324,9.5080,5.2984,-0.4082,1.1661,9.0997,-0.0068,-0.0883
2026-08-01T13:23:15.782644+00:00,experiment_2_laptop,natural_stretch_and_drink_2_laptop,168,15.6242,1,-4.5818,10.5955,6.4793,0.6475,1.8975,11.2430,0.0108,-0.1080
2026-08-01T13:23:15.782644+00:00,experiment_2_laptop,natural_stretch_and_drink_2_laptop,169,15.7133,1,-5.5522,11.1251,6.1346,0.1762,0.5824,11.3012,0.0029,-0.1022
2026-08-01T13:23:15.782644+00:00,experiment_2_laptop,natural_stretch_and_drink_2_laptop,170,15.8053,1,-5.9722,11.3500,6.4739,0.8687,0.5018,12.2187,0.0145,-0.1079
2026-08-01T13:23:15.782644+00:00,experiment_2_laptop,natural_stretch_and_drink_2_laptop,171,15.9004,1,-5.3250,11.5656,5.3462,1.4139,0.0212,12.9795,0.0236,-0.0891
2026-08-01T13:23:15.782644+00:00,experiment_2_laptop,natural_stretch_and_drink_2_laptop,172,15.9936,1,-6.1078,12.6587,3.5727,0.7504,-2.5352,13.4091,0.0125,-0.0595
2026-08-01T13:23:15.782644+00:00,experiment_2_laptop,natural_stretch_and_drink_2_laptop,173,16.0858,1,-6.9423,13.3097,5.8512,1.1888,-1.0911,14.4985,0.0198,-0.0975
2026-08-01T13:23:15.782644+00:00,experiment_2_laptop,natural_stretch_and_drink_2_laptop,174,16.1784,1,-7.5448,13.1200,5.7406,1.0364,-1.8042,14.1564,0.0173,-0.0957
2026-08-01T13:23:15.782644+00:00,experiment_2_laptop,natural_stretch_and_drink_2_laptop,175,16.2707,1,-7.6076,13.3634,5.0503,1.3203,-2.5573,14.6837,0.0220,-0.0842
2026-08-01T13:23:15.782644+00:00,experiment_2_laptop,natural_stretch_and_drink_2_laptop,176,16.3657,1,-7.2343,13.4206,4.7385,1.3445,-2.4958,14.7651,0.0224,-0.0790
2026-08-01T13:23:15.782644+00:00,experiment_2_laptop,natural_stretch_and_drink_2_laptop,177,16.4616,1,-8.5768,13.3730,5.3592,0.8722,-3.2176,14.2453,0.0145,-0.0893
2026-08-01T13:23:15.782644+00:00,experiment_2_laptop,natural_stretch_and_drink_2_laptop,178,16.5503,1,-7.6512,13.5862,5.9977,1.0988,-1.6534,14.6849,0.0183,-0.1000
2026-08-01T13:23:15.782644+00:00,experiment_2_laptop,natural_stretch_and_drink_2_laptop,179,16.6448,1,-8.0773,13.7874,6.2344,1.0226,-1.8429,14.8099,0.0170,-0.1039
2026-08-01T13:23:15.782644+00:00,experiment_2_laptop,natural_stretch_and_drink_2_laptop,180,16.7420,1,-7.5775,13.4803,4.6597,1.2091,-2.9178,14.6893,0.0202,-0.0777
2026-08-01T13:23:15.782644+00:00,experiment_2_laptop,natural_stretch_and_drink_2_laptop,181,16.8297,1,-7.7210,13.3584,4.4590,1.3157,-3.2619,14.6741,0.0219,-0.0743
2026-08-01T13:23:15.782644+00:00,experiment_2_laptop,natural_stretch_and_drink_2_laptop,182,16.9234,1,-7.8154,13.3134,4.8478,1.1916,-2.9676,14.5051,0.0199,-0.0808
2026-08-01T13:23:15.782644+00:00,experiment_2_laptop,natural_stretch_and_drink_2_laptop,183,17.0186,1,-7.7069,13.6276,4.5380,1.1049,-3.1688,14.7325,0.0184,-0.0756
2026-08-01T13:23:15.782644+00:00,experiment_2_laptop,natural_stretch_and_drink_2_laptop,184,17.1107,1,-8.1472,14.0017,4.1437,1.5130,-4.0035,15.5148,0.0252,-0.0691
2026-08-01T13:23:15.782644+00:00,experiment_2_laptop,natural_stretch_and_drink_2_laptop,185,17.2032,1,-7.8100,14.0269,4.4767,1.4123,-3.3333,15.4391,0.0235,-0.0746
2026-08-01T13:23:15.782644+00:00,experiment_2_laptop,natural_stretch_and_drink_2_laptop,186,17.2951,1,-8.2138,14.1297,4.3122,1.4524,-3.9016,15.5820,0.0242,-0.0719
2026-08-01T13:23:15.782644+00:00,experiment_2_laptop,natural_stretch_and_drink_2_laptop,187,17.3923,1,-8.4543,14.6340,4.8685,1.0853,-3.5858,15.7193,0.0181,-0.0811
2026-08-01T13:23:15.782644+00:00,experiment_2_laptop,natural_stretch_and_drink_2_laptop,188,17.4810,1,-8.3982,14.0751,7.2984,2.1838,-1.0998,16.2589,0.0364,-0.1216
2026-08-01T13:23:15.782644+00:00,experiment_2_laptop,natural_stretch_and_drink_2_laptop,189,17.5767,1,-7.6390,14.3323,10.0003,0.9343,2.3613,15.2666,0.0156,-0.1667
2026-08-01T13:23:15.782644+00:00,experiment_2_laptop,natural_stretch_and_drink_2_laptop,190,17.6666,1,-8.5749,14.8983,7.6298,1.3539,-0.9451,16.2522,0.0226,-0.1272
2026-08-01T13:23:15.782644+00:00,experiment_2_laptop,natural_stretch_and_drink_2_laptop,191,17.7620,1,-7.5577,14.1597,6.3092,1.8612,-1.2484,16.0209,0.0310,-0.1052
2026-08-01T13:23:15.782644+00:00,experiment_2_laptop,natural_stretch_and_drink_2_laptop,192,17.8543,1,-7.8598,14.8175,6.0705,1.0243,-1.7893,15.8418,0.0171,-0.1012
2026-08-01T13:23:15.782644+00:00,experiment_2_laptop,natural_stretch_and_drink_2_laptop,193,17.9444,1,-7.8486,14.1270,5.9259,0.9242,-1.9227,15.0512,0.0154,-0.0988
2026-08-01T13:23:15.782644+00:00,experiment_2_laptop,natural_stretch_and_drink_2_laptop,194,18.0401,1,-8.3887,14.9361,6.7367,-0.3893,-1.6521,14.5468,-0.0065,-0.1123
2026-08-01T13:23:15.782644+00:00,experiment_2_laptop,natural_stretch_and_drink_2_laptop,195,18.1339,1,-8.2245,14.3118,5.4754,0.0014,-2.7491,14.3133,0.0000,-0.0913
2026-08-01T13:23:15.782644+00:00,experiment_2_laptop,natural_stretch_and_drink_2_laptop,196,18.2266,1,-7.7129,14.2846,5.4868,-0.1773,-2.2261,14.1073,-0.0030,-0.0914
2026-08-01T13:23:15.782644+00:00,experiment_2_laptop,natural_stretch_and_drink_2_laptop,197,18.3192,1,-8.1627,14.1067,6.2323,0.1216,-1.9304,14.2284,0.0020,-0.1039
2026-08-01T13:23:15.782644+00:00,experiment_2_laptop,natural_stretch_and_drink_2_laptop,198,18.4125,1,-7.8404,13.7879,5.4404,0.0408,-2.4000,13.8287,0.0007,-0.0907
2026-08-01T13:23:15.782644+00:00,experiment_2_laptop,natural_stretch_and_drink_2_laptop,199,18.5051,1,-8.0855,14.2682,5.2806,0.0712,-2.8050,14.3394,0.0012,-0.0880
2026-08-01T13:23:15.782644+00:00,experiment_2_laptop,natural_stretch_and_drink_2_laptop,200,18.5978,1,-8.1548,13.9319,5.8273,-0.4109,-2.3275,13.5209,-0.0068,-0.0971
2026-08-01T13:23:15.782644+00:00,experiment_2_laptop,natural_stretch_and_drink_2_laptop,201,18.6929,1,-8.1725,13.4037,6.5658,0.1773,-1.6067,13.5810,0.0030,-0.1094
2026-08-01T13:23:15.782644+00:00,experiment_2_laptop,natural_stretch_and_drink_2_laptop,202,18.7836,1,-7.8756,13.9575,5.6057,-0.1089,-2.2698,13.8486,-0.0018,-0.0934
2026-08-01T13:23:15.782644+00:00,experiment_2_laptop,natural_stretch_and_drink_2_laptop,203,18.8767,1,-8.0800,14.0212,6.7035,0.4785,-1.3765,14.4997,0.0080,-0.1117
2026-08-01T13:23:15.782644+00:00,experiment_2_laptop,natural_stretch_and_drink_2_laptop,204,18.9691,1,-8.6038,14.1586,5.9453,-0.0877,-2.6585,14.0709,-0.0015,-0.0991
2026-08-01T13:23:15.782644+00:00,experiment_2_laptop,natural_stretch_and_drink_2_laptop,205,19.0645,1,-8.2570,13.6493,5.3572,-0.3218,-2.8998,13.3275,-0.0054,-0.0893
2026-08-01T13:23:15.782644+00:00,experiment_2_laptop,natural_stretch_and_drink_2_laptop,206,19.1600,1,-8.4608,13.7983,6.1009,-0.3494,-2.3599,13.4488,-0.0058,-0.1017
2026-08-01T13:23:15.782644+00:00,experiment_2_laptop,natural_stretch_and_drink_2_laptop,207,19.2500,1,-8.0074,13.4209,5.9292,-0.5298,-2.0782,12.8911,-0.0088,-0.0988
2026-08-01T13:23:15.782644+00:00,experiment_2_laptop,natural_stretch_and_drink_2_laptop,208,19.3445,1,-7.6603,13.9034,5.7350,-0.4462,-1.9253,13.4572,-0.0074,-0.0956
2026-08-01T13:23:15.782644+00:00,experiment_2_laptop,natural_stretch_and_drink_2_laptop,209,19.4349,1,-7.7890,14.0248,5.3952,-0.2221,-2.3938,13.8027,-0.0037,-0.0899
2026-08-01T13:23:15.782644+00:00,experiment_2_laptop,natural_stretch_and_drink_2_laptop,210,19.5293,1,-7.5087,13.3080,4.9980,0.8965,-2.5107,14.2044,0.0149,-0.0833
2026-08-01T13:23:15.782644+00:00,experiment_2_laptop,natural_stretch_and_drink_2_laptop,211,19.6225,1,-8.0606,13.9565,5.4193,0.6444,-2.6412,14.6009,0.0107,-0.0903
2026-08-01T13:23:15.782644+00:00,experiment_2_laptop,natural_stretch_and_drink_2_laptop,212,19.7151,1,-8.5201,13.3911,5.3379,0.3832,-3.1822,13.7743,0.0064,-0.0890
2026-08-01T13:23:15.782644+00:00,experiment_2_laptop,natural_stretch_and_drink_2_laptop,213,19.8113,1,-8.3744,13.8704,6.0437,0.6325,-2.3307,14.5029,0.0105,-0.1007
2026-08-01T13:23:15.782644+00:00,experiment_2_laptop,natural_stretch_and_drink_2_laptop,214,19.9002,1,-8.4016,13.8891,5.3088,0.3271,-3.0928,14.2162,0.0055,-0.0885
2026-08-01T13:23:15.782644+00:00,experiment_2_laptop,natural_stretch_and_drink_2_laptop,215,19.9946,1,-8.4143,13.5042,6.6287,0.9108,-1.7856,14.4150,0.0152,-0.1105
2026-08-01T13:23:15.782644+00:00,experiment_2_laptop,natural_stretch_and_drink_2_laptop,216,20.0876,1,-7.8380,13.6448,5.5315,1.1102,-2.3065,14.7550,0.0185,-0.0922
2026-08-01T13:23:15.782644+00:00,experiment_2_laptop,natural_stretch_and_drink_2_laptop,217,20.1806,1,-8.0206,14.1932,6.2230,1.0296,-1.7975,15.2228,0.0172,-0.1037
2026-08-01T13:23:15.782644+00:00,experiment_2_laptop,natural_stretch_and_drink_2_laptop,218,20.2742,1,-7.7964,13.7907,5.5195,1.2219,-2.2769,15.0126,0.0204,-0.0920
2026-08-01T13:23:15.782644+00:00,experiment_2_laptop,natural_stretch_and_drink_2_laptop,219,20.3670,1,-8.2666,14.4269,5.5333,1.1215,-2.7333,15.5485,0.0187,-0.0922
2026-08-01T13:23:15.782644+00:00,experiment_2_laptop,natural_stretch_and_drink_2_laptop,220,20.4610,1,-8.1943,13.7607,5.2030,1.4972,-2.9914,15.2579,0.0250,-0.0867
2026-08-01T13:23:15.782644+00:00,experiment_2_laptop,natural_stretch_and_drink_2_laptop,221,20.5535,1,-7.7191,14.1322,5.7369,1.1039,-1.9822,15.2361,0.0184,-0.0956
2026-08-01T13:23:15.782644+00:00,experiment_2_laptop,natural_stretch_and_drink_2_laptop,222,20.6441,1,-9.2369,14.2771,4.9898,1.1714,-4.2471,15.4486,0.0195,-0.0832
2026-08-01T13:23:15.782644+00:00,experiment_2_laptop,natural_stretch_and_drink_2_laptop,223,20.7387,1,-8.4737,13.5929,5.8768,1.1937,-2.5969,14.7865,0.0199,-0.0979
2026-08-01T13:23:15.782644+00:00,experiment_2_laptop,natural_stretch_and_drink_2_laptop,224,20.8300,1,-7.3152,14.2079,4.5077,1.2880,-2.8075,15.4959,0.0215,-0.0751
2026-08-01T13:23:15.782644+00:00,experiment_2_laptop,natural_stretch_and_drink_2_laptop,225,20.9294,1,-7.9227,14.6752,6.2897,1.0425,-1.6330,15.7177,0.0174,-0.1048
2026-08-01T13:23:15.782644+00:00,experiment_2_laptop,natural_stretch_and_drink_2_laptop,226,21.0166,1,-8.0949,14.0472,6.0645,1.2237,-2.0305,15.2709,0.0204,-0.1011
2026-08-01T13:23:15.782644+00:00,experiment_2_laptop,natural_stretch_and_drink_2_laptop,227,21.1163,1,-8.7004,13.6339,4.8046,1.2040,-3.8957,14.8379,0.0201,-0.0801
2026-08-01T13:23:15.782644+00:00,experiment_2_laptop,natural_stretch_and_drink_2_laptop,228,21.2037,1,-9.3793,13.7128,6.0855,0.7673,-3.2938,14.4801,0.0128,-0.1014
2026-08-01T13:23:15.782644+00:00,experiment_2_laptop,natural_stretch_and_drink_2_laptop,229,21.2978,1,-10.1543,14.1409,4.8358,0.4929,-5.3184,14.6338,0.0082,-0.0806
2026-08-01T13:23:15.782644+00:00,experiment_2_laptop,natural_stretch_and_drink_2_laptop,230,21.3874,1,-9.7645,14.7101,6.4322,0.6934,-3.3322,15.4035,0.0116,-0.1072
2026-08-01T13:23:15.782644+00:00,experiment_2_laptop,natural_stretch_and_drink_2_laptop,231,21.4849,1,-9.9043,14.3433,5.3391,0.4074,-4.5652,14.7507,0.0068,-0.0890
2026-08-01T13:23:15.782644+00:00,experiment_2_laptop,natural_stretch_and_drink_2_laptop,232,21.5829,1,-8.5960,13.8342,4.9035,1.0347,-3.6925,14.8689,0.0172,-0.0817
2026-08-01T13:23:15.782644+00:00,experiment_2_laptop,natural_stretch_and_drink_2_laptop,233,21.6690,1,-8.4060,13.3044,4.8841,1.2147,-3.5218,14.5192,0.0202,-0.0814
2026-08-01T13:23:15.782644+00:00,experiment_2_laptop,natural_stretch_and_drink_2_laptop,234,21.7630,1,-8.4246,13.6186,5.5187,1.1696,-2.9060,14.7882,0.0195,-0.0920
2026-08-01T13:23:15.782644+00:00,experiment_2_laptop,natural_stretch_and_drink_2_laptop,235,21.8553,1,-8.3803,13.8333,8.5879,1.6991,0.2076,15.5324,0.0283,-0.1431
2026-08-01T13:23:15.782644+00:00,experiment_2_laptop,natural_stretch_and_drink_2_laptop,236,21.9487,1,-8.7044,14.3811,8.3900,-0.7162,-0.3144,13.6649,-0.0119,-0.1398
2026-08-01T13:23:15.782644+00:00,experiment_2_laptop,natural_stretch_and_drink_2_laptop,237,22.0417,1,-9.2066,13.6522,6.5239,-0.4138,-2.6827,13.2384,-0.0069,-0.1087
2026-08-01T13:23:15.782644+00:00,experiment_2_laptop,natural_stretch_and_drink_2_laptop,238,22.1332,1,-9.1272,13.6363,5.8711,-0.2986,-3.2561,13.3377,-0.0050,-0.0979
2026-08-01T13:23:15.782644+00:00,experiment_2_laptop,natural_stretch_and_drink_2_laptop,239,22.2304,1,-9.0478,13.7750,6.4395,0.0200,-2.6083,13.7950,0.0003,-0.1073
2026-08-01T13:23:15.782644+00:00,experiment_2_laptop,natural_stretch_and_drink_2_laptop,240,22.3194,1,-8.8536,13.4579,5.6346,0.0516,-3.2190,13.5095,0.0009,-0.0939
2026-08-01T13:23:15.782644+00:00,experiment_2_laptop,natural_stretch_and_drink_2_laptop,241,22.4123,1,-8.8809,13.5445,7.2370,0.2253,-1.6439,13.7698,0.0038,-0.1206
2026-08-01T13:23:15.782644+00:00,experiment_2_laptop,natural_stretch_and_drink_2_laptop,242,22.5039,1,-9.5339,13.6047,5.7066,0.7996,-3.8273,14.4043,0.0133,-0.0951
2026-08-01T13:23:15.782644+00:00,experiment_2_laptop,natural_stretch_and_drink_2_laptop,243,22.6003,1,-9.3197,13.5750,5.4925,0.3959,-3.8272,13.9708,0.0066,-0.0915
2026-08-01T13:23:15.782644+00:00,experiment_2_laptop,natural_stretch_and_drink_2_laptop,244,22.6926,1,-9.2247,13.4977,5.7613,0.6664,-3.4635,14.1641,0.0111,-0.0960
2026-08-01T13:23:15.782644+00:00,experiment_2_laptop,natural_stretch_and_drink_2_laptop,245,22.7850,1,-9.0005,13.3148,5.8548,0.7462,-3.1457,14.0610,0.0124,-0.0976
2026-08-01T13:23:15.782644+00:00,experiment_2_laptop,natural_stretch_and_drink_2_laptop,246,22.8769,1,-10.0855,13.7810,5.7555,0.8540,-4.3300,14.6350,0.0142,-0.0959
2026-08-01T13:23:15.782644+00:00,experiment_2_laptop,natural_stretch_and_drink_2_laptop,247,22.9701,1,-9.0297,13.7191,4.7357,1.2996,-4.2940,15.0187,0.0217,-0.0789
2026-08-01T13:23:15.782644+00:00,experiment_2_laptop,natural_stretch_and_drink_2_laptop,248,23.0652,1,-9.2862,13.7024,4.3294,1.1841,-4.9568,14.8865,0.0197,-0.0722
2026-08-01T13:23:15.782644+00:00,experiment_2_laptop,natural_stretch_and_drink_2_laptop,249,23.1570,1,-9.0704,13.6023,4.4831,0.6291,-4.5873,14.2314,0.0105,-0.0747
2026-08-01T13:23:15.782644+00:00,experiment_2_laptop,natural_stretch_and_drink_2_laptop,250,23.2498,1,-9.3286,13.8290,4.6831,0.4617,-4.6456,14.2907,0.0077,-0.0781
2026-08-01T13:23:15.782644+00:00,experiment_2_laptop,natural_stretch_and_drink_2_laptop,251,23.3508,1,-9.2163,13.5348,5.5664,1.2275,-3.6499,14.7623,0.0205,-0.0928
2026-08-01T13:23:15.782644+00:00,experiment_2_laptop,natural_stretch_and_drink_2_laptop,252,23.4355,1,-9.3314,13.7275,5.1558,1.1950,-4.1756,14.9224,0.0199,-0.0859
2026-08-01T13:23:15.782644+00:00,experiment_2_laptop,natural_stretch_and_drink_2_laptop,253,23.5337,1,-8.4403,13.4394,4.8552,1.0702,-3.5851,14.5096,0.0178,-0.0809
2026-08-01T13:23:15.782644+00:00,experiment_2_laptop,natural_stretch_and_drink_2_laptop,254,23.6234,1,-9.6850,13.5921,4.8863,0.9618,-4.7986,14.5540,0.0160,-0.0814
2026-08-01T13:23:15.782644+00:00,experiment_2_laptop,natural_stretch_and_drink_2_laptop,255,23.7169,1,-8.8019,13.4902,4.5155,0.9297,-4.2863,14.4200,0.0155,-0.0753
2026-08-01T13:23:15.782644+00:00,experiment_2_laptop,natural_stretch_and_drink_2_laptop,256,23.8096,1,-9.2165,13.8773,4.0424,0.7611,-5.1741,14.6384,0.0127,-0.0674
2026-08-01T13:23:15.782644+00:00,experiment_2_laptop,natural_stretch_and_drink_2_laptop,257,23.9010,1,-8.5164,13.8078,4.6066,1.3284,-3.9098,15.1362,0.0221,-0.0768
2026-08-01T13:23:15.782644+00:00,experiment_2_laptop,natural_stretch_and_drink_2_laptop,258,23.9992,1,-8.7602,13.5206,4.4121,1.5560,-4.3481,15.0766,0.0259,-0.0735
2026-08-01T13:23:15.782644+00:00,experiment_2_laptop,natural_stretch_and_drink_2_laptop,259,24.0899,1,-9.3784,13.7356,5.2706,1.2661,-4.1078,15.0017,0.0211,-0.0878
2026-08-01T13:23:15.782644+00:00,experiment_2_laptop,natural_stretch_and_drink_2_laptop,260,24.1847,1,-9.1359,13.4933,4.7660,1.0500,-4.3699,14.5434,0.0175,-0.0794
2026-08-01T13:23:15.782644+00:00,experiment_2_laptop,natural_stretch_and_drink_2_laptop,261,24.2733,1,-8.8938,13.4086,4.2189,0.5354,-4.6749,13.9440,0.0089,-0.0703
2026-08-01T13:23:15.782644+00:00,experiment_2_laptop,natural_stretch_and_drink_2_laptop,262,24.3676,1,-8.6992,13.4587,4.3544,0.9575,-4.3448,14.4162,0.0160,-0.0726
2026-08-01T13:23:15.782644+00:00,experiment_2_laptop,natural_stretch_and_drink_2_laptop,263,24.4607,1,-8.7415,13.2358,4.9224,0.8468,-3.8191,14.0826,0.0141,-0.0820
2026-08-01T13:23:15.782644+00:00,experiment_2_laptop,natural_stretch_and_drink_2_laptop,264,24.5537,1,-8.7467,13.7512,4.4425,0.8735,-4.3042,14.6248,0.0146,-0.0740
2026-08-01T13:23:15.782644+00:00,experiment_2_laptop,natural_stretch_and_drink_2_laptop,265,24.6467,1,-8.8920,13.7889,4.6961,1.0389,-4.1959,14.8278,0.0173,-0.0783
2026-08-01T13:23:15.782644+00:00,experiment_2_laptop,natural_stretch_and_drink_2_laptop,266,24.7396,1,-9.1327,13.5714,4.5224,0.7181,-4.6103,14.2895,0.0120,-0.0754
2026-08-01T13:23:15.782644+00:00,experiment_2_laptop,natural_stretch_and_drink_2_laptop,267,24.8324,1,-9.0757,13.4562,4.7039,1.1286,-4.3717,14.5848,0.0188,-0.0784
2026-08-01T13:23:15.782644+00:00,experiment_2_laptop,natural_stretch_and_drink_2_laptop,268,24.9245,1,-9.8267,13.2667,4.1702,1.2662,-5.6565,14.5329,0.0211,-0.0695
2026-08-01T13:23:15.782644+00:00,experiment_2_laptop,natural_stretch_and_drink_2_laptop,269,25.0207,1,-9.2698,13.5687,5.6401,0.7837,-3.6297,14.3524,0.0131,-0.0940
2026-08-01T13:23:15.782644+00:00,experiment_2_laptop,natural_stretch_and_drink_2_laptop,270,25.1109,1,-9.2483,13.7106,5.1995,1.0004,-4.0488,14.7110,0.0167,-0.0867
2026-08-01T13:23:15.782644+00:00,experiment_2_laptop,natural_stretch_and_drink_2_laptop,271,25.2037,1,-8.6647,13.0341,5.2193,0.4298,-3.4454,13.4639,0.0072,-0.0870
2026-08-01T13:23:15.782644+00:00,experiment_2_laptop,natural_stretch_and_drink_2_laptop,272,25.3000,1,-8.5203,13.3526,5.2948,1.2957,-3.2254,14.6483,0.0216,-0.0882
2026-08-01T13:23:15.782644+00:00,experiment_2_laptop,natural_stretch_and_drink_2_laptop,273,25.3899,1,-8.9976,13.7168,5.2099,0.7440,-3.7878,14.4608,0.0124,-0.0868
2026-08-01T13:23:15.782644+00:00,experiment_2_laptop,natural_stretch_and_drink_2_laptop,274,25.4848,1,-8.3416,13.3747,4.9808,0.4712,-3.3608,13.8458,0.0079,-0.0830
2026-08-01T13:23:15.782644+00:00,experiment_2_laptop,natural_stretch_and_drink_2_laptop,275,25.5774,1,-8.6830,13.1637,4.9817,0.6553,-3.7014,13.8190,0.0109,-0.0830
2026-08-01T13:23:15.782644+00:00,experiment_2_laptop,natural_stretch_and_drink_2_laptop,276,25.6687,1,-7.9910,13.6743,5.6912,1.2929,-2.2998,14.9672,0.0215,-0.0949
2026-08-01T13:23:15.782644+00:00,experiment_2_laptop,natural_stretch_and_drink_2_laptop,277,25.7638,1,-8.1603,13.1916,3.9628,0.7537,-4.1975,13.9453,0.0126,-0.0660
2026-08-01T13:23:15.782644+00:00,experiment_2_laptop,natural_stretch_and_drink_2_laptop,278,25.8553,1,-7.9480,13.3069,4.9716,1.1046,-2.9763,14.4115,0.0184,-0.0829
2026-08-01T13:23:15.782644+00:00,experiment_2_laptop,natural_stretch_and_drink_2_laptop,279,25.9513,1,-7.4572,13.0233,4.6724,1.7030,-2.7848,14.7264,0.0284,-0.0779
2026-08-01T13:23:15.782644+00:00,experiment_2_laptop,natural_stretch_and_drink_2_laptop,280,26.0412,1,-7.4686,12.9558,4.0806,1.1830,-3.3879,14.1388,0.0197,-0.0680
2026-08-01T13:23:15.782644+00:00,experiment_2_laptop,natural_stretch_and_drink_2_laptop,281,26.1354,1,-6.0636,13.4828,3.8032,0.8043,-2.2604,14.2871,0.0134,-0.0634
2026-08-01T13:23:15.782644+00:00,experiment_2_laptop,natural_stretch_and_drink_2_laptop,282,26.2271,1,-6.5845,14.0116,4.5018,1.0655,-2.0827,15.0770,0.0178,-0.0750
2026-08-01T13:23:15.782644+00:00,experiment_2_laptop,natural_stretch_and_drink_2_laptop,283,26.3223,1,-7.1426,13.5728,4.8505,0.5925,-2.2922,14.1652,0.0099,-0.0808
2026-08-01T13:23:15.782644+00:00,experiment_2_laptop,natural_stretch_and_drink_2_laptop,284,26.4175,1,-5.5555,13.4844,3.8812,0.0611,-1.6743,13.5456,0.0010,-0.0647
2026-08-01T13:23:15.782644+00:00,experiment_2_laptop,natural_stretch_and_drink_2_laptop,285,26.5063,1,-5.5494,13.1374,4.0054,0.4751,-1.5440,13.6125,0.0079,-0.0668
2026-08-01T13:23:15.782644+00:00,experiment_2_laptop,natural_stretch_and_drink_2_laptop,286,26.6013,1,-4.9385,12.4661,2.3262,0.2647,-2.6123,12.7308,0.0044,-0.0388
2026-08-01T13:23:15.782644+00:00,experiment_2_laptop,natural_stretch_and_drink_2_laptop,287,26.6936,1,-4.9760,11.9826,3.4232,1.2102,-1.5528,13.1928,0.0202,-0.0571
2026-08-01T13:23:15.782644+00:00,experiment_2_laptop,natural_stretch_and_drink_2_laptop,288,26.7864,1,-4.9525,11.9557,3.2395,0.9810,-1.7130,12.9367,0.0163,-0.0540
2026-08-01T13:23:15.782644+00:00,experiment_2_laptop,natural_stretch_and_drink_2_laptop,289,26.8805,1,-2.9088,11.2342,3.1539,-0.1157,0.2451,11.1185,-0.0019,-0.0526
2026-08-01T13:23:15.782644+00:00,experiment_2_laptop,natural_stretch_and_drink_2_laptop,290,26.9738,1,-3.0944,11.7346,3.2611,0.3141,0.1667,12.0486,0.0052,-0.0544
2026-08-01T13:23:15.782644+00:00,experiment_2_laptop,natural_stretch_and_drink_2_laptop,291,27.0695,1,-2.9645,11.8660,4.2035,0.9017,1.2391,12.7676,0.0150,-0.0701
2026-08-01T13:23:15.782644+00:00,experiment_2_laptop,natural_stretch_and_drink_2_laptop,292,27.1593,1,-3.1143,11.7463,4.3408,0.2289,1.2266,11.9752,0.0038,-0.0723
2026-08-01T13:23:15.782644+00:00,experiment_2_laptop,natural_stretch_and_drink_2_laptop,293,27.2522,1,-1.7335,11.2156,4.2339,-0.0100,2.5003,11.2056,-0.0002,-0.0706
2026-08-01T13:23:15.782644+00:00,experiment_2_laptop,natural_stretch_and_drink_2_laptop,294,27.3455,1,-2.6134,12.6908,5.6227,0.1873,3.0092,12.8781,0.0031,-0.0937
2026-08-01T13:23:15.782644+00:00,experiment_2_laptop,natural_stretch_and_drink_2_laptop,295,27.4386,1,-3.1793,12.9400,4.8473,0.3635,1.6680,13.3035,0.0061,-0.0808
2026-08-01T13:23:15.782644+00:00,experiment_2_laptop,natural_stretch_and_drink_2_laptop,296,27.5359,1,-3.4400,13.8844,3.6717,-0.6100,0.2317,13.2743,-0.0102,-0.0612
2026-08-01T13:23:15.782644+00:00,experiment_2_laptop,natural_stretch_and_drink_2_laptop,297,27.6231,1,-3.0304,12.1760,6.7800,0.8953,3.7496,13.0713,0.0149,-0.1130
2026-08-01T13:23:15.782644+00:00,experiment_2_laptop,natural_stretch_and_drink_2_laptop,298,27.7204,1,-2.6070,12.5307,5.1562,0.6345,2.5493,13.1652,0.0106,-0.0859
2026-08-01T13:23:15.782644+00:00,experiment_2_laptop,natural_stretch_and_drink_2_laptop,299,27.8093,1,-3.1666,12.8095,5.4018,0.5363,2.2352,13.3458,0.0089,-0.0900
2026-08-01T13:23:15.782644+00:00,experiment_2_laptop,natural_stretch_and_drink_2_laptop,300,27.9037,1,-2.2462,12.4333,4.6923,0.6973,2.4461,13.1306,0.0116,-0.0782
2026-08-01T13:23:15.782644+00:00,experiment_2_laptop,natural_stretch_and_drink_2_laptop,301,27.9980,1,-2.0329,13.5558,5.0971,-0.3904,3.0642,13.1655,-0.0065,-0.0850
2026-08-01T13:23:15.782644+00:00,experiment_2_laptop,natural_stretch_and_drink_2_laptop,302,28.0880,1,-1.6094,13.7724,5.7547,-0.1977,4.1453,13.5747,-0.0033,-0.0959
2026-08-01T13:23:15.782644+00:00,experiment_2_laptop,natural_stretch_and_drink_2_laptop,303,28.1837,1,-0.4946,16.5875,3.1319,-1.2241,2.6373,15.3634,-0.0204,-0.0522
2026-08-01T13:23:15.782644+00:00,experiment_2_laptop,natural_stretch_and_drink_2_laptop,304,28.2749,1,11.6454,16.9976,3.2017,-2.2538,14.8471,14.7438,-0.0376,-0.0534
2026-08-01T13:23:15.782644+00:00,experiment_2_laptop,natural_stretch_and_drink_2_laptop,305,28.3715,1,10.7558,13.7828,1.9656,-2.6011,12.7214,11.1817,-0.0434,-0.0328
2026-08-01T13:23:15.782644+00:00,experiment_2_laptop,natural_stretch_and_drink_2_laptop,306,28.4607,1,14.7752,17.1632,-4.1142,-0.6856,10.6611,16.4776,-0.0114,0.0686
2026-08-01T13:23:15.782644+00:00,experiment_2_laptop,natural_stretch_and_drink_2_laptop,307,28.5580,1,16.7985,12.7855,35.0934,5.7954,51.8919,18.5809,0.0966,-0.5849
2026-08-01T13:23:15.782644+00:00,experiment_2_laptop,natural_stretch_and_drink_2_laptop,308,28.6476,1,14.5006,12.4993,5.2033,1.4675,19.7039,13.9668,0.0245,-0.0867
2026-08-01T13:23:15.782644+00:00,experiment_2_laptop,natural_stretch_and_drink_2_laptop,309,28.7396,1,18.1043,10.6752,0.5202,23.1149,18.6245,33.7901,0.3852,-0.0087
2026-08-01T13:23:15.782644+00:00,experiment_2_laptop,natural_stretch_and_drink_2_laptop,310,28.8365,1,18.3980,12.8583,-5.9007,24.5655,12.4973,37.4238,0.4094,0.0983
2026-08-01T13:23:15.782644+00:00,experiment_2_laptop,natural_stretch_and_drink_2_laptop,311,28.9268,1,24.5820,11.5481,17.5505,20.3499,42.1325,31.8981,0.3392,-0.2925
2026-08-01T13:23:15.782644+00:00,experiment_2_laptop,natural_stretch_and_drink_2_laptop,312,29.0206,1,26.7952,13.9328,64.1700,6.9153,90.9651,20.8481,0.1153,-1.0695
2026-08-01T13:23:15.782644+00:00,experiment_2_laptop,natural_stretch_and_drink_2_laptop,313,29.1122,1,27.8577,16.8819,-1.2957,6.3457,26.5619,23.2276,0.1058,0.0216
2026-08-01T13:23:15.782644+00:00,experiment_2_laptop,natural_stretch_and_drink_2_laptop,314,29.2061,1,28.4267,13.3600,19.6131,27.1987,48.0398,40.5587,0.4533,-0.3269
2026-08-01T13:23:15.782644+00:00,experiment_2_laptop,natural_stretch_and_drink_2_laptop,315,29.2996,1,30.4407,10.3093,10.6192,41.4226,41.0599,51.7319,0.6904,-0.1770
2026-08-01T13:23:15.782644+00:00,experiment_2_laptop,natural_stretch_and_drink_2_laptop,316,29.3926,1,28.7299,8.7077,7.2004,43.6440,35.9303,52.3517,0.7274,-0.1200
2026-08-01T13:23:15.782644+00:00,experiment_2_laptop,natural_stretch_and_drink_2_laptop,317,29.4868,1,33.0606,7.4824,34.9869,18.7259,68.0475,26.2082,0.3121,-0.5831
2026-08-01T13:23:15.782644+00:00,experiment_2_laptop,natural_stretch_and_drink_2_laptop,318,29.5785,1,31.4329,5.5325,34.9410,13.8503,66.3740,19.3828,0.2308,-0.5824
2026-08-01T13:23:15.782644+00:00,experiment_2_laptop,natural_stretch_and_drink_2_laptop,319,29.6725,1,30.9728,5.9436,-15.6908,45.3631,15.2820,51.3067,0.7561,0.2615
2026-08-01T13:23:15.782644+00:00,experiment_2_laptop,natural_stretch_and_drink_2_laptop,320,29.7645,1,32.0006,7.1201,-23.2093,41.9372,8.7913,49.0572,0.6990,0.3868
2026-08-01T13:23:15.782644+00:00,experiment_2_laptop,natural_stretch_and_drink_2_laptop,321,29.8576,1,30.6558,6.1974,-19.5051,37.2672,11.1506,43.4646,0.6211,0.3251
2026-08-01T13:23:15.782644+00:00,experiment_2_laptop,natural_stretch_and_drink_2_laptop,322,29.9548,1,27.1551,4.1459,-13.6432,23.4386,13.5119,27.5845,0.3906,0.2274
2026-08-01T13:23:15.782644+00:00,experiment_2_laptop,natural_stretch_and_drink_2_laptop,323,30.0419,1,30.4848,7.6145,-11.8922,35.9307,18.5926,43.5453,0.5988,0.1982
2026-08-01T13:23:15.782644+00:00,experiment_2_laptop,natural_stretch_and_drink_2_laptop,324,30.1363,1,32.6494,8.4474,7.3753,27.5644,40.0248,36.0118,0.4594,-0.1229
2026-08-01T13:23:15.782644+00:00,experiment_2_laptop,natural_stretch_and_drink_2_laptop,325,30.2299,1,26.5584,4.2507,-2.1975,36.9600,24.3609,41.2107,0.6160,0.0366
2026-08-01T13:23:15.782644+00:00,experiment_2_laptop,natural_stretch_and_drink_2_laptop,326,30.3225,1,29.4989,8.2130,12.6472,25.7796,42.1461,33.9926,0.4297,-0.2108
2026-08-01T13:23:15.782644+00:00,experiment_2_laptop,natural_stretch_and_drink_2_laptop,327,30.4163,1,27.4213,6.0681,-9.2226,33.0400,18.1987,39.1080,0.5507,0.1537
2026-08-01T13:23:15.782644+00:00,experiment_2_laptop,natural_stretch_and_drink_2_laptop,328,30.5094,1,29.7529,10.1790,-3.3490,30.4193,26.4039,40.5983,0.5070,0.0558
2026-08-01T13:23:15.782644+00:00,experiment_2_laptop,natural_stretch_and_drink_2_laptop,329,30.6065,1,30.2645,7.7622,-0.8241,19.6263,29.4404,27.3885,0.3271,0.0137
2026-08-01T13:23:15.782644+00:00,experiment_2_laptop,natural_stretch_and_drink_2_laptop,330,30.6943,1,26.1035,6.1301,4.6808,16.1185,30.7843,22.2486,0.2686,-0.0780
2026-08-01T13:23:15.782644+00:00,experiment_2_laptop,natural_stretch_and_drink_2_laptop,331,30.7891,1,23.8945,9.9250,-0.5276,31.0843,23.3669,41.0093,0.5181,0.0088
2026-08-01T13:23:15.782644+00:00,experiment_2_laptop,natural_stretch_and_drink_2_laptop,332,30.8789,0,0.0000,0.0000,0.0000,0.0000,0.0000,0.0000,0.0000,0.0000
2026-08-01T13:23:15.782644+00:00,experiment_2_laptop,natural_stretch_and_drink_2_laptop,333,30.9742,0,0.0000,0.0000,0.0000,0.0000,0.0000,0.0000,0.0000,0.0000
2026-08-01T13:23:15.782644+00:00,experiment_2_laptop,natural_stretch_and_drink_2_laptop,334,31.0751,0,0.0000,0.0000,0.0000,0.0000,0.0000,0.0000,0.0000,0.0000
2026-08-01T13:23:15.782644+00:00,experiment_2_laptop,natural_stretch_and_drink_2_laptop,335,31.1603,0,0.0000,0.0000,0.0000,0.0000,0.0000,0.0000,0.0000,0.0000
2026-08-01T13:23:15.782644+00:00,experiment_2_laptop,natural_stretch_and_drink_2_laptop,336,31.2600,0,0.0000,0.0000,0.0000,0.0000,0.0000,0.0000,0.0000,0.0000
2026-08-01T13:23:15.782644+00:00,experiment_2_laptop,natural_stretch_and_drink_2_laptop,337,31.3479,0,0.0000,0.0000,0.0000,0.0000,0.0000,0.0000,0.0000,0.0000
2026-08-01T13:23:15.782644+00:00,experiment_2_laptop,natural_stretch_and_drink_2_laptop,338,31.4407,0,0.0000,0.0000,0.0000,0.0000,0.0000,0.0000,0.0000,0.0000
2026-08-01T13:23:15.782644+00:00,experiment_2_laptop,natural_stretch_and_drink_2_laptop,339,31.5323,0,0.0000,0.0000,0.0000,0.0000,0.0000,0.0000,0.0000,0.0000
2026-08-01T13:23:15.782644+00:00,experiment_2_laptop,natural_stretch_and_drink_2_laptop,340,31.6283,0,0.0000,0.0000,0.0000,0.0000,0.0000,0.0000,0.0000,0.0000
2026-08-01T13:23:15.782644+00:00,experiment_2_laptop,natural_stretch_and_drink_2_laptop,341,31.7184,0,0.0000,0.0000,0.0000,0.0000,0.0000,0.0000,0.0000,0.0000
2026-08-01T13:23:15.782644+00:00,experiment_2_laptop,natural_stretch_and_drink_2_laptop,342,31.8114,0,0.0000,0.0000,0.0000,0.0000,0.0000,0.0000,0.0000,0.0000
2026-08-01T13:23:15.782644+00:00,experiment_2_laptop,natural_stretch_and_drink_2_laptop,343,31.9090,0,0.0000,0.0000,0.0000,0.0000,0.0000,0.0000,0.0000,0.0000
2026-08-01T13:23:15.782644+00:00,experiment_2_laptop,natural_stretch_and_drink_2_laptop,344,31.9974,0,0.0000,0.0000,0.0000,0.0000,0.0000,0.0000,0.0000,0.0000
2026-08-01T13:23:15.782644+00:00,experiment_2_laptop,natural_stretch_and_drink_2_laptop,345,32.0925,0,0.0000,0.0000,0.0000,0.0000,0.0000,0.0000,0.0000,0.0000
2026-08-01T13:23:15.782644+00:00,experiment_2_laptop,natural_stretch_and_drink_2_laptop,346,32.1851,0,0.0000,0.0000,0.0000,0.0000,0.0000,0.0000,0.0000,0.0000
2026-08-01T13:23:15.782644+00:00,experiment_2_laptop,natural_stretch_and_drink_2_laptop,347,32.2785,0,0.0000,0.0000,0.0000,0.0000,0.0000,0.0000,0.0000,0.0000
2026-08-01T13:23:15.782644+00:00,experiment_2_laptop,natural_stretch_and_drink_2_laptop,348,32.3711,0,0.0000,0.0000,0.0000,0.0000,0.0000,0.0000,0.0000,0.0000
2026-08-01T13:23:15.782644+00:00,experiment_2_laptop,natural_stretch_and_drink_2_laptop,349,32.4648,0,0.0000,0.0000,0.0000,0.0000,0.0000,0.0000,0.0000,0.0000
2026-08-01T13:23:15.782644+00:00,experiment_2_laptop,natural_stretch_and_drink_2_laptop,350,32.5588,0,0.0000,0.0000,0.0000,0.0000,0.0000,0.0000,0.0000,0.0000
2026-08-01T13:23:15.782644+00:00,experiment_2_laptop,natural_stretch_and_drink_2_laptop,351,32.6511,1,25.7300,5.6456,11.3232,28.5531,37.0532,34.1987,0.4759,-0.1887
2026-08-01T13:23:15.782644+00:00,experiment_2_laptop,natural_stretch_and_drink_2_laptop,352,32.7416,1,33.8192,7.7411,-6.5250,34.8482,27.2942,42.5893,0.5808,0.1087
2026-08-01T13:23:15.782644+00:00,experiment_2_laptop,natural_stretch_and_drink_2_laptop,353,32.8333,1,32.6191,8.3281,4.8149,13.7927,37.4340,22.1208,0.2299,-0.0802
2026-08-01T13:23:15.782644+00:00,experiment_2_laptop,natural_stretch_and_drink_2_laptop,354,32.9276,1,30.6149,13.1309,37.3228,3.9973,67.9377,17.1283,0.0666,-0.6220
2026-08-01T13:23:15.782644+00:00,experiment_2_laptop,natural_stretch_and_drink_2_laptop,355,33.0242,1,31.4869,14.1353,11.0652,9.7598,42.5521,23.8951,0.1627,-0.1844
2026-08-01T13:23:15.782644+00:00,experiment_2_laptop,natural_stretch_and_drink_2_laptop,356,33.1126,1,19.6767,16.1326,0.2487,3.2676,19.9255,19.4002,0.0545,-0.0041
2026-08-01T13:23:15.782644+00:00,experiment_2_laptop,natural_stretch_and_drink_2_laptop,357,33.2086,1,15.6358,17.9020,18.5377,-3.4452,34.1735,14.4567,-0.0574,-0.3090
2026-08-01T13:23:15.782644+00:00,experiment_2_laptop,natural_stretch_and_drink_2_laptop,358,33.2990,1,16.4550,19.7093,-1.5590,-2.9663,14.8960,16.7429,-0.0494,0.0260
2026-08-01T13:23:15.782644+00:00,experiment_2_laptop,natural_stretch_and_drink_2_laptop,359,33.3938,1,12.3572,17.3896,6.0610,-0.9255,18.4182,16.4641,-0.0154,-0.1010
2026-08-01T13:23:15.782644+00:00,experiment_2_laptop,natural_stretch_and_drink_2_laptop,360,33.4868,1,7.6343,16.1514,6.2275,-0.8493,13.8619,15.3021,-0.0142,-0.1038
2026-08-01T13:23:15.782644+00:00,experiment_2_laptop,natural_stretch_and_drink_2_laptop,361,33.5799,1,3.6736,14.8349,7.3561,1.0518,11.0297,15.8867,0.0175,-0.1226
2026-08-01T13:23:15.782644+00:00,experiment_2_laptop,natural_stretch_and_drink_2_laptop,362,33.6723,1,2.2557,14.2356,7.5463,-0.0515,9.8021,14.1841,-0.0009,-0.1258
2026-08-01T13:23:15.782644+00:00,experiment_2_laptop,natural_stretch_and_drink_2_laptop,363,33.7651,1,1.1401,14.8546,4.6987,0.5184,5.8388,15.3730,0.0086,-0.0783
2026-08-01T13:23:15.782644+00:00,experiment_2_laptop,natural_stretch_and_drink_2_laptop,364,33.8586,1,-0.0677,14.9476,6.3402,1.0699,6.2725,16.0175,0.0178,-0.1057
2026-08-01T13:23:15.782644+00:00,experiment_2_laptop,natural_stretch_and_drink_2_laptop,365,33.9500,1,-0.9235,14.1526,5.6432,0.9003,4.7197,15.0529,0.0150,-0.0941
2026-08-01T13:23:15.782644+00:00,experiment_2_laptop,natural_stretch_and_drink_2_laptop,366,34.0446,1,-2.3351,15.0926,4.7924,0.3099,2.4572,15.4025,0.0052,-0.0799
2026-08-01T13:23:15.782644+00:00,experiment_2_laptop,natural_stretch_and_drink_2_laptop,367,34.1360,1,-2.6769,14.4245,5.3875,1.2819,2.7106,15.7064,0.0214,-0.0898
2026-08-01T13:23:15.782644+00:00,experiment_2_laptop,natural_stretch_and_drink_2_laptop,368,34.2290,1,-2.9676,14.1468,4.9307,1.0263,1.9631,15.1731,0.0171,-0.0822
2026-08-01T13:23:15.782644+00:00,experiment_2_laptop,natural_stretch_and_drink_2_laptop,369,34.3296,1,-4.5287,13.6044,5.0221,0.3997,0.4934,14.0040,0.0067,-0.0837
2026-08-01T13:23:15.782644+00:00,experiment_2_laptop,natural_stretch_and_drink_2_laptop,370,34.4165,1,-4.2170,13.4198,5.0854,0.6430,0.8685,14.0628,0.0107,-0.0848
2026-08-01T13:23:15.782644+00:00,experiment_2_laptop,natural_stretch_and_drink_2_laptop,371,34.5080,1,-4.1542,14.0574,3.6216,1.0555,-0.5326,15.1129,0.0176,-0.0604
2026-08-01T13:23:15.782644+00:00,experiment_2_laptop,natural_stretch_and_drink_2_laptop,372,34.6002,1,-4.5159,13.7474,4.4246,0.8397,-0.0913,14.5871,0.0140,-0.0737
2026-08-01T13:23:15.782644+00:00,experiment_2_laptop,natural_stretch_and_drink_2_laptop,373,34.7009,1,-2.7650,13.3950,4.1199,0.2596,1.3548,13.6546,0.0043,-0.0687
2026-08-01T13:23:15.782644+00:00,experiment_2_laptop,natural_stretch_and_drink_2_laptop,374,34.7891,1,-2.2970,13.2516,4.9123,0.4658,2.6153,13.7173,0.0078,-0.0819
2026-08-01T13:23:15.782644+00:00,experiment_2_laptop,natural_stretch_and_drink_2_laptop,375,34.8819,1,-1.9565,12.6231,4.7623,0.5125,2.8058,13.1356,0.0085,-0.0794
2026-08-01T13:23:15.782644+00:00,experiment_2_laptop,natural_stretch_and_drink_2_laptop,376,34.9761,1,-1.5330,12.5730,4.7735,-0.3155,3.2405,12.2575,-0.0053,-0.0796
2026-08-01T13:23:15.782644+00:00,experiment_2_laptop,natural_stretch_and_drink_2_laptop,377,35.0692,1,-1.6572,12.1665,4.4249,-0.3781,2.7676,11.7883,-0.0063,-0.0737
2026-08-01T13:23:15.782644+00:00,experiment_2_laptop,natural_stretch_and_drink_2_laptop,378,35.1616,1,-2.1856,12.5350,4.6828,-0.5923,2.4972,11.9427,-0.0099,-0.0780
2026-08-01T13:23:15.782644+00:00,experiment_2_laptop,natural_stretch_and_drink_2_laptop,379,35.2532,1,-2.2735,12.2908,4.9850,-0.3691,2.7115,11.9217,-0.0062,-0.0831
2026-08-01T13:23:15.782644+00:00,experiment_2_laptop,natural_stretch_and_drink_2_laptop,380,35.3460,1,-2.9828,12.4392,4.7355,-0.6848,1.7527,11.7544,-0.0114,-0.0789
2026-08-01T13:23:15.782644+00:00,experiment_2_laptop,natural_stretch_and_drink_2_laptop,381,35.4438,1,-2.6246,11.4691,4.1968,-0.0081,1.5722,11.4611,-0.0001,-0.0699
2026-08-01T13:23:15.782644+00:00,experiment_2_laptop,natural_stretch_and_drink_2_laptop,382,35.5337,1,-2.7851,11.5433,4.1017,0.0535,1.3166,11.5967,0.0009,-0.0684
2026-08-01T13:23:15.782644+00:00,experiment_2_laptop,natural_stretch_and_drink_2_laptop,383,35.6265,1,-2.3064,11.0928,5.1790,0.8251,2.8726,11.9179,0.0138,-0.0863
2026-08-01T13:23:15.782644+00:00,experiment_2_laptop,natural_stretch_and_drink_2_laptop,384,35.7198,1,-2.3531,10.8203,6.2668,0.1768,3.9137,10.9971,0.0029,-0.1044
2026-08-01T13:23:15.782644+00:00,experiment_2_laptop,natural_stretch_and_drink_2_laptop,385,35.8123,1,-3.1821,11.0980,7.4185,-0.0249,4.2364,11.0730,-0.0004,-0.1236
2026-08-01T13:23:15.782644+00:00,experiment_2_laptop,natural_stretch_and_drink_2_laptop,386,35.9055,1,-3.1756,10.2561,5.4284,-0.1475,2.2527,10.1086,-0.0025,-0.0905
2026-08-01T13:23:15.782644+00:00,experiment_2_laptop,natural_stretch_and_drink_2_laptop,387,36.0002,1,-2.7874,10.7115,5.6211,0.1620,2.8337,10.8735,0.0027,-0.0937
2026-08-01T13:23:15.782644+00:00,experiment_2_laptop,natural_stretch_and_drink_2_laptop,388,36.0943,1,-4.4199,11.3179,5.5184,0.1705,1.0985,11.4884,0.0028,-0.0920
2026-08-01T13:23:15.782644+00:00,experiment_2_laptop,natural_stretch_and_drink_2_laptop,389,36.1846,1,-5.3811,11.7615,5.4569,0.0608,0.0758,11.8223,0.0010,-0.0909
2026-08-01T13:23:15.782644+00:00,experiment_2_laptop,natural_stretch_and_drink_2_laptop,390,36.2774,1,-5.7751,11.1711,6.6825,1.0937,0.9074,12.2648,0.0182,-0.1114
2026-08-01T13:23:15.782644+00:00,experiment_2_laptop,natural_stretch_and_drink_2_laptop,391,36.3699,1,-5.9623,11.9500,4.7493,0.7589,-1.2131,12.7089,0.0126,-0.0792
2026-08-01T13:23:15.782644+00:00,experiment_2_laptop,natural_stretch_and_drink_2_laptop,392,36.4633,1,-5.7709,12.0829,6.1467,0.4115,0.3758,12.4943,0.0069,-0.1024
2026-08-01T13:23:15.782644+00:00,experiment_2_laptop,natural_stretch_and_drink_2_laptop,393,36.5565,1,-6.0938,12.1745,6.0690,0.2690,-0.0248,12.4435,0.0045,-0.1011
2026-08-01T13:23:15.782644+00:00,experiment_2_laptop,natural_stretch_and_drink_2_laptop,394,36.6485,1,-5.5484,11.2032,5.0313,0.4799,-0.5171,11.6831,0.0080,-0.0839
2026-08-01T13:23:15.782644+00:00,experiment_2_laptop,natural_stretch_and_drink_2_laptop,395,36.7475,1,-5.3332,10.9742,6.2545,0.3414,0.9213,11.3156,0.0057,-0.1042
2026-08-01T13:23:15.782644+00:00,experiment_2_laptop,natural_stretch_and_drink_2_laptop,396,36.8345,1,-6.0728,11.2238,4.8750,0.5151,-1.1978,11.7389,0.0086,-0.0812
2026-08-01T13:23:15.782644+00:00,experiment_2_laptop,natural_stretch_and_drink_2_laptop,397,36.9287,1,-6.7576,11.1661,5.4221,0.8325,-1.3355,11.9986,0.0139,-0.0904
2026-08-01T13:23:15.782644+00:00,experiment_2_laptop,natural_stretch_and_drink_2_laptop,398,37.0208,1,-7.7069,11.7041,5.0878,0.6756,-2.6191,12.3797,0.0113,-0.0848
2026-08-01T13:23:15.782644+00:00,experiment_2_laptop,natural_stretch_and_drink_2_laptop,399,37.1153,1,-7.4463,11.3440,5.1123,0.4568,-2.3340,11.8009,0.0076,-0.0852
2026-08-01T13:23:15.782644+00:00,experiment_2_laptop,natural_stretch_and_drink_2_laptop,400,37.2081,1,-6.7340,10.6687,3.8423,0.5920,-2.8917,11.2606,0.0099,-0.0640
2026-08-01T13:23:15.782644+00:00,experiment_2_laptop,natural_stretch_and_drink_2_laptop,401,37.3004,1,-7.2042,11.1099,3.3878,0.6620,-3.8164,11.7719,0.0110,-0.0565
2026-08-01T13:23:15.782644+00:00,experiment_2_laptop,natural_stretch_and_drink_2_laptop,402,37.3964,1,-7.7487,11.0756,3.9597,0.6550,-3.7890,11.7306,0.0109,-0.0660
2026-08-01T13:23:15.782644+00:00,experiment_2_laptop,natural_stretch_and_drink_2_laptop,403,37.4866,1,-7.8050,10.9530,4.3882,0.1446,-3.4168,11.0976,0.0024,-0.0731
2026-08-01T13:23:15.782644+00:00,experiment_2_laptop,natural_stretch_and_drink_2_laptop,404,37.5817,1,-7.5665,11.0398,3.6862,-0.2801,-3.8803,10.7597,-0.0047,-0.0614
2026-08-01T13:23:15.782644+00:00,experiment_2_laptop,natural_stretch_and_drink_2_laptop,405,37.6734,1,-7.0492,10.5753,3.9602,0.3721,-3.0890,10.9474,0.0062,-0.0660
2026-08-01T13:23:15.782644+00:00,experiment_2_laptop,natural_stretch_and_drink_2_laptop,406,37.7647,1,-6.4840,10.7452,4.1226,-1.2675,-2.3614,9.4778,-0.0211,-0.0687
2026-08-01T13:23:15.782644+00:00,experiment_2_laptop,natural_stretch_and_drink_2_laptop,407,37.8653,1,-7.2512,10.6710,3.2797,-0.5804,-3.9715,10.0906,-0.0097,-0.0547
2026-08-01T13:23:15.782644+00:00,experiment_2_laptop,natural_stretch_and_drink_2_laptop,408,37.9511,1,-7.6391,10.6668,3.5294,0.2572,-4.1097,10.9241,0.0043,-0.0588
2026-08-01T13:23:15.782644+00:00,experiment_2_laptop,natural_stretch_and_drink_2_laptop,409,38.0455,1,-7.6435,10.7977,3.9517,0.7455,-3.6918,11.5432,0.0124,-0.0659
2026-08-01T13:23:15.782644+00:00,experiment_2_laptop,natural_stretch_and_drink_2_laptop,410,38.1387,1,-7.4874,10.1655,3.2052,0.3618,-4.2823,10.5272,0.0060,-0.0534
2026-08-01T13:23:15.782644+00:00,experiment_2_laptop,natural_stretch_and_drink_2_laptop,411,38.2313,1,-6.9914,9.7533,2.9162,1.2818,-4.0751,11.0351,0.0214,-0.0486
2026-08-01T13:23:15.782644+00:00,experiment_2_laptop,natural_stretch_and_drink_2_laptop,412,38.3244,1,-6.8846,9.5413,3.7274,1.0205,-3.1573,10.5619,0.0170,-0.0621
2026-08-01T13:23:15.782644+00:00,experiment_2_laptop,natural_stretch_and_drink_2_laptop,413,38.4163,1,-7.1992,9.2318,3.0472,0.7173,-4.1521,9.9490,0.0120,-0.0508
2026-08-01T13:23:15.782644+00:00,experiment_2_laptop,natural_stretch_and_drink_2_laptop,414,38.5147,1,-6.8633,9.2719,3.1564,1.0264,-3.7069,10.2983,0.0171,-0.0526
2026-08-01T13:23:15.782644+00:00,experiment_2_laptop,natural_stretch_and_drink_2_laptop,415,38.6016,1,-7.2726,9.4580,3.0684,1.0372,-4.2042,10.4953,0.0173,-0.0511
2026-08-01T13:23:15.782644+00:00,experiment_2_laptop,natural_stretch_and_drink_2_laptop,416,38.7000,1,-7.0380,8.9749,3.0641,0.4571,-3.9739,9.4319,0.0076,-0.0511
2026-08-01T13:23:15.782644+00:00,experiment_2_laptop,natural_stretch_and_drink_2_laptop,417,38.7885,1,-7.0732,9.1811,4.6659,0.0009,-2.4073,9.1820,0.0000,-0.0778
2026-08-01T13:23:15.782644+00:00,experiment_2_laptop,natural_stretch_and_drink_2_laptop,418,38.8825,1,-6.8204,8.7184,4.7233,-0.7989,-2.0971,7.9195,-0.0133,-0.0787
2026-08-01T13:23:15.782644+00:00,experiment_2_laptop,natural_stretch_and_drink_2_laptop,419,38.9754,1,-7.2011,8.8128,3.8832,-1.0313,-3.3179,7.7814,-0.0172,-0.0647
2026-08-01T13:23:15.782644+00:00,experiment_2_laptop,natural_stretch_and_drink_2_laptop,420,39.0691,1,-6.7822,8.8454,4.2769,-0.8010,-2.5053,8.0444,-0.0133,-0.0713
2026-08-01T13:23:15.782644+00:00,experiment_2_laptop,natural_stretch_and_drink_2_laptop,421,39.1591,1,-7.5388,8.9865,4.3872,-0.6968,-3.1516,8.2897,-0.0116,-0.0731
2026-08-01T13:23:15.782644+00:00,experiment_2_laptop,natural_stretch_and_drink_2_laptop,422,39.2554,1,-7.1634,8.5844,4.1185,-0.7899,-3.0449,7.7946,-0.0132,-0.0686
2026-08-01T13:23:15.782644+00:00,experiment_2_laptop,natural_stretch_and_drink_2_laptop,423,39.3467,1,-7.3268,8.4381,3.2424,-0.1284,-4.0844,8.3096,-0.0021,-0.0540
2026-08-01T13:23:15.782644+00:00,experiment_2_laptop,natural_stretch_and_drink_2_laptop,424,39.4396,1,-6.9222,8.7427,3.6304,-0.2484,-3.2919,8.4944,-0.0041,-0.0605
2026-08-01T13:23:15.782644+00:00,experiment_2_laptop,natural_stretch_and_drink_2_laptop,425,39.5343,1,-6.9223,8.6370,3.9554,-0.6993,-2.9669,7.9377,-0.0117,-0.0659
2026-08-01T13:23:15.782644+00:00,experiment_2_laptop,natural_stretch_and_drink_2_laptop,426,39.6281,1,-6.5648,8.1338,3.3943,-0.8485,-3.1705,7.2852,-0.0141,-0.0566
2026-08-01T13:23:15.782644+00:00,experiment_2_laptop,natural_stretch_and_drink_2_laptop,427,39.7189,1,-6.7538,8.4227,4.0379,-1.3259,-2.7159,7.0968,-0.0221,-0.0673
2026-08-01T13:23:15.782644+00:00,experiment_2_laptop,natural_stretch_and_drink_2_laptop,428,39.8148,1,-7.5146,8.3749,3.8823,-1.1914,-3.6323,7.1835,-0.0199,-0.0647
2026-08-01T13:23:15.782644+00:00,experiment_2_laptop,natural_stretch_and_drink_2_laptop,429,39.9060,1,-7.8313,8.6302,4.1399,-0.4844,-3.6913,8.1458,-0.0081,-0.0690
2026-08-01T13:23:15.782644+00:00,experiment_2_laptop,natural_stretch_and_drink_2_laptop,430,40.0002,1,-6.8386,8.4005,3.9032,-0.6446,-2.9354,7.7559,-0.0107,-0.0651
2026-08-01T13:23:15.782644+00:00,experiment_2_laptop,natural_stretch_and_drink_2_laptop,431,40.0926,1,-6.8745,7.7429,3.8821,-0.4398,-2.9924,7.3030,-0.0073,-0.0647
2026-08-01T13:23:15.782644+00:00,experiment_2_laptop,natural_stretch_and_drink_2_laptop,432,40.1873,1,-6.5357,7.8003,3.8434,-1.0771,-2.6923,6.7232,-0.0180,-0.0641
2026-08-01T13:23:15.782644+00:00,experiment_2_laptop,natural_stretch_and_drink_2_laptop,433,40.2771,1,-7.1398,8.1202,4.4299,-1.2173,-2.7099,6.9028,-0.0203,-0.0738
2026-08-01T13:23:15.782644+00:00,experiment_2_laptop,natural_stretch_and_drink_2_laptop,434,40.3701,1,-7.5551,8.5245,4.1389,-1.0573,-3.4163,7.4672,-0.0176,-0.0690
2026-08-01T13:23:15.782644+00:00,experiment_2_laptop,natural_stretch_and_drink_2_laptop,435,40.4649,1,-7.0199,8.5642,3.5419,-0.9117,-3.4781,7.6525,-0.0152,-0.0590
2026-08-01T13:23:15.782644+00:00,experiment_2_laptop,natural_stretch_and_drink_2_laptop,436,40.5578,1,-7.7431,8.3229,3.8318,-1.2361,-3.9113,7.0867,-0.0206,-0.0639
2026-08-01T13:23:15.782644+00:00,experiment_2_laptop,natural_stretch_and_drink_2_laptop,437,40.6496,1,-7.2698,8.3363,4.1997,-0.7264,-3.0701,7.6099,-0.0121,-0.0700
2026-08-01T13:23:15.782644+00:00,experiment_2_laptop,natural_stretch_and_drink_2_laptop,438,40.7460,1,-7.0850,8.5847,3.1882,-1.0258,-3.8968,7.5590,-0.0171,-0.0531
2026-08-01T13:23:15.782644+00:00,experiment_2_laptop,natural_stretch_and_drink_2_laptop,439,40.8358,1,-7.1569,8.4734,3.6771,-1.0471,-3.4798,7.4263,-0.0175,-0.0613
2026-08-01T13:23:15.782644+00:00,experiment_2_laptop,natural_stretch_and_drink_2_laptop,440,40.9339,1,-6.4679,8.0592,4.4334,-0.9358,-2.0345,7.1234,-0.0156,-0.0739
2026-08-01T13:23:15.782644+00:00,experiment_2_laptop,natural_stretch_and_drink_2_laptop,441,41.0231,1,-6.9597,7.7278,4.5686,-0.4229,-2.3911,7.3049,-0.0070,-0.0761
2026-08-01T13:23:15.782644+00:00,experiment_2_laptop,natural_stretch_and_drink_2_laptop,442,41.1156,1,-6.9499,8.0034,3.3107,-0.8862,-3.6392,7.1171,-0.0148,-0.0552
2026-08-01T13:23:15.782644+00:00,experiment_2_laptop,natural_stretch_and_drink_2_laptop,443,41.2089,1,-7.1226,7.9167,4.0715,-0.5785,-3.0510,7.3382,-0.0096,-0.0679
2026-08-01T13:23:15.782644+00:00,experiment_2_laptop,natural_stretch_and_drink_2_laptop,444,41.3022,1,-6.9566,8.1185,3.5840,-0.8194,-3.3726,7.2991,-0.0137,-0.0597
2026-08-01T13:23:15.782644+00:00,experiment_2_laptop,natural_stretch_and_drink_2_laptop,445,41.3944,1,-7.4840,8.5045,3.4051,-0.1821,-4.0789,8.3224,-0.0030,-0.0568
2026-08-01T13:23:15.782644+00:00,experiment_2_laptop,natural_stretch_and_drink_2_laptop,446,41.4866,1,-7.1226,8.5512,2.8156,-0.2348,-4.3069,8.3164,-0.0039,-0.0469
2026-08-01T13:23:15.782644+00:00,experiment_2_laptop,natural_stretch_and_drink_2_laptop,447,41.5811,1,-7.5797,8.7639,2.5344,-0.0213,-5.0453,8.7426,-0.0004,-0.0422
2026-08-01T13:23:15.782644+00:00,experiment_2_laptop,natural_stretch_and_drink_2_laptop,448,41.6742,1,-7.2443,8.2769,3.7169,-1.0365,-3.5274,7.2404,-0.0173,-0.0619
2026-08-01T13:23:15.782644+00:00,experiment_2_laptop,natural_stretch_and_drink_2_laptop,449,41.7731,1,-7.3737,8.2893,3.7740,-1.0964,-3.5997,7.1929,-0.0183,-0.0629
2026-08-01T13:23:15.782644+00:00,experiment_2_laptop,natural_stretch_and_drink_2_laptop,450,41.8595,1,-7.7452,8.2150,3.1774,-1.1983,-4.5677,7.0167,-0.0200,-0.0530
2026-08-01T13:23:15.782644+00:00,experiment_2_laptop,natural_stretch_and_drink_2_laptop,451,41.9530,1,-7.3004,8.4752,2.7767,-1.1276,-4.5237,7.3476,-0.0188,-0.0463
2026-08-01T13:23:15.782644+00:00,experiment_2_laptop,natural_stretch_and_drink_2_laptop,452,42.0457,1,-7.3258,8.3108,2.7187,-0.2895,-4.6071,8.0213,-0.0048,-0.0453
2026-08-01T13:23:15.782644+00:00,experiment_2_laptop,natural_stretch_and_drink_2_laptop,453,42.1412,1,-8.0668,9.0980,2.2387,0.9393,-5.8281,10.0373,0.0157,-0.0373
2026-08-01T13:23:15.782644+00:00,experiment_2_laptop,natural_stretch_and_drink_2_laptop,454,42.2386,1,-7.3861,9.1986,3.3223,0.3345,-4.0638,9.5330,0.0056,-0.0554
2026-08-01T13:23:15.782644+00:00,experiment_2_laptop,natural_stretch_and_drink_2_laptop,455,42.3245,1,-7.8552,8.9541,3.1324,0.9470,-4.7228,9.9011,0.0158,-0.0522
2026-08-01T13:23:15.782644+00:00,experiment_2_laptop,natural_stretch_and_drink_2_laptop,456,42.4182,1,-8.2851,9.1159,3.1759,0.7298,-5.1093,9.8457,0.0122,-0.0529
2026-08-01T13:23:15.782644+00:00,experiment_2_laptop,natural_stretch_and_drink_2_laptop,457,42.5116,1,-7.3543,9.1258,2.5892,0.8444,-4.7651,9.9703,0.0141,-0.0432
2026-08-01T13:23:15.782644+00:00,experiment_2_laptop,natural_stretch_and_drink_2_laptop,458,42.6032,1,-7.9803,9.1344,3.6377,0.9646,-4.3426,10.0991,0.0161,-0.0606
2026-08-01T13:23:15.782644+00:00,experiment_2_laptop,natural_stretch_and_drink_2_laptop,459,42.6968,1,-8.1650,9.3594,2.9991,0.8809,-5.1659,10.2403,0.0147,-0.0500
2026-08-01T13:23:15.782644+00:00,experiment_2_laptop,natural_stretch_and_drink_2_laptop,460,42.7908,1,-7.4162,9.2403,2.6175,1.2098,-4.7987,10.4501,0.0202,-0.0436
2026-08-01T13:23:15.782644+00:00,experiment_2_laptop,natural_stretch_and_drink_2_laptop,461,42.8852,1,-7.4052,9.1820,3.2248,0.6041,-4.1804,9.7862,0.0101,-0.0537
2026-08-01T13:23:15.782644+00:00,experiment_2_laptop,natural_stretch_and_drink_2_laptop,462,42.9765,1,-8.7869,9.3433,3.9057,1.5471,-4.8812,10.8905,0.0258,-0.0651
2026-08-01T13:23:15.782644+00:00,experiment_2_laptop,natural_stretch_and_drink_2_laptop,463,43.0692,1,-7.2131,9.5269,3.9116,0.7625,-3.3015,10.2894,0.0127,-0.0652
2026-08-01T13:23:15.782644+00:00,experiment_2_laptop,natural_stretch_and_drink_2_laptop,464,43.1687,1,-7.7387,9.1114,3.6939,1.9642,-4.0447,11.0756,0.0327,-0.0616
2026-08-01T13:23:15.782644+00:00,experiment_2_laptop,natural_stretch_and_drink_2_laptop,465,43.2544,1,-7.9458,9.6458,3.7707,1.1862,-4.1752,10.8320,0.0198,-0.0628
2026-08-01T13:23:15.782644+00:00,experiment_2_laptop,natural_stretch_and_drink_2_laptop,466,43.3554,1,-8.5330,9.3817,4.2033,2.0849,-4.3297,11.4666,0.0347,-0.0701
2026-08-01T13:23:15.782644+00:00,experiment_2_laptop,natural_stretch_and_drink_2_laptop,467,43.4424,1,-7.1779,8.9966,3.9947,1.5951,-3.1832,10.5917,0.0266,-0.0666
2026-08-01T13:23:15.782644+00:00,experiment_2_laptop,natural_stretch_and_drink_2_laptop,468,43.5367,1,-7.7870,9.2001,3.2861,1.5396,-4.5008,10.7397,0.0257,-0.0548
2026-08-01T13:23:15.782644+00:00,experiment_2_laptop,natural_stretch_and_drink_2_laptop,469,43.6281,1,-8.1263,9.2859,3.6542,1.8057,-4.4722,11.0916,0.0301,-0.0609
2026-08-01T13:23:15.782644+00:00,experiment_2_laptop,natural_stretch_and_drink_2_laptop,470,43.7205,1,-7.1215,9.2197,2.8272,1.5025,-4.2944,10.7222,0.0250,-0.0471
2026-08-01T13:23:15.782644+00:00,experiment_2_laptop,natural_stretch_and_drink_2_laptop,471,43.8141,1,-7.9252,9.1156,3.2778,1.3359,-4.6473,10.4515,0.0223,-0.0546
2026-08-01T13:23:15.782644+00:00,experiment_2_laptop,natural_stretch_and_drink_2_laptop,472,43.9057,1,-7.3418,9.0134,3.9598,1.4001,-3.3820,10.4135,0.0233,-0.0660
2026-08-01T13:23:15.782644+00:00,experiment_2_laptop,natural_stretch_and_drink_2_laptop,473,43.9982,1,-7.6048,8.9525,4.0355,1.5533,-3.5692,10.5058,0.0259,-0.0673
2026-08-01T13:23:15.782644+00:00,experiment_2_laptop,natural_stretch_and_drink_2_laptop,474,44.0898,1,-7.2284,8.8946,4.4118,1.2978,-2.8166,10.1924,0.0216,-0.0735
2026-08-01T13:23:15.782644+00:00,experiment_2_laptop,natural_stretch_and_drink_2_laptop,475,44.1831,1,-7.9818,9.1286,3.4437,1.3413,-4.5381,10.4699,0.0224,-0.0574
2026-08-01T13:23:15.782644+00:00,experiment_2_laptop,natural_stretch_and_drink_2_laptop,476,44.2792,1,-7.3145,8.7877,4.9931,1.3739,-2.3215,10.1616,0.0229,-0.0832
2026-08-01T13:23:15.782644+00:00,experiment_2_laptop,natural_stretch_and_drink_2_laptop,477,44.3723,1,-7.0789,8.7519,3.3051,1.2920,-3.7738,10.0439,0.0215,-0.0551
2026-08-01T13:23:15.782644+00:00,experiment_2_laptop,natural_stretch_and_drink_2_laptop,478,44.4698,1,-8.1023,9.1322,3.7588,1.6664,-4.3435,10.7986,0.0278,-0.0626
2026-08-01T13:23:15.782644+00:00,experiment_2_laptop,natural_stretch_and_drink_2_laptop,479,44.5589,1,-7.0595,8.9541,4.3338,1.7276,-2.7257,10.6817,0.0288,-0.0722
2026-08-01T13:23:15.782644+00:00,experiment_2_laptop,natural_stretch_and_drink_2_laptop,480,44.6498,1,-7.5386,8.9145,3.5546,0.9976,-3.9839,9.9121,0.0166,-0.0592
2026-08-01T13:23:15.782644+00:00,experiment_2_laptop,natural_stretch_and_drink_2_laptop,481,44.7447,1,-7.8584,9.1339,3.5362,2.1493,-4.3223,11.2832,0.0358,-0.0589
2026-08-01T13:23:15.782644+00:00,experiment_2_laptop,natural_stretch_and_drink_2_laptop,482,44.8373,1,-7.6574,8.9516,4.1679,1.1611,-3.4895,10.1127,0.0194,-0.0695
2026-08-01T13:23:15.782644+00:00,experiment_2_laptop,natural_stretch_and_drink_2_laptop,483,44.9289,1,-7.5754,9.1593,3.6175,1.3060,-3.9579,10.4653,0.0218,-0.0603
2026-08-01T13:23:15.782644+00:00,experiment_2_laptop,natural_stretch_and_drink_2_laptop,484,45.0235,1,-7.7306,9.1324,3.9391,1.7483,-3.7915,10.8808,0.0291,-0.0657
